11474
9988
10590
8711
15647
7395
8575
2671
5913
7520
3749
7023
7649
7458
8373
3800
5800
5458
9122
8099
7890
1971
8109
9568
3229
10716
5904
5852
11312
14302
5711
5582
8020
8993
8332
8773
6210
6880
5689
7315
7331
3236
3457
6203
6236
4578
4096
8377
13255
5708
6017
4023
7170
6064
5302
5705
12842
10789
9756
7190
7583
11420
9432
6752
7370
3927
5786
4824
9232
6771
6099
8077
4253
9114
9290
8114
6208
9233
5604
3245
9779
7810
6226
7876
2981
7216
3120
8180
5732
6256
4113
5967
9820
9558
8439
7671
6940
8073
6646
6356
2829
13586
5566
5603
7748
8957
4972
5112
10388
6085
5464
9928
8573
6562
5245
10477
7616
6932
6891
5853
5217
9655
4059
7332
5244
6374
6137
9335
6724
9667
7776
7322
6020
7839
6081
7068
5814
9489
7042
8661
16355
5992
6764
5755
6399
7290
8655
7203
2373
9936
9257
6836
5612
3501
7230
8355
11284
9254
6042
14166
7336
3536
6211
8174
9409
9254
2297
8328
7249
7283
8629
7421
6300
6527
6421
6662
8843
6898
5708
8000
8163
7961
6469
5967
7237
7375
7876
5313
4344
6920
7572
4232
10479
13372
6956
10362
8876
9733
5721
7862
7236
8696
7426
4609
6374
13115
10181
7857
6501
7928
7938
8633
7051
4294
1508
13294
9008
5125
5057
5398
6327
11454
6825
7585
14096
6412
9048
8176
8064
6751
4043
16943
5705
8044
7852
6025
5450
7008
8478
7687
7978
13053
4754
6243
4840
8239
5323
8778
9993
5849
7867
7222
11878
5810
6077
9029
8018
8154
6245
8688
8458
8627
3587
10906
8573
9166
11389
4576
4905
8534
5992
9498
9294
9384
7602
8858
5529
12373
7007
6848
7242
4368
9141
6122
5393
10461
6612
6580
2693
16378
7017
13364
5768
8966
7320
6742
7727
8798
5695
9506
4101
6140
8500
5718
4358
11267
6673
5603
5252
6058
7448
6120
7763
7242
4215
2064
5875
3222
9544
7850
4570
4756
7501
4506
4222
8435
8429
3217
9703
8677
9308
8831
4124
5194
11604
7799
5801
8869
5665
12850
7671
7689
9030
7460
8485
9331
5840
6922
6533
8488
6163
7825
6160
7921
8316
5378
17555
9442
11930
7047
8129
4043
8085
8192
7214
9330
6417
8966
4897
6163
9932
4128
5461
3868
7243
9231
9806
6359
6164
9887
7715
3601
8471
8351
5980
6523
9014
5913
6755
7980
6991
7855
6612
9913
7678
6339
7791
4774
8113
6140
6433
4926
10698
11867
8779
8233
5673
6344
5939
6648
12376
5679
14418
11151
8449
6026
9487
5473
5133
6941
10824
3433
11641
9245
7893
10383
19125
9824
6653
9537
7662
7027
8301
7916
7681
3190
3178
6510
4129
12628
8720
3144
12240
8269
5664
6274
5605
5636
10117
15762
8590
7732
5621
6701
7504
6277
6623
14866
10376
10722
8527
6385
7503
8216
8352
8676
9858
8016
4070
8773
8236
5923
5607
8597
4503
7923
5388
7616
16450
5928
5511
8539
7009
5733
5920
16238
7820
7302
11841
8196
8477
6277
7828
2856
9916
4133
3562
10804
12623
5700
8769
6668
5766
8440
5742
6419
8559
4887
6119
8618
2821
5530
5635
10584
5705
6828
10472
8778
5042
8685
7056
5378
4653
6414
2779
9071
7375
6549
5846
8606
9344
7821
2967
15560
6530
6188
9066
4572
6441
7368
11970
5129
6096
4848
6942
6322
7384
6711
8687
8176
7745
9279
5332
3271
2727
5432
7875
6447
9613
10087
5233
12477
4304
8310
8681
7444
14506
2429
7575
10723
7178
8323
3801
10308
7646
6897
5903
5802
7858
6389
6702
7937
4253
5471
8870
11431
9004
6793
7197
12385
5937
5735
14527
3929
11182
6033
6216
9472
5360
8629
6931
16356
5762
13025
7406
8389
5399
565
7213
13229
8631
8723
9233
8732
13993
13637
10921
3484
9734
6453
5098
6380
4896
10323
6925
3567
13326
2493
3422
6321
6751
7839
8598
4380
5620
10308
7475
8057
6984
10799
5625
5643
3549
9609
3220
4574
12600
6299
8750
5634
5694
9333
6747
7386
9178
8214
8394
7388
10153
7647
5078
12562
6505
9473
8489
6327
11743
3290
5899
5906
8285
4909
8796
10087
8430
9206
9701
7019
5451
9503
6579
7505
9321
4088
9793
2514
9280
7203
8583
12836
16526
7059
5519
7375
7642
13844
2480
9958
2880
8906
9138
5176
3267
8927
12634
7863
6929
7231
6848
9801
6127
3667
7303
3552
10388
8765
10620
6567
3513
8353
4794
8205
8196
12656
5582
3021
12549
5927
7466
5771
5661
9388
11589
5864
6875
4640
8352
4057
6145
6020
8942
4655
5105
8696
8396
8436
12077
5656
3761
6382
4311
6620
6354
5834
4333
6967
3709
10307
5182
7881
6279
9314
8698
4852
9285
7238
5907
7580
8324
10104
7224
9699
6421
1119
8036
4453
6347
7979
2605
2855
9074
7908
8168
9480
6007
7614
8894
9922
6974
6345
6621
5292
4751
4221
7506
7213
9286
7711
14793
6020
8315
12371
4857
7778
8093
7203
6421
7208
9849
6591
6822
6321
7708
9761
9414
3046
12407
6484
6612
5619
5723
4060
8716
5207
3828
5848
8278
7455
7683
5476
2931
5192
7538
4921
7486
9669
6952
5623
3598
6441
7442
10296
4201
7229
6095
8729
9749
19293
7746
7457
6076
9350
8688
7268
6847
943
8661
8574
6188
5930
7044
11765
8494
9365
7044
3628
5982
11211
11733
7372
8263
7467
7587
15062
8541
4736
3552
6405
5885
7928
5259
7751
7123
2279
4667
8036
8942
8336
15121
6748
9264
5599
5388
3817
5881
3377
10183
7739
8974
10865
6984
5877
10273
9611
8573
4148
3371
8045
6427
6015
6329
4061
8678
6003
6820
4497
6817
8491
14415
12243
6295
2145
5883
9518
4021
3598
8939
11025
13584
9991
7335
6076
3610
9470
12712
8023
10948
6399
7216
7717
4460
9146
4718
5858
6163
5401
2290
6003
6167
7672
5593
7758
5223
8215
3024
8732
6247
5011
10713
7018
9133
8718
11594
5530
9458
13765
6227
6676
8568
11878
6769
5898
9056
11218
10926
5482
6013
7168
4596
16195
7779
8028
4721
6560
4682
5447
9399
5253
10133
6859
8550
13170
14609
6695
8947
5653
7192
6518
8017
5124
6926
5995
4520
13075
9146
5756
10288
6704
7325
6289
5904
10419
5172
10400
11841
10935
8444
9767
5356
7466
6299
6664
8111
4458
7019
9449
7026
5798
9844
14662
12250
7329
5863
4722
9882
7092
5468
5866
9016
14604
4542
4592
10602
2256
8413
5184
6885
5563
6184
5490
10524
13450
3608
6336
11172
8809
4264
3927
7320
5908
9256
5915
10234
8012
3337
16494
5260
5513
10631
13786
5573
9132
7289
5967
5478
5777
3471
10842
6409
4091
7700
6188
9487
5829
5141
9103
6230
8063
5620
8435
6178
7674
8565
9402
8434
6373
4250
10051
7193
7092
6234
8385
8298
7053
7944
6175
6320
6538
10929
5543
7359
7246
10224
7423
7994
4852
9801
5033
9003
5292
8674
9542
8866
5691
10536
5771
8085
5683
4286
6681
5809
3147
8612
7703
11834
5473
4065
9140
9389
9718
6047
9141
1465
8905
8968
8634
8639
9007
5510
5530
6007
7772
7530
6704
5374
13828
6563
16667
5011
9165
7856
4580
8242
8390
7012
6816
6737
7373
6132
6536
7563
5713
5721
5514
6593
6641
8035
8430
6475
8202
10121
5522
5858
6788
5153
9335
4573
4531
4112
9108
7935
4869
4904
5769
6510
8027
4320
4909
4159
6538
8869
5873
5838
9506
8856
8781
9267
7758
8579
7001
9947
7821
4550
8389
8782
7215
9430
9711
5075
6003
4076
5611
7285
9270
9876
10720
8680
4321
2150
9209
6433
6414
7569
7450
17038
7583
7864
4243
8747
15635
6115
8671
9592
4847
5638
10224
9285
6326
11449
9345
7364
9204
7375
9567
8195
6242
6637
4448
13520
10068
5992
8422
9994
11249
6275
6537
8858
6274
10509
8054
5249
7834
4908
8694
9085
3828
6511
12390
7589
6331
7688
4579
8441
11702
4970
9866
10553
7923
7226
10899
7440
6315
3157
6495
6552
4521
4037
5595
3739
7850
6219
15216
5398
7406
3815
7011
6680
4876
7019
7178
4771
9372
6033
7100
6615
11640
13052
6063
8709
5685
7474
5891
3320
4548
6630
5556
6325
5573
5696
2735
3471
6434
5673
6478
8806
5890
11233
13586
6803
7912
6559
10479
9080
7862
11118
6889
12615
10354
9102
6170
7391
11699
3485
11754
9857
5604
16141
6236
9322
12180
4431
7371
7761
18857
5699
5699
5712
6153
9299
7081
9388
9309
6415
26842
6680
6595
7337
10009
8244
6767
5379
7363
9210
8328
8312
5596
8780
6491
9471
5611
7502
9526
8143
7215
7748
6522
8121
4378
3929
11813
7679
7621
4167
4524
6011
6739
9354
3935
5395
6691
5033
4807
8207
7644
12523
12314
4922
5314
6161
10540
8479
5452
10413
10386
11281
8239
7532
9400
13152
5865
7767
3879
6198
6246
6188
12967
7865
13129
7046
5234
7588
14084
7650
5008
5472
3645
7851
4752
4378
8790
5451
5065
8708
6201
5752
8417
6531
9948
9254
5437
5262
8043
8082
4056
4602
6855
5623
5271
6527
18818
8088
5794
11806
6282
8263
6321
7847
3970
5630
5524
9581
9271
6508
5678
3329
7406
6358
2235
12980
13645
9219
5351
5268
6365
6377
5943
7040
15880
4749
8257
4676
6453
19296
9639
5055
9504
5850
8670
8098
15770
10361
6407
6214
9234
6950
5670
8636
6240
9222
12630
9613
8149
6043
5512
6157
8020
10417
11028
5741
14524
5789
6769
10048
9407
3588
8538
9350
9128
6815
5671
11175
11747
3893
10695
9260
7249
3436
6896
11316
6902
5923
9689
7650
8859
4217
4774
6515
16792
6505
12436
7280
7393
6511
6637
2661
7160
4779
5493
6812
5596
8838
10013
1168
7761
7438
6363
2214
11739
7951
8460
6723
4623
5489
6468
6126
7340
4837
9484
8282
9688
2364
5596
5707
5716
10071
7581
5891
12705
10236
7196
5889
7479
9700
7813
6202
6839
9027
12961
15231
2559
7220
5663
9450
13378
8917
6672
9155
6522
6765
11052
8303
5399
2334
12053
6162
6294
6721
5616
9315
7023
11223
9260
6407
5650
10011
8681
9361
7977
5756
5984
2416
4447
6205
7531
7526
6346
5689
5751
4944
8540
3359
12875
9863
9954
7338
8931
6627
4666
8327
5735
6711
8058
15333
11394
8927
8413
6638
8097
9440
9009
5131
2703
7776
9309
6401
3553
8349
5903
6857
6090
14764
5756
5943
19518
11937
6601
5512
6668
9388
6465
7492
8342
7166
5957
8647
4161
15082
8045
7711
11777
5725
8385
5887
6633
9105
6061
7585
3281
12362
7334
10609
1909
8486
5297
8086
7622
6122
6592
9145
6115
3351
9768
6496
5732
7195
9373
8468
3734
3149
7078
3056
12863
4830
7749
5888
5859
6021
14689
8776
11987
5476
6618
4543
8305
4767
7611
6348
4445
4733
4641
8757
10328
4499
8350
3590
7780
5132
10512
7394
4559
7811
6748
4814
5437
5786
6496
9591
8004
7259
4723
6374
3553
12712
3751
6414
6462
6043
7595
5512
9582
7931
11525
3770
8400
4906
6619
8110
12584
2139
14701
10727
12739
5576
10779
6668
4805
6656
6547
9925
6146
6238
5265
6651
9987
4623
8435
7468
6453
6424
5830
9653
2111
8847
9903
5466
5085
4677
14216
6305
3600
6946
6729
6976
7086
9345
9810
9033
8052
6911
6061
14326
5153
7847
7584
6548
7249
8992
8212
8456
7929
3453
17596
5863
9022
5834
10354
7362
8451
8518
7251
7520
4884
8390
3590
12260
11710
5734
9685
11136
8780
8078
11097
8977
6884
6864
13560
8432
8347
11012
16553
16615
6845
7476
5547
3806
11145
4623
7463
5847
9036
6158
2540
13681
13596
4450
4933
5572
7086
10535
6851
7448
7729
4275
8148
6416
11505
6444
3519
5900
7494
8335
3350
14743
6127
5946
6216
9067
7888
8551
10447
11749
5007
6182
4911
13282
4981
8326
12400
6661
7436
6461
6993
8412
8107
10522
5912
11057
8644
6815
9862
6988
10675
12461
8783
1362
6207
3706
6933
3472
7697
6020
6933
9366
7917
2061
7916
6211
11458
4236
5699
8392
9048
5852
3654
10383
6183
8467
3149
11692
7769
7067
6603
9230
6783
5581
4704
7376
6068
5713
6834
5289
9111
10851
6355
6496
18419
15712
12860
4562
8260
5688
5899
4167
5950
6516
5002
8338
7606
8893
5073
6271
11750
8339
9737
8615
6912
1832
13157
3970
7061
8049
7707
6968
5955
6188
8393
7600
6599
4279
4273
7601
8960
8702
7934
6168
4471
7465
6034
8517
16234
8873
11059
8509
6681
9187
12742
7470
5151
4052
6155
10655
6266
5504
4922
10434
6657
8550
5819
12654
7312
5471
12765
12441
9392
6272
10512
8308
6806
7742
13372
6209
6925
4892
7427
5811
6556
4831
8656
10271
9998
7801
9539
9709
9167
7179
7053
9545
5384
5436
12926
3747
14271
5746
9219
9542
6353
5685
5351
3494
8587
8800
3803
9057
9530
9634
5275
8469
5769
3543
8602
6907
8670
11788
5739
17992
6461
7096
8791
5767
6239
4576
12307
3593
9338
7811
6489
9181
7504
13128
7992
9074
6213
8275
8302
5946
8542
5815
9460
11212
9296
5738
9203
10254
6761
11332
15054
11192
7968
6007
5552
8057
8188
3542
8316
1739
6742
9011
5718
10304
9228
11184
5875
5685
5871
8322
8227
7942
5258
12253
7682
2282
7458
8600
5767
9149
7046
11620
8316
9202
8510
5222
10659
2393
12313
8503
9835
6431
6820
5262
12711
3540
8495
6982
14335
7963
7454
5419
11665
3539
4091
4743
3184
11806
10161
6548
8004
5454
3938
4794
6378
7449
4782
9353
5999
16530
7693
6249
10679
6573
9994
10930
5933
7193
6311
6612
7412
3728
15778
10255
5857
6675
6700
6900
7977
7771
10185
5556
8333
10654
7303
9756
7977
6835
9256
11083
10869
3164
9075
3023
6888
2938
7803
7825
12681
5641
3524
2487
11441
6395
6980
9111
8187
12758
9320
5814
6850
4576
7967
8795
8452
6844
7469
5792
4976
4686
6247
7178
10937
7087
7787
9124
7829
9358
6558
8422
2767
8743
9955
6900
6595
4523
6744
7946
8345
8000
9482
3195
12569
12049
7216
5968
6107
8163
9837
16611
4978
5642
7224
6306
10455
10288
8481
12687
5962
6922
5518
6286
9302
14160
8602
10269
9612
8364
6303
7044
7442
6484
10335
7389
9774
5967
11185
8043
9023
5349
8590
14126
5547
7929
6340
9518
6152
3192
6357
7372
6079
7318
3413
6375
14990
9842
6131
6154
6906
8999
8248
8068
9448
6298
3068
6384
5180
6855
4804
5109
6193
4837
9217
4109
7971
5532
6850
9942
13371
8146
10322
7158
4593
5329
7738
4466
7759
8330
6485
8003
5965
7465
7597
6528
10318
9640
7629
9641
9675
5746
10647
4920
10687
7920
8389
7536
8486
7056
15596
5853
4086
6732
3087
8468
10385
7250
3795
6266
18904
17709
6499
7791
12385
7352
5706
4898
6722
6475
6934
4075
8202
9358
8148
5786
8250
6206
12713
7270
14030
5806
9512
3538
7573
7790
4345
6501
6453
13017
6742
6693
7820
5273
7629
7506
4266
9634
3735
14097
6864
10714
7475
7372
5939
4660
13521
4574
6245
10466
8662
6977
7511
4369
12348
7372
4850
6437
10063
8496
5134
4468
9754
5860
8577
6453
7320
5866
4016
7670
9826
9148
5453
10713
4733
7032
10829
20096
8926
6279
8786
7783
7289
6537
7816
8553
5835
8295
6408
9487
5930
10352
6899
5651
11142
4784
5566
5801
6940
7824
14164
5196
6107
6472
6929
6984
7871
7280
5369
12679
8304
8420
8828
5307
7859
15274
5391
10804
8010
6666
6525
7690
4701
5487
9884
14888
11305
8542
7013
6361
9042
5968
9409
11199
7370
6096
7467
6416
6323
5973
9333
9176
4708
6057
9030
5944
6523
7376
6679
10915
14346
9584
2087
8749
10363
2727
8520
9420
7356
8996
4447
6625
3537
4752
8251
5842
9399
15011
6233
5712
18242
4917
9140
6349
6449
14966
9949
9614
7604
6754
7858
9693
12886
11191
7599
5676
5406
5530
6723
5616
9481
5383
4530
5854
3225
7481
8152
9297
6135
10926
12346
10415
6050
6089
8976
9139
5368
2177
5344
9447
5632
5441
6144
7527
7503
6262
8080
11149
10571
7537
5727
15075
11501
5556
11279
20560
5967
2314
14742
7662
10368
8380
6588
11597
7388
6531
4998
4061
8536
7251
6076
9174
9848
5663
13488
2683
7206
9476
7483
7297
7594
7585
6884
3966
14138
4445
6571
7585
6700
4984
12843
4792
6063
8590
5037
5718
4329
5728
6881
10757
4117
8213
5562
7276
10996
8503
14689
7438
8797
6902
21637
3139
7860
4099
11103
5666
2552
7169
5799
8413
2977
10356
5264
6029
3555
11101
3440
8521
13745
10134
6664
10635
4753
3172
5880
7224
8721
6421
3159
5942
8868
5690
6313
14666
3908
5847
9552
6711
8372
5997
5725
5170
6501
8043
9334
6297
4726
5552
5011
7323
13352
5840
6198
10533
6959
16105
5753
5654
8034
6095
5551
6141
17469
8523
5579
4946
5582
8443
9137
12913
5777
11305
8202
2995
6811
7045
9396
7129
2251
3608
6868
6763
7745
12913
4789
7622
9340
8847
4270
5155
7692
7751
10017
9731
6004
6690
8562
6760
4224
7896
9122
6813
4598
4591
5831
6698
5865
8935
5682
7516
9915
9389
7789
15470
8090
5951
9580
7032
4508
9567
7340
4940
7960
5673
3338
7236
8906
7175
7484
4575
7216
6115
8414
4382
6321
3594
11041
8844
9162
7711
6737
8487
6952
8829
5121
5834
2614
6612
6479
19156
6430
5800
7226
8675
6751
15980
9736
5640
10256
5636
7643
13286
1583
9111
15474
9063
8087
6303
5829
8297
5013
8604
4973
8963
9373
2420
8276
6735
4037
6576
4849
9617
7618
4190
7560
4889
9228
2761
3847
10096
8075
5463
2832
14001
7691
7450
11448
5918
14073
9083
7257
15230
5216
7976
6116
3981
6322
9410
8800
10294
5742
5028
7282
3604
7360
4932
4336
5399
7857
4627
569
7107
8534
6184
7179
12232
9863
2556
5119
9415
9813
12475
5742
7792
5548
6346
6322
6159
7036
3282
1269
6825
5794
8263
4800
8985
7126
7798
8455
6177
2787
6042
5790
3601
2394
6851
5332
7188
8865
6383
5286
5531
12854
6510
5483
9238
6960
6787
9324
4584
4253
6775
4402
9038
3452
2576
6234
7215
5677
10871
6707
9416
7518
5506
6102
5819
6625
6873
8187
7501
7663
5559
11247
9900
12633
6976
4750
7694
5822
6864
7511
9777
12348
9053
9654
11245
4819
6537
5719
8835
5958
3370
5540
12853
5880
4979
10945
6343
10221
5840
4191
7421
5694
10548
6176
6277
7928
6941
7802
14884
6889
5290
8636
5722
2867
7557
9194
6263
3854
9762
5519
9397
1934
4759
6973
5307
4454
8349
5864
6968
7013
3794
6307
12313
6098
6008
11138
17677
12644
6154
6414
4667
9414
8005
10030
5698
5058
7134
7815
8376
7051
5847
6248
5167
5903
5359
3463
5283
10833
6577
7737
6226
5707
5640
2658
10721
6991
8410
7082
8191
2843
7447
8522
10227
6033
8629
6000
7443
4296
15323
11672
4336
5542
6838
9537
7691
17709
5653
6339
3622
8126
10014
8219
8278
3172
9939
8728
7347
3498
6684
5848
5701
6513
13044
6255
8859
8983
8571
5960
8507
6396
5011
2485
8779
9163
6067
7310
3865
3722
7883
5509
8516
5500
9654
10855
4821
7557
9447
10041
11831
8056
7612
8091
7730
6308
8467
6948
7433
5613
8323
5097
11019
12394
6098
6201
8585
7800
6466
10438
5482
7440
9226
4656
9015
3513
10619
8805
6613
4649
7011
8254
5899
6601
6005
3181
8353
7748
2563
9027
4945
5434
7055
7361
5980
20134
9157
9036
5093
9649
4620
1652
1745
1745
2411
1768
1577
1129
918
1390
31
78
4369
4272
802
1584
694
69
1023
4272
78
31
31
683
1317
854
701
1543
2682
1704
3043
490
2554
2121
4282
2799
2560
955
2003
2398
2554
2293
1214
3040
962
662
7319
971
1750
2741
1979
2373
2276
2704
2104
1616
95
3532
2259
2111
1062
1178
1199
988
1067
1700
3539
2021
2137
771
2790
1036
2262
2379
2306
2258
2387
2127
2380
3054
2960
2503
2684
2530
3211
5325
3759
1946
1239
2135
2608
2510
1832
1841
1698
1918
1570
1104
2483
2192
2923
4402
2272
2005
1987
1996
2728
781
990
909
4362
2868
5269
3115
3129
3839
1747
1594
732
1456
1475
2141
2536
3859
2432
1939
2667
1170
2611
2467
2329
2616
1302
2970
1048
3243
3201
3231
3026
3048
2930
2890
2308
585
1239
1306
905
2053
1877
2450
2449
2402
2429
2190
2497
335
5141
6420
6002
5915
906
1777
887
704
734
657
1808
2149
1731
3841
1430
3228
3152
3646
3127
921
1101
1118
958
2097
2755
4710
2145
1954
1925
2324
2112
2009
1859
2089
2347
2216
2266
728
1943
5706
1641
2248
1345
3093
3203
2072
2012
4834
4854
5564
2241
2642
1305
2368
2209
2303
1704
1561
4460
2709
2763
2677
2571
2902
1420
2222
8659
8716
8662
8719
2902
2209
2217
6472
7432
2425
2041
1698
2845
1904
2822
2728
3322
2174
545
2648
6458
2208
679
3049
3027
3077
3164
1660
1950
1055
3242
2074
2070
2922
4625
847
5002
4370
3630
2596
2388
3171
3129
3557
3426
6343
7735
9646
3491
2084
2067
1293
3963
1412
4813
4920
1248
2710
2632
1413
1429
1624
1804
1877
1802
1200
4259
3530
1883
1066
1559
1448
1313
1615
1504
1480
1642
894
3694
4698
4715
4643
4783
4761
5221
4528
1548
2832
2698
1936
1293
2364
2337
2483
6318
4486
3669
1363
1270
2052
3293
3137
722
8441
5158
5417
2204
1523
6202
6278
1647
569
633
1883
902
842
1476
960
2323
3128
2156
2400
1756
6306
8192
8007
584
2710
2267
1812
1801
1753
1334
2436
1279
1153
2913
2396
9113
2961
1460
1536
3848
3735
649
5410
1822
951
5482
2235
5191
5161
2995
2961
1405
1345
1500
3780
654
5515
5902
1035
2038
7662
10579
10667
8667
8745
8625
8703
1936
1940
1235
1467
1400
1427
935
2036
3391
309
1132
1924
7931
4405
2267
2262
2238
4216
2443
720
2190
874
828
1273
2805
2730
4020
8724
2237
3653
5213
2837
1534
2933
3319
2947
2822
1547
1118
1830
1773
3728
1279
1258
1182
1161
1126
726
2663
1738
7188
7105
1411
5643
852
697
2339
2534
3003
4676
1588
3684
2359
2151
3674
3574
16326
16251
13946
4062
152
1368
1805
1222
252
1574
3832
1018
1783
1606
1839
1642
1840
1517
1841
1720
1734
1855
1446
1720
1841
1863
1584
1844
1511
1863
1906
2804
2810
2628
2634
2700
7456
7955
2129
6272
4052
6021
3842
3643
3653
3393
4528
6978
2015
1911
1984
1879
2193
5090
3105
3506
2672
1378
1239
2419
899
753
919
922
4316
1987
1537
2045
1798
2314
6023
5838
2927
2196
1462
1759
2770
3070
1518
3493
3349
2046
1521
2792
2779
2732
12227
2749
29
917
2892
2877
2904
2907
2415
3059
2535
2532
2535
2591
2128
1700
3946
2008
3029
1559
2474
3055
2975
2963
3583
3580
3650
3633
2014
2079
1342
2003
574
1122
5368
2415
1160
1512
2663
3026
2696
2173
2746
1912
2029
596
1748
2736
2413
2015
4170
359
6656
6137
2424
1100
1097
1081
1224
3996
3981
3694
1639
1143
4362
1625
3847
3186
2265
2346
3950
4091
4493
4260
4245
4599
3481
2261
1859
1943
1884
1111
5055
2259
2253
2521
2368
3381
5835
3402
941
3481
3477
15880
3162
3124
2172
5751
2675
4237
4234
4234
4171
2272
1241
1362
1257
1884
1642
2254
1611
1740
1575
1629
2093
2298
2589
2054
2021
1983
2232
2973
2401
2281
1045
1249
6506
487
922
999
2793
2581
1893
2621
2971
3743
2908
2467
1607
2350
2456
2581
957
1078
2659
1658
2126
1812
1671
3776
3773
3705
3063
4317
3921
1860
2544
2537
927
5850
6175
6193
6283
1836
2088
5087
5241
5096
5136
2326
2437
2057
105
3765
4294
2595
2557
3348
3300
3333
3494
489
3639
4462
4306
2089
2126
2411
4012
987
3586
14287
1001
905
1100
1036
1512
2293
2167
3903
8992
8704
2160
1844
4996
1097
1049
1190
1311
1167
1043
4868
4865
3565
510
3035
3107
8487
3921
3874
2834
1637
2740
2731
2565
4314
4492
887
2815
1586
2552
2791
4129
1768
697
2041
5192
2178
1547
1287
1779
1625
607
604
594
1975
4942
1074
1620
1686
1728
1622
1590
1631
1553
1566
1676
1824
1244
1607
2160
2054
2077
1774
2412
2239
2686
4859
5799
3940
5094
2798
4461
4548
4417
4424
686
30
2799
2699
2512
2497
2827
2683
2803
944
1653
1732
5425
2736
1697
3953
3933
2835
4434
2519
4269
4339
2871
1777
1651
1982
1464
2832
2758
2928
2544
2415
2278
1617
1483
1222
1164
1872
3936
2933
3201
1620
2004
1895
2102
2056
2260
2538
2061
3022
1777
1712
1524
1503
1500
3579
3637
4012
2473
2326
1764
4329
1523
647
2534
2555
2581
1077
3930
3935
2385
1114
1642
1851
1394
1366
1604
1846
1828
504
2390
834
1710
1653
3497
4013
3297
3294
3317
3177
655
1967
2057
3199
3112
5494
7934
8585
4127
5011
1520
2364
2715
3135
1315
1510
2128
1270
1327
1498
1785
1948
3170
4571
2545
4800
3207
3395
1613
1701
1766
1616
1898
1934
3644
4328
1525
1030
997
1538
2108
1566
4270
2013
1424
2358
2483
2424
2440
860
836
848
3355
3457
3370
3268
3078
2336
2691
2590
166
1646
1235
2719
1522
1720
1593
1872
2158
2045
1783
1825
1796
1922
1762
1884
601
525
1909
3484
1868
1549
3355
6210
6326
6193
1896
2716
2712
2573
1480
2490
2532
2439
2014
1866
737
1078
1779
1639
1902
1366
80
130
132
134
1081
1111
1019
1448
1111
1927
1960
1930
3059
3050
3243
1774
6369
6193
6064
6152
2400
6327
2608
2461
2529
2434
2307
2633
2536
1872
5593
5581
5563
2241
1516
3828
1295
2050
2240
6393
5121
4400
4491
5385
5379
5307
5511
75
569
2493
1622
1602
1672
1651
1097
1996
2198
2052
420
1190
2741
2066
2235
1583
1688
1769
2968
1132
1595
1610
2922
4860
5584
3482
2091
5414
5411
2936
2586
2400
3888
1976
3841
2419
2645
1691
2158
1952
1416
2684
2280
1819
1577
7370
7348
4795
5011
1445
877
2053
1349
1530
1389
1080
1918
1483
1410
2713
954
2116
2099
2189
2004
2091
2397
1545
2093
1313
2965
2856
4617
4508
8595
4016
1834
7332
331
713
660
7941
7938
3493
5412
5327
2245
2639
3117
4340
1483
1486
4297
4093
1642
2657
831
1405
993
834
933
2601
1679
3606
961
875
2181
1966
4818
1850
1676
2015
5848
1198
1161
1360
3840
3106
1023
2566
2638
3873
3789
1069
4216
2343
13688
13108
4379
2342
676
1363
1993
3002
1281
2840
1150
2217
1761
3678
1620
2575
3586
3166
846
2461
5142
2736
2665
2759
4098
4169
4217
4287
2666
2669
887
3071
6993
6238
1323
2935
4811
1843
3431
3703
3363
5666
1840
845
2934
4377
4758
7334
7476
3778
1726
1315
3555
3297
1508
1731
1690
1593
4443
4298
1260
1536
3319
3220
3205
2640
1800
4429
4561
1996
973
1054
3846
3624
3609
4831
850
1484
1454
772
965
1537
2010
2583
3003
3084
2909
9219
3069
2714
2457
2738
2147
2175
2117
672
2468
2648
2401
2984
2407
1741
2448
2347
821
2301
2398
1336
2652
2258
2066
2581
2858
2399
1836
2231
1318
7972
3905
4454
3846
2834
1563
1702
1698
1526
2049
2918
2928
1432
2161
2090
2312
1837
680
2724
510
467
11603
5408
8916
2381
2288
2841
2712
5622
2240
2636
3204
3117
137
4113
1107
4252
1300
1292
4671
1105
1240
1767
3773
1560
1824
1882
1532
1645
1641
1791
1649
1645
1484
1066
1880
1740
1736
1597
1623
3258
3622
2038
2161
2200
1768
1061
2755
2778
2773
2504
6249
5984
741
1559
3153
2831
3064
2574
2470
1976
2343
1993
2158
2201
2376
3028
2195
2095
7229
7149
2144
2222
2084
2352
2362
1915
2158
64
88
2335
2173
1290
3195
2817
1947
1837
3285
3230
3249
3322
3113
3042
1226
1156
1005
1240
8003
8871
8788
1705
597
575
5351
5230
5308
1440
10569
1772
1043
1488
4131
2923
6897
799
649
1543
2859
3602
2686
2705
3065
3057
1574
1016
798
3455
3218
3351
3953
1573
1647
2362
3670
1030
1132
1386
1738
3012
3009
1849
1638
1473
3881
1786
3644
1672
1766
1597
1573
1482
1409
1487
1213
1170
1187
2212
10217
4269
703
1064
1082
955
2178
7732
7705
1945
5897
6143
5892
4508
922
2287
1553
2449
2242
2404
2194
2356
1948
1646
1601
2127
2002
1640
1637
1788
1753
1611
1566
1660
1919
1794
1435
1943
1188
4026
1470
2497
1813
2417
1780
1021
972
2431
2208
2164
1994
1459
1565
3374
3212
3205
3126
1545
1585
1766
1742
1566
3010
2916
1973
1968
1832
2489
1515
1599
1477
1685
2878
2945
704
74
98
68
2094
2357
1809
1260
1659
1555
1581
1454
2376
2521
1383
1433
1381
5836
1800
1694
1727
1778
1775
1711
1749
1887
1920
1890
1823
2499
2186
3076
719
1081
996
953
1667
925
1233
1013
1207
1534
1406
947
721
3296
3223
2206
3419
3401
1928
2346
3119
3736
1471
2106
3251
5738
5736
1217
3321
2530
4141
5674
5175
1615
2735
3494
2935
2365
3031
1096
3146
2114
2947
1896
524
672
4436
6511
6693
2095
1181
2867
2882
2314
2798
2675
894
2803
2821
3560
4127
3923
849
5766
2491
2154
2157
2608
2550
2667
2322
2059
2356
1907
1668
893
5002
4641
305
149
268
5016
5019
5225
3558
3114
898
2929
1766
1980
2506
4674
3274
3199
3792
1739
1691
3100
2988
4024
1408
1326
1951
1873
1884
2101
2059
2583
2087
1271
909
3072
1711
2740
2845
1874
6255
4351
5220
1627
3347
2905
2935
2826
2866
3088
2833
2737
2680
3370
4022
3818
3179
3282
2762
1547
1596
1696
2345
2278
2161
2624
4914
4737
5639
1921
2563
3156
3153
2771
2437
5828
5831
5816
1593
4736
2098
2230
1228
697
1418
1974
1614
8140
4271
3519
1606
1175
1413
2045
2671
5414
1412
1291
3009
3255
2330
2676
1298
1871
3092
964
1082
1025
681
1180
3698
4507
4330
4097
3718
3375
1275
1907
2816
2519
2398
1803
1854
1619
1634
1503
1715
1776
1632
1749
1549
599
2737
1714
1748
1547
785
1873
1896
1694
1697
1493
1102
4097
2524
2723
3517
3541
3382
1481
1611
1109
856
2073
2013
2105
1886
3078
2424
3082
1921
1980
1852
5768
3991
4385
4326
735
2123
1714
2011
2345
2218
1788
1701
4286
1096
1369
3636
10062
4063
3227
9351
1970
3459
1815
2392
2035
2036
1784
2580
2701
1150
938
1079
1518
1908
2070
4249
2434
4463
3322
1123
1978
2544
2012
2009
1797
1640
1143
526
5855
5598
1856
2081
2012
2344
1269
9389
9481
7950
9325
1250
5349
8502
5050
4795
3854
2893
4401
5476
3592
3509
3414
3939
4652
6670
6664
7051
7111
1883
2126
1758
1806
699
1093
2068
3282
879
996
929
1862
2067
2360
1657
2470
2281
3382
1573
2186
1867
1136
5274
5553
5260
4359
4004
5053
5472
1156
74
2232
2343
2190
1704
1895
5750
5958
1132
3084
5151
3822
2979
5046
4302
4257
4266
3875
4693
3668
3674
3646
2263
714
3842
1742
1118
2491
3741
5551
5628
5586
3595
3597
5407
6460
2143
2176
2345
2812
1099
2496
2554
2012
1819
4039
6762
6717
6744
6699
1355
4396
2232
2064
1629
2066
2765
2492
749
2608
4078
4520
4479
5331
1245
3640
6243
4079
2847
2774
2768
1453
4011
3033
5666
1905
897
796
800
1804
1672
2084
1934
2011
2080
1984
1842
1815
1820
1713
1962
2353
7758
1672
2917
2842
740
5579
5668
3870
2860
4745
3426
3812
2748
3269
3001
7158
4873
2065
2261
2300
2159
1973
3430
2371
2203
1761
4052
3985
3894
2520
3347
2601
2174
1496
78
1426
773
3203
1105
1043
1146
3259
2030
1732
4623
1944
2150
3243
3934
3894
4322
2850
3242
4502
4323
2417
2914
5259
3861
1914
3195
3387
2748
2711
2277
2205
2882
2235
2822
1993
5430
5359
1724
3617
3176
5670
5705
5811
4459
1521
734
3162
1747
3486
3646
3892
3644
2809
3837
2715
1842
4511
1812
4481
4290
372
4568
4460
1566
1763
1259
1009
1974
805
1603
1575
1981
3101
2892
3374
3165
2884
5317
5863
5638
5629
5579
1724
1544
3043
2727
2727
2795
2627
2959
2762
3006
3525
3261
3388
669
3256
1950
3985
4017
2291
1803
2796
5832
6498
6617
5713
5672
2294
2161
2222
1071
4022
2019
3118
6372
6435
6459
6230
1577
2012
1401
3443
5402
4772
884
2012
2615
6103
1644
2152
2052
2309
4986
3033
3175
2539
3050
3778
2595
2454
6144
4049
3941
4714
4867
8036
7735
7792
789
7206
3785
3772
1700
1544
2722
2258
1495
2986
2786
2053
5621
1977
3300
4930
1952
2004
3218
3184
6416
6413
6298
3345
3414
3140
1443
1441
4336
750
2030
1988
3112
2700
2693
2786
7401
1347
1030
960
2064
706
863
95
2599
1967
4002
4131
3833
3328
3953
4002
4024
4654
729
1003
4039
3206
3887
5190
2187
2819
3200
3168
3214
969
2095
2378
3074
7323
998
9116
8471
2156
966
3615
4363
2567
2407
2351
2191
886
1327
2392
2330
2389
2064
1057
6818
7057
1896
2447
1128
1244
1313
1180
1719
1643
1439
3789
2116
2101
2067
3480
3495
1128
2507
3273
4445
1788
2381
2102
1742
4013
3998
2544
4968
2259
2577
2678
7371
7449
7169
7109
7182
7182
577
2149
2248
2179
1909
2635
3895
3142
1392
1352
1508
1438
10814
2582
2621
2543
2446
4269
3464
3100
2824
2887
2851
2848
7900
8214
1533
1786
1789
1807
1746
1668
2202
1682
1637
2223
2017
1201
1291
3050
3912
3175
3462
4260
4199
3523
6337
7290
7326
7173
2177
3451
727
1625
1780
1838
1860
1781
1780
1838
1824
2928
4703
1868
3170
1505
3347
1574
3108
4769
2485
3323
3474
2137
2572
1602
2572
1696
1879
3701
3754
3058
2494
2498
3041
2886
533
4787
4825
4685
1003
4351
4348
2387
4372
577
2749
420
421
3397
2418
589
1277
1895
1970
1891
1751
1767
1554
10539
1880
1729
1718
1720
1617
1810
1802
1744
1834
1372
1063
7018
968
1687
3778
1074
2380
2411
1085
5036
5113
2470
2823
4730
1364
3732
3903
3394
1562
1425
1343
1372
1420
1200
1184
1073
1568
4127
4051
2241
2238
2148
1743
2772
2078
2972
4021
3855
3288
3262
1477
1507
559
1854
3009
3699
3386
2607
3431
3320
1635
2529
2025
1892
846
1370
1959
2123
3346
1571
1566
1345
1912
3334
1806
1771
1885
2096
1745
2121
2251
2213
2271
2042
1889
1468
1438
1498
1482
1359
1630
1193
1227
1532
2346
2247
2183
2623
2241
2407
2099
1738
916
2149
1162
2243
1736
1626
1905
1811
1864
2481
2272
2154
2131
2767
3509
4334
2693
2636
3065
5899
2559
1444
2016
2468
4106
4526
4433
4475
4481
1760
2090
2740
3520
2114
4383
3635
1295
1397
1328
2478
1714
1131
1063
1819
4376
3907
3196
1324
736
1208
2313
2456
4015
2071
3675
7211
5673
6526
3943
2743
1171
1598
6592
6710
3641
1828
2347
1734
4972
4747
4625
524
2095
2373
1869
2484
1864
3649
3190
3483
1320
2116
3422
8081
8045
6992
6801
5814
1814
1966
2146
3113
4369
8337
8286
1594
5254
1299
3974
4514
2341
2329
3958
4183
3943
4115
4022
4216
3682
5489
5501
3491
3488
578
3204
1049
8691
1446
2698
2509
1395
1346
4717
3229
1824
3739
715
841
1654
1867
1599
2295
1152
1187
409
930
7253
7193
2122
1530
6160
2351
4852
3581
2880
2604
2694
5388
5719
8876
2530
1065
241
7125
3495
2833
2804
1190
1834
1696
1476
2298
1667
4069
1680
1694
766
5080
2014
2011
3192
586
2043
1859
1342
1516
1176
2957
11423
4269
3256
1846
515
1121
845
2391
4231
4096
5786
30
28
1800
1094
1112
28
827
28
30
30
29
28
30
30
1888
30
2387
1715
1280
736
45
2707
969
1561
2016
568
571
709
1562
837
773
1271
304
660
804
768
1238
4847
1818
1598
704
2656
810
616
1147
1052
1147
1882
1417
839
866
896
5299
8362
8088
2117
5346
4824
5105
1507
2635
1249
1586
506
702
664
1818
4953
4961
1961
4533
1049
507
10920
1711
896
2215
1506
2029
1469
1683
2925
1165
3612
1400
2787
2784
2447
1011
1610
1416
5169
3363
2902
2679
1090
1874
1771
1850
1624
1673
1725
1559
3340
2107
2036
1907
2703
1611
1986
1966
1568
3498
4517
3409
5256
5666
1076
5421
1571
2099
1980
2632
2499
1827
3008
2980
2396
3088
6274
1808
3156
3177
1374
2116
2137
1792
1763
3498
4517
3409
5256
5666
3509
4486
3422
2513
4435
559
1331
2257
1074
476
660
3688
1279
2703
3709
2500
3395
3437
2703
1014
2903
616
2703
841
511
511
2703
1279
2850
4020
729
729
1985
783
1268
834
1562
5053
2175
2032
1810
395
1693
931
506
533
533
506
931
1693
395
2221
436
447
856
4410
2944
803
1549
2083
2858
2347
6411
3791
2816
2147
1620
1518
1606
2324
3442
3452
1737
1851
2189
1849
1715
545
517
418
498
399
1430
1176
1742
502
938
2462
7738
2371
2125
2143
1768
2230
2224
2891
4199
3997
3749
1146
1098
1282
1234
2729
2913
2865
754
3171
1879
1858
1788
4097
1063
1702
1701
4824
4779
3541
4446
4443
1476
2504
2464
1824
2051
2175
2726
3555
2839
2977
2774
2271
2347
2160
2026
3181
3045
2157
1953
1833
1107
3888
3984
3864
1178
2453
856
626
1321
1183
1324
1399
3767
3806
3620
1329
1338
619
2594
4507
3471
3724
3781
3736
3611
3618
1704
1917
1708
2114
2089
925
6617
6458
6485
2239
3110
3035
7085
6790
1397
532
3063
3297
778
1772
1290
2263
2812
2760
2702
2837
991
2606
3035
3065
2206
2438
1054
4109
593
3603
6900
3569
9623
12747
4110
9121
1913
818
694
610
609
425
608
611
609
590
388
2523
1176
695
1139
641
762
2134
766
647
985
878
901
618
682
676
701
656
677
654
677
521
1227
1173
1832
1820
576
466
407
4279
439
683
709
563
512
738
960
1088
1068
1040
547
579
608
682
892
594
780
1293
1296
2639
2822
1034
1611
4184
4482
6135
6017
3446
3049
3247
2412
7475
1120
5688
2221
1747
2129
2256
2720
2048
2426
1747
1745
1685
1687
1497
1557
1572
1153
2207
351
5880
3200
3212
4539
3212
4539
7096
873
387
1229
1796
1742
1898
1844
1898
1796
816
3988
1888
1715
1173
1029
1790
2265
1514
5857
1280
4176
4082
6239
6234
2330
1369
3223
5716
6627
6549
6492
6519
1601
302
502
1966
3045
1298
3194
3105
3179
1757
3477
3480
3168
3165
4237
923
815
1828
2667
1748
2192
1863
1211
648
3823
3615
3670
2417
2279
1579
4509
2967
2822
2964
2892
2895
2820
2750
3109
3106
3034
1148
1089
1255
1109
1774
1658
1564
1498
1342
1218
1180
515
383
546
1491
1884
1846
3142
3180
3127
1741
3336
1369
1411
1143
1006
1065
1068
882
849
876
931
958
1170
1197
955
828
855
987
974
1300
384
1124
572
512
3145
3129
3034
1895
1632
1547
1883
2035
1984
755
2303
2549
2552
2413
2394
3189
2901
3135
2012
2103
1164
1590
1511
1548
1577
2136
2051
2139
3717
3023
3041
1536
1338
1481
1283
1836
1305
3485
3167
2507
2103
1785
2060
1742
2167
1422
11773
906
2370
2403
2439
2470
3436
2437
2492
2470
1121
1287
2511
2832
2734
2674
2815
2603
2693
2617
2714
2558
1649
1580
1673
1547
1499
1149
7637
7688
7714
3739
4736
4784
2520
1838
5249
3425
2945
4497
134
1179
1340
129
1073
1835
4107
4179
4182
4451
1833
1721
1123
1261
3506
681
1083
6122
3353
2070
3135
3225
2590
2799
3136
3229
2962
3240
3631
1080
1019
789
534
1816
1742
2024
1953
1750
2117
2046
1784
4561
1970
505
1608
1584
1437
1326
1013
2096
2093
1982
748
475
1861
1911
3597
879
821
587
718
2814
89
1572
5676
5873
5852
6209
6051
1425
1119
1063
1115
1274
1964
1890
1771
2856
3464
5556
962
2051
1973
2268
1783
886
927
2386
2172
2118
2022
1523
1644
1613
2571
2655
2637
4866
4519
2183
1971
6888
6768
549
1976
2002
308
1410
5389
4489
3458
2911
2893
2745
3568
3018
2394
2063
2589
2335
3096
3093
2969
2841
2235
1041
3610
2744
3521
834
3781
540
2093
2591
1880
1060
1394
1860
1755
1329
1494
1957
2061
2025
1390
1458
1921
1590
1791
2596
8017
975
1032
1667
1145
2080
2053
1955
1928
1579
2732
1133
1484
3698
3559
2422
1299
1088
1162
1062
930
2014
679
969
685
692
741
1998
1942
3299
2063
2501
1817
1793
1833
1996
1817
1337
1360
1643
3563
3996
4044
1154
745
423
4322
4440
228
3029
2264
2186
3143
5455
4524
3846
3823
3915
885
1578
2467
2774
2401
4183
3983
1709
1476
553
3669
3559
5665
1204
2934
3073
2308
2559
5161
5345
2733
2736
3264
3297
3315
2922
1255
810
2000
2191
1068
1464
1769
2656
2552
2335
1406
2455
2413
2185
2116
1394
1564
2462
1180
1149
4820
4881
670
1796
1765
3791
4424
4279
2374
3502
1711
1081
1342
1361
641
1362
2096
1957
1358
2296
2358
2325
1995
1121
1707
1723
2558
1768
1784
1904
1623
892
1226
1409
1949
1970
1899
4331
1963
2039
2022
1752
421
591
594
306
473
2676
2633
1240
1100
1254
1085
1239
968
1122
1308
1092
1069
1406
798
952
798
952
658
812
1237
1391
1379
1277
1108
1262
1112
1423
1953
2850
408
2686
2691
2584
773
2425
2428
1640
2874
2650
2306
2303
2151
1506
1630
1633
1573
1576
1546
2344
2362
2077
1924
1995
1767
1636
1677
1615
1656
1978
1248
1261
4429
2487
4610
1512
3158
4464
4449
1173
4126
2535
2370
2619
2900
4230
2326
3234
3154
4462
1518
1552
3479
5827
1440
1668
1989
1843
6570
6683
1864
2790
2657
3382
3352
1841
623
1752
1665
1122
659
674
2500
1208
4444
4635
4327
4352
4748
2145
1244
1009
1598
3852
2535
2245
2572
1731
1638
2793
4034
2664
3056
2563
2591
1765
1680
1677
809
2023
2990
1333
5009
4906
4559
5208
935
793
752
3291
3231
3504
2820
1782
1149
2491
2674
2917
1381
848
3029
3033
855
2503
1917
2820
2266
563
1222
1702
949
1556
2204
1589
1621
5073
1307
2663
2314
1866
1869
1606
1216
1707
3634
3031
9179
3085
3169
3850
2432
1315
3874
1440
920
2971
3361
2660
3477
3315
3404
2995
881
1724
2127
1705
2583
2883
2572
1979
4070
3998
2255
2068
2085
2125
5181
2124
2158
1960
2138
777
2139
2043
2253
2686
2126
2123
3406
3081
2938
3120
2337
7643
7631
776
1668
1557
979
1446
1499
1476
5653
1857
1811
748
3431
3492
5619
1670
4427
2671
1838
3462
949
2145
2477
2921
3187
838
631
1695
77
61
72
2323
1368
2297
1598
10994
3528
2518
2927
2059
1798
1472
2546
2049
1843
2076
655
774
1616
2875
3060
1079
5008
4510
4644
4716
1945
1925
2051
2774
2702
2577
144
4370
6918
2352
4205
7313
3885
2174
3557
3101
5609
4024
5556
6327
2944
2972
1972
2338
10877
9815
1023
2430
1885
785
2577
1970
5831
3545
3435
5945
2120
11617
11863
11926
12226
1812
3392
3333
1967
3380
3158
1868
1857
61
39
30
106
34
44
48
41
36
36
36
3516
2469
2902
3053
3472
396
1655
1059
3807
1271
13455
3729
7595
3552
3824
2581
3314
2585
1660
1509
2714
1870
4198
1615
1491
8494
4155
3310
1302
4532
1572
1263
1128
987
2340
137
9721
3658
3647
3205
4299
3499
3143
2498
4145
4046
2431
783
912
1808
1443
1552
4289
4426
2531
2364
2417
2432
2394
7888
4514
5623
5441
5656
1565
2216
4644
5795
5657
5625
2411
2238
1981
5112
2771
4703
4727
4457
5181
4710
1955
1813
10308
1927
2868
6925
2164
3551
3335
2797
4406
3794
3845
3195
3772
4195
2599
632
601
400
18212
1880
4942
4919
5042
9704
3892
883
1169
1206
4492
2920
2387
2884
1341
2143
1791
1403
1495
1455
1349
1702
1852
1699
1563
1488
1723
3374
1218
2773
3616
2084
3238
3608
694
1128
5937
3547
5909
5708
5837
5232
1883
1822
4124
1977
1309
945
1294
1291
2032
1036
664
2826
2217
10887
6132
4513
8474
2421
4931
9023
2496
2345
2133
681
2078
2463
2515
4130
674
628
1104
5330
5186
4847
824
434
290
110
109
2280
1784
5042
4904
1417
3515
3106
2979
7349
7382
7301
1086
4128
2284
9895
9934
3169
3498
6167
1764
1959
1538
1547
1563
4382
3925
5441
5378
1152
1122
1094
1032
893
826
241
2837
2535
1107
1515
4208
1954
2162
13009
2783
2598
11645
5861
11415
1137
3963
1657
2412
2409
2006
6163
3124
3238
2458
2345
3263
2805
2718
1475
908
799
821
3457
3344
3040
907
1813
11283
11102
2227
2046
7611
6382
4616
2796
1803
592
2321
2427
2271
2602
3338
2133
1864
2125
1643
1689
2384
2217
2209
1488
5044
5017
4285
4547
1742
2919
2764
1806
1837
1654
1920
460
5603
2307
2250
1417
2709
2985
5817
5807
1444
8905
8727
5139
125
3276
2836
4777
5053
5158
5872
2182
1545
1514
1603
3507
4071
2715
2609
1124
1465
713
883
1578
7398
5273
7605
2715
2027
10072
10043
4879
2235
3206
3194
2508
10120
10333
4265
7236
7909
3969
6656
2524
3960
7635
7358
1331
3683
3569
7908
7773
1044
3792
2696
2817
2737
3660
3399
2500
2749
2781
779
921
856
798
733
656
2756
3135
3053
3143
3758
1815
2363
4087
1726
2985
3026
3382
6453
3206
3307
3300
4854
740
2148
2594
2435
2440
4088
4619
4796
1859
1773
1665
2227
2085
45
3381
5973
3263
3144
5635
3619
3503
3513
4502
2097
2260
2166
1958
3589
3052
1629
1030
1830
1233
1975
1633
1978
1779
1819
284
3083
4273
2691
1806
2616
5502
6265
6291
7072
3528
947
950
1110
1113
949
107
2234
1721
2794
2912
4143
3966
9965
8615
1913
1835
1645
3370
3195
3190
3238
3123
3145
3325
3277
3328
3280
3232
3283
3235
3187
2247
1948
2539
2616
2811
5622
11441
2475
2469
2612
1723
4305
4059
962
1414
1404
1677
1747
2057
2117
1561
2170
8463
5162
5041
4918
800
2006
3620
2707
8106
8025
1217
1864
4228
4270
3974
3999
3974
757
4266
4263
2018
1204
2113
2130
1925
1117
8367
7781
3462
3496
3420
4181
3127
1959
947
838
1896
2046
2358
1644
2299
980
13219
13134
2588
2585
502
941
687
3431
3014
1826
4335
4271
4271
4648
4322
1242
4154
3913
3300
2333
3069
4089
5249
10294
1523
3596
3478
3397
3273
3929
3923
18883
6314
5236
5385
5282
5567
5352
5234
5313
5311
1464
2336
3192
1235
1397
7769
7490
7779
5153
5237
5038
1588
1891
1843
1748
1721
1902
2460
2853
2891
5015
3329
2459
1199
3542
1499
7325
7349
2048
1537
2685
5164
5275
2972
1571
1578
2242
2293
959
2276
4492
2244
2619
1765
45
36
59
78
31
2574
1776
1878
1708
8122
4901
3004
4048
695
1681
3315
2331
1344
4743
3236
3431
3478
3025
1096
2098
3486
3591
4788
220
2669
5449
2042
1666
2905
2831
619
3881
6601
6553
1385
2372
1926
1995
1103
13788
8670
3791
3774
1728
12303
13172
13109
1530
2757
1493
1617
1474
815
1660
1829
4074
1615
1377
1692
1621
767
2019
4008
1599
1048
502
3563
3328
3223
3183
3984
3331
2988
2079
2831
6171
2924
2142
7393
7666
10505
10262
2569
2308
1956
2519
2375
2212
1675
1569
2594
2546
2843
2301
2367
1180
1241
1240
31
83
34
1399
2932
1972
1887
1651
1984
2006
1803
1289
1211
864
685
756
682
644
689
727
577
1152
987
1388
2241
7903
2884
20401
1587
3499
4942
7902
2689
2527
2083
2047
1969
481
495
451
927
3132
2888
2472
4320
2575
1842
1844
1610
1120
5120
1490
4169
1941
3856
3112
4138
5613
3954
3443
2959
2956
2579
2362
2484
3760
3666
3818
794
3275
3113
1437
1498
1434
1431
2489
2648
2679
5096
2799
3837
3708
3186
7097
2647
2636
2202
7057
6991
2706
3891
3679
6486
5455
1753
902
5348
6817
3465
1708
1828
3910
5808
4005
2360
1946
2891
1723
2767
632
640
5129
2856
4613
4661
1372
1257
3574
886
3383
135
1852
1916
4047
6066
5808
3846
4313
2315
2742
2906
2813
4165
1910
1958
1881
4720
2372
5104
4866
8291
13476
5211
966
1185
5872
2120
2041
1509
5052
2772
2891
2815
1438
2996
2870
2877
2752
2541
6791
811
4528
4725
3458
10557
316
16365
1634
1529
2005
2743
3806
4181
1741
2187
2440
2386
1787
1286
2631
2471
2311
7064
1771
2498
2122
3226
3119
3121
1192
2416
2254
2622
2729
3838
2972
7183
6811
6889
4299
2603
1661
1363
1703
1830
3588
1797
3873
4195
1984
577
481
2756
2298
3034
3192
4090
3991
2767
2614
2610
2499
5044
5400
5755
6368
6846
6789
1440
1240
4231
3687
7287
4785
3755
980
1862
1457
1602
1781
2544
5232
2472
2598
8514
8628
3720
909
778
1068
2707
499
2005
1980
1722
2258
2031
2253
1674
1340
755
2427
2402
1937
3847
4318
3091
4451
4109
4280
963
3030
2914
2344
1912
2615
924
927
930
969
5154
1523
1883
939
925
1133
939
645
1047
927
975
957
948
951
930
957
951
972
936
4122
3182
2935
1283
1557
2704
1931
1928
2004
1712
2031
2708
1504
2282
3908
1714
7894
2837
5640
2513
2511
1359
1088
1221
925
2841
2134
1961
2350
1204
1306
4611
7391
2025
3332
1508
1841
649
2097
2615
2779
4936
1045
3456
3301
4005
1815
842
949
4661
2257
2287
2390
2553
1393
1009
933
1605
1674
1434
1712
1395
543
2036
1378
1336
1589
1489
1222
1192
710
1797
1677
3396
3279
876
1845
1302
2727
2808
2576
9866
6053
2411
2276
2375
1592
3664
3539
3701
655
1609
1842
1743
1548
2306
375
3333
3154
4221
4547
4570
2962
3368
3260
2047
1012
3084
4363
2404
5658
6318
3105
3188
1905
1139
1102
2214
820
3068
3065
911
575
693
1041
9237
5351
7986
2276
8034
8040
2874
4512
4739
1837
1359
1653
3331
3141
5568
5167
5223
5195
2528
2365
2091
2232
1979
1203
1200
1546
1582
1720
2238
2412
2737
3243
3582
3528
3597
3376
3564
3358
4519
4516
4609
819
1714
1609
1875
2384
2310
2747
2597
1761
2392
6573
1905
1704
1428
5227
6803
2272
2903
1198
1235
3271
3327
3261
3785
1330
1490
2452
1739
1804
2506
2900
3071
3075
3247
3783
4105
3698
3642
3829
4151
3557
1834
1675
3369
1713
1179
1655
5004
5047
3947
3261
2375
2323
1638
3738
3793
3659
2493
3910
3751
3639
2400
11932
7280
7208
7142
7510
917
2136
1822
1864
1908
1647
1847
1826
1784
1397
553
1826
1305
1434
779
2966
5170
5170
2697
2808
2805
1966
4078
4006
3964
4233
4161
4354
4468
4098
4026
4322
1018
3589
3519
1397
2594
2447
9213
9933
6938
1089
517
1988
723
1128
1234
5121
5198
809
5201
350
457
4725
1552
3956
3607
2090
2043
1370
945
940
3563
2593
2447
3832
2806
2432
1810
1331
3111
6122
5851
7753
2582
5268
7027
5350
5230
1950
7167
2772
1857
1926
1918
3318
3286
3768
6660
4787
1640
2924
5784
2419
2824
1600
2635
1081
6103
1616
1425
3666
3585
3570
3498
3630
3582
3495
3480
3620
5915
6776
4025
3854
2600
3659
3662
3859
3738
3728
1652
6454
643
2528
2788
2875
3635
3638
3570
5206
5062
2078
3799
3004
3415
3106
3354
1898
1724
3834
811
2066
2023
2019
3017
845
1361
1164
8297
6716
1280
2474
7567
3885
7732
5619
7318
1191
1593
32
1895
32
3096
2517
773
3418
2328
3315
6023
5370
5675
5376
5313
1635
1974
3817
4172
4157
4082
2249
5887
919
2913
2844
2670
2158
1924
2735
2322
2718
1848
3745
3763
3728
3783
3868
3388
5763
5611
5879
5858
2478
2373
4194
4137
2935
688
1182
2475
2869
3055
3184
2094
2758
2900
2879
2880
1256
1780
2182
2681
2219
1932
2513
2324
2154
1965
1999
1810
2027
2429
1583
1985
1547
1949
2138
1657
2059
1700
2102
3933
3831
3953
4016
1580
3186
4405
1694
3171
4883
3736
3759
6120
6117
1576
1400
7016
6542
6538
2774
869
820
1400
3303
2305
2252
8670
10237
8908
1780
1932
5958
6035
1298
8046
4159
5613
1433
3721
3263
3235
771
2676
2649
2672
2632
2633
2386
2067
1928
1201
1158
2126
3540
470
1929
45
3300
1799
1085
2493
4001
2401
2058
2302
3078
2203
2463
2388
1581
3637
1299
2078
1285
2550
2513
2297
2831
1985
2589
2496
2765
3699
3801
2341
3270
1247
2071
2253
4619
4625
2380
2430
2691
2319
2212
2171
2965
2870
2321
2932
2775
2476
2224
2349
2117
1981
2319
2444
2076
2777
1983
2872
2226
2478
1885
1323
4231
1227
1536
4861
4656
1822
1804
1955
2876
540
1954
3739
1106
2130
2027
1874
1984
4235
3061
1105
3739
5362
1954
1996
3494
3388
4274
1936
2673
2319
2212
2171
2965
2870
2321
2932
2775
2476
2224
2349
2117
1981
2319
2444
2076
2777
1983
2872
2226
2478
1885
1867
1881
30
4232
1483
2137
30
1867
1881
4659
4794
4728
1691
1886
1456
1411
1461
1411
1416
1838
2340
2748
2796
3285
1963
1818
2192
10012
2609
1617
1008
6354
2175
1998
1409
1072
950
460
381
1724
11235
7005
2169
3439
2124
2419
2286
2114
2458
2528
640
2428
827
3761
4251
3013
4131
330
2418
2804
30
2611
2418
567
461
3551
3491
1166
2389
2771
2177
3284
4671
2416
3752
2089
630
2206
2111
2135
543
950
3824
1277
3792
4109
2450
1804
971
3568
7021
3471
4330
1660
1519
1851
1793
2074
1836
2651
1935
2002
1839
3119
1814
3578
3669
3358
3374
3080
1842
420
6214
1814
2875
5071
4663
14770
7108
1679
5118
1679
1899
1924
1926
1619
4497
4569
4371
4335
3502
2131
5155
2953
2801
1241
7507
938
5553
6638
2083
3999
4207
3451
1709
3414
2695
2280
2101
3723
2974
1895
1295
8391
8669
8738
2044
2736
2340
997
2293
564
3248
1842
2408
5609
2078
1211
779
4093
3376
7064
4516
4492
4240
4128
2127
2592
5707
4947
6010
2189
1470
2449
2587
2590
1224
2375
2411
2366
2312
2110
3658
4501
2685
1310
1000
4415
2423
3090
2542
2644
9583
2446
2489
2527
3856
67
3111
1221
3306
2012
2537
4153
4285
2524
1252
1062
2699
2556
2623
2474
3688
3961
3868
3814
3997
3596
3599
1441
2416
1699
1166
1068
3136
3049
3013
3043
3058
2977
2989
2950
2965
2956
2815
3091
3100
3085
3079
3070
3100
3094
3055
1067
3135
2178
2183
3240
2624
3800
3483
2251
1302
3158
2909
2927
7529
2086
4568
2558
2507
5265
5256
2491
1583
550
5767
1006
4998
4965
2705
2265
2271
1955
1714
851
2051
11100
2422
3225
4836
4738
1649
4771
4689
1097
4329
4224
4163
1832
1978
2821
6972
5445
5328
556
1794
2076
2277
1996
3193
3519
1752
3198
4360
2419
2947
3224
2361
1092
2844
2844
2773
2103
1991
1836
631
2236
1825
1552
1435
2634
2648
756
1225
1135
1770
3703
2204
2138
2083
5688
2421
3146
3149
3119
2546
2478
423
4513
4372
5235
5528
6161
4294
640
1538
4115
4917
3871
1913
4528
4441
2681
1730
2053
1199
843
5834
5273
4489
4480
4376
3996
2072
3807
3720
3698
3651
3624
3761
4575
3632
2082
355
328
2506
2375
1957
2323
5484
5280
5239
5252
5126
2017
2081
1847
1403
2989
8550
7509
7836
663
902
1769
1561
1343
1139
1044
1508
1503
1501
1679
974
1308
1860
3179
890
11994
3198
3095
6102
6276
6225
2524
6192
2578
867
921
42
33
31
33
73
52
31
41
34
39
43
30
39
45
30
32
47
30
80
30
49
38
63
29
47
34
43
31
26
39
27
4035
5707
7477
3041
1922
5597
1749
653
631
2814
2914
2697
3842
2236
2140
2432
2018
3825
862
1656
7555
6774
4250
2195
2119
4929
2187
309
2170
198
967
926
896
2628
1146
1646
1961
1424
1281
4044
3720
3946
2035
2041
1946
673
3072
2730
2534
2485
2464
2160
3403
747
3028
2254
2036
1842
1747
1730
1631
2055
816
5527
5578
3983
3487
3134
2628
3692
3348
3740
2908
2449
1855
827
5322
2580
3754
3086
2301
175
491
1463
1475
1349
2685
1998
7676
5677
2047
2100
5849
2619
5979
6301
2403
2370
1658
1694
1921
4966
5296
3615
1737
4177
826
3533
672
3155
1305
3002
3036
3402
1970
3286
2340
2225
1277
1111
3286
888
3234
1195
2847
2615
3856
3841
2938
3034
2116
5545
1770
2180
2414
1483
1497
1479
3981
1995
2206
1226
1897
2043
1398
1757
2688
2663
2625
2496
1376
2624
2579
2753
1116
2541
2453
1971
1858
2904
3808
4617
2702
2525
3367
87
6310
6430
4916
205
4272
3937
1860
2364
3246
3344
3251
4272
1974
1077
982
6965
7126
1726
4810
4781
4306
2569
6273
2563
7036
2281
2083
5705
5714
5840
3926
1937
2293
3737
5076
1757
3564
2716
3619
2803
2987
2245
2119
1865
6842
6803
1518
2636
928
2967
2512
2400
2616
3626
2365
1591
1483
2399
2402
2173
739
3033
7989
945
6031
1608
1393
2508
3436
5749
3084
3098
3017
2543
2366
1428
1860
1923
1962
1712
2194
1449
1447
1608
5858
5999
5816
5711
6786
7209
6048
5553
5385
6267
5857
5962
7312
1495
3456
3462
2099
2738
1705
1502
4256
12739
12614
2950
2475
1843
4103
4100
3639
8286
8334
7995
1815
1643
1609
1344
1470
1746
1659
1582
1590
1639
1520
1765
1655
2038
2035
3625
3586
3517
6753
6139
1000
3660
4332
4809
2230
4809
4834
4764
4544
7931
672
1894
1021
5436
5462
2651
2205
1575
4425
894
1719
1149
1959
1796
1748
1553
1679
1694
1586
1454
3403
3684
3528
2296
1557
1449
2559
2480
1991
1207
2421
2324
2311
2332
2157
4185
1000
1392
3217
1392
3033
3012
3046
3031
3010
2752
1881
2893
2266
2889
1942
3370
3467
3467
1373
3657
2864
2064
1921
1765
3726
2398
2337
1617
1375
2293
2119
5957
1649
2126
766
730
1555
1508
8554
7687
6448
1367
1339
5051
4177
5437
6400
2651
1756
2439
3438
3194
3523
2633
2513
2402
2311
147
2024
1958
3051
5467
987
994
1994
4612
5067
4848
4197
3248
686
6911
4103
4136
4122
4034
4053
1848
1317
3307
4121
7284
2578
4655
4400
3215
2151
554
894
767
840
1016
1113
3621
3665
1727
1825
2739
5733
2814
3257
2643
2021
3089
2793
2513
2800
762
1132
1881
2106
1284
2222
251
6119
6011
6041
1536
2066
2401
3065
2289
2683
2677
1943
2315
2397
798
2211
1071
1104
1017
984
876
3478
5202
3361
1983
1912
2070
2616
2543
2588
2414
2489
2393
703
2646
2295
2145
5336
5229
3936
3966
3939
3449
1309
1388
2533
3496
6376
6364
6367
3048
3115
3041
1518
1947
4183
3371
859
2125
2362
1415
417
1196
1469
1572
1287
2453
820
2832
1280
2872
2673
1838
4898
2744
3868
2562
2419
2233
4215
4102
1868
1638
2435
2729
2464
2011
4053
3987
5361
5386
5263
1552
3229
2229
2004
3266
553
357
6416
1722
1947
1844
1831
2024
3056
1651
4314
11247
1805
6304
6479
6564
5606
5513
391
5608
1502
2129
1431
2181
5364
3110
2933
1455
781
1493
928
2743
3982
4362
4081
3304
5757
1275
2093
7162
7271
5433
3680
2430
2277
1158
4182
4379
4221
4441
4345
3919
3468
3045
3270
1713
2028
2526
4110
7233
3654
3570
2368
2211
2136
3946
3693
3871
6375
4534
990
3214
3380
3353
2168
2156
2312
1987
4389
4228
3206
4001
3916
4019
3950
4018
4089
3016
5507
5402
5501
2415
2449
2694
2661
2587
3249
3247
2041
2533
1635
4468
2550
1415
5435
2860
6277
6402
2436
2311
4302
4510
4443
3997
3690
2946
3330
1995
3975
3963
4047
3704
2411
880
1043
5806
2864
3411
1698
1808
8730
9126
9561
1698
2306
1497
972
1480
1486
1476
993
1791
5721
5933
2195
1821
3647
3627
3884
4494
1894
3837
7024
7281
2895
2710
6059
3405
3267
2766
1980
6740
5304
124
2174
1761
1234
1395
1476
1382
1590
2557
807
852
903
3408
3891
3942
4267
2249
2567
949
4931
3145
3508
4241
4039
1043
4243
1521
1241
1070
1104
2532
2500
4081
982
3056
380
2771
3001
1731
1879
2208
2208
2083
1366
2179
1225
9691
4129
3683
3809
3900
3810
3484
1848
1851
3750
3981
3693
1794
807
2120
7686
7656
5802
1062
3743
2036
2275
2169
2894
769
1506
594
3087
3083
1705
3849
1658
5940
1628
1537
2764
3748
1600
10302
2638
3724
4677
4768
4899
2535
2066
3919
1838
1613
1521
3418
5740
1656
1629
2579
2583
2324
2990
4941
3415
4751
3424
3440
747
772
921
3142
1845
4383
4579
4181
4681
1336
2414
1380
1913
1100
1220
1353
1357
1214
1248
2349
1443
2386
3070
3067
1294
1200
2381
6089
3414
3417
3408
1565
2552
3078
2035
6750
3892
4407
2408
322
1423
1143
5374
2354
5021
12493
11413
3086
1265
4361
870
1244
1322
1920
2616
1834
1848
1721
2683
1534
3109
6487
3533
1912
1866
2008
2119
1855
8467
8205
7816
1680
2605
737
632
1432
2937
2443
1019
1560
1169
5254
6003
4282
6773
3925
2848
1156
2692
3198
3561
1080
1021
2026
823
673
983
777
694
750
768
562
1328
1854
956
1696
1443
1844
1455
1601
1114
1613
3172
4036
3449
1683
1667
1507
7918
2294
1375
1309
1604
4635
2127
1431
431
1282
3048
2956
2815
2697
2679
2560
2755
2901
1757
1842
1722
1763
956
3008
1819
1977
1545
733
729
716
1149
668
3453
2808
1743
1639
1670
1698
2163
2875
2444
2973
2038
1865
1970
1797
1986
1813
1918
1745
1821
1043
2090
2210
535
1776
1728
1536
1453
5524
1658
2050
1971
1884
3417
2835
3579
1266
535
514
1360
2716
1621
1597
3140
3144
3336
2247
2309
1601
1242
1238
974
4361
801
3447
1566
1646
2753
2593
2885
3603
3918
3030
3003
4511
493
438
134
2071
1860
1742
1467
1548
1544
1486
1482
875
1412
1332
1312
1430
1425
1426
1462
1828
3341
3323
3398
3427
3230
609
701
4615
2480
1908
8003
8623
3680
2994
17924
3619
3603
3453
938
3294
3585
3500
3595
3547
3926
3444
1360
1402
1406
4473
2554
942
1116
899
1125
587
560
1387
2120
1348
1423
1555
1698
2015
1784
2014
1520
581
1178
1196
1436
1062
198
222
1202
1178
740
4686
863
1417
1652
2304
1542
1867
4264
5164
5138
5126
248
2071
1960
827
461
465
1897
1909
1816
1534
1546
1848
2177
1168
1376
1309
991
1098
2152
1459
1497
1736
740
1270
1603
1462
1422
3926
3245
3012
59461
1923
1928
1229
1761
1546
1151
1541
1538
1244
920
2263
2517
123
2801
2754
2513
2505
2664
2653
3887
3676
331
1879
1790
162
1295
839
2189
2405
2553
2336
1241
1481
2507
886
1189
1501
1249
1416
1312
1944
3500
6842
6620
3768
3819
1794
1595
1600
1840
1966
1608
1319
4038
3190
1929
945
945
3300
3298
3102
2785
945
989
915
1013
626
774
657
584
968
583
1548
816
956
1055
939
1026
2345
2333
3215
3409
3049
3457
2729
2308
2284
955
2771
2990
1591
1760
1680
1170
2988
1276
975
1036
1094
1137
3491
3449
3375
4018
1903
2119
2279
2068
2326
378
1037
1608
2458
2326
1229
1491
1698
2636
2619
1934
934
1390
1623
3036
2871
1615
2578
2618
2457
2841
2745
3216
2296
2438
2406
14862
1044
981
4888
4730
3385
1672
1749
1795
1843
1909
546
762
3542
3533
10750
2366
8728
951
951
1384
954
912
3657
1486
2668
3823
2215
2092
3950
2703
4472
1320
2703
3559
1597
2888
1347
1460
969
520
2503
2020
1254
1561
6414
2021
6157
5832
5809
5812
5266
710
1274
961
3103
2707
2558
1991
765
130
131
4878
4343
3011
4543
1800
1306
1225
1225
1425
1924
1702
650
1753
1661
3809
3737
3653
3161
4267
4960
1625
3950
6191
189
2945
3356
3216
5117
3045
4845
4671
2311
2708
354
7439
2604
4145
573
4841
583
5840
998
1910
1449
1599
4371
4334
4473
1282
31
4084
1411
586
2500
6032
6014
6313
4309
4004
3910
3796
2062
3716
2738
768
1068
1049
1112
2515
1582
3914
7775
7979
1051
2576
2758
2744
1995
1102
3903
3899
6618
6555
6304
3235
1586
3044
3309
3106
9430
8745
1558
1559
1848
2809
2793
2738
2796
2805
2741
2739
1272
2467
2386
1309
2506
2455
813
5273
5372
2344
3368
3429
3490
1563
1253
1470
6058
6088
1772
1901
1665
1616
2192
915
1063
775
799
1031
2952
2876
2911
2832
2706
8978
8918
8956
8864
1818
7481
1193
3980
2141
3919
4803
528
8285
2137
1926
1329
1559
1263
1611
1165
3256
6375
3409
2145
4977
2279
3245
2236
2162
4992
1805
6790
1859
1490
1323
1396
1815
1530
1527
1531
641
1637
1444
1723
634
541
365
4880
4723
4536
565
3308
3515
2468
2208
2084
1283
1229
1111
1990
2583
1532
681
2118
1994
1928
1437
330
5733
3582
3942
3036
3087
3132
2991
2999
1189
2033
2433
2286
1341
3713
3424
752
10669
10993
2741
6060
5308
1149
1478
771
1688
2729
2593
2861
3245
3104
1111
2252
6661
6658
3920
3309
2174
2240
2023
1387
2029
5253
5935
1565
3391
3303
3241
6253
5726
2295
3003
1886
1571
1483
2120
5245
5173
4846
2318
1474
1606
1537
2091
1492
3972
4012
4024
3924
4121
4038
3823
4334
3463
796
4301
976
4416
4345
3299
2271
3612
1935
1905
1896
1770
1422
5693
2401
3175
3944
1705
2755
2999
795
732
1182
1565
1993
7300
6756
6943
6887
6845
2605
2462
2420
3029
3020
2978
2969
1235
4014
1453
1964
9267
5052
3907
1753
1992
2816
2612
1585
3304
2818
626
748
2027
4743
4680
4492
11636
291
211
7783
7778
7662
7617
7739
5791
2406
1652
1637
1547
1566
1693
3551
5562
5437
5362
4040
4149
2290
1165
2451
2302
2348
3617
1258
2987
5729
5600
4982
4586
3966
4790
12005
11557
2782
2731
2685
4337
3675
2969
4130
2973
3963
3949
3673
2574
2481
3705
6578
2412
794
2292
820
598
4054
4107
2928
2759
1882
3763
1652
3435
3479
3331
2158
877
90
1176
2536
2020
1569
1633
1906
2045
1820
2173
3786
3633
3426
1585
1689
1614
3046
1954
1173
2411
3710
3647
3517
3592
3458
1236
2228
2550
5157
2597
2718
44
55
48
30
35
55
46
46
53
28
41
31
35
72
33
29
35
33
34
40
31
44
38
31
31
74
52
44
45
44
62
31
40
50
29
69
30
60
40
35
36
75
41
37
30
34
37
30
31
31
51
31
648
3213
3487
3049
367
1772
1907
2528
2435
2516
1488
617
8952
7177
7315
2076
2666
1827
3532
1782
3385
3512
3651
3648
4086
984
853
896
1341
1067
1468
5023
5256
4890
5067
1521
4610
4766
4667
4607
3342
2441
2009
2013
3497
6698
6518
110
1492
2776
7979
1709
1982
1727
1213
2760
2352
1723
2010
1834
1830
1831
1835
1848
1670
1524
1281
2200
1511
1731
2202
1456
1556
1748
2735
1538
1097
6005
6016
5770
5899
5710
5640
5860
5970
5731
4216
1408
1405
3903
1661
2419
2398
1580
1664
1487
3073
2008
2190
2141
3044
3654
1845
2566
2630
1677
2739
2547
3079
2460
2397
2401
959
1388
1414
2496
2284
3389
2015
4076
3788
2577
5382
1487
3172
7848
912
653
2634
2541
902
1004
1285
609
648
935
948
1004
936
1781
936
936
939
981
863
936
948
948
951
163
650
2901
2781
3797
2728
1941
3874
1992
1995
5966
5819
2818
1348
868
869
987
895
809
830
948
856
823
1642
2722
2617
2595
2359
2497
674
1260
1269
1966
1855
1814
1298
2790
89
1721
1845
4560
3386
3551
1085
1512
1667
1744
1553
1468
4783
6268
6030
5961
6135
6244
6052
5850
5967
5781
5943
5787
5763
5836
5750
5691
5107
5089
5020
5026
5002
6349
6048
6331
6262
6062
6171
5868
2436
945
1469
1887
5215
5212
1891
2054
1143
1376
206
2301
2603
2068
2165
2322
158
3559
3392
1980
6089
3553
3592
5386
5795
4506
948
936
936
5083
4125
930
2939
1182
1511
1567
877
1630
1654
1516
1345
3722
1431
1535
1632
1417
529
411
366
571
1523
1669
1599
1313
659
2958
3006
2823
2871
2647
3350
3299
3471
3519
3420
716
3593
3330
1159
923
849
754
1351
143
1672
2246
2296
2015
1530
2910
1971
1570
2339
2386
2024
3519
3516
2476
4000
2165
2116
1947
2119
3286
3085
3161
3058
2692
1426
1395
1394
1357
3535
3592
4337
2186
4240
2554
3040
2193
1927
1754
1162
3468
1275
3519
3687
3611
3584
1070
1207
1531
4529
311
316
2344
3525
5751
5926
935
5745
410
2246
4092
2963
1741
3149
1778
1531
2283
2124
2393
2832
2679
2414
1227
4146
4134
2351
429
521
437
501
434
2340
2417
2197
1609
424
1090
18814
1538
1576
2826
2070
3060
2818
2928
3672
3255
1876
1441
1432
1653
3921
3855
3746
3283
1538
1319
1382
2860
638
1288
2085
1115
1103
2412
1713
1507
1480
2014
2044
3966
902
2986
1418
1136
2972
835
1115
2013
1042
937
2346
4147
1793
1641
1722
1210
1230
1366
1540
986
1070
1046
1372
1364
2768
1117
126
70
65
75
72
66
2397
2307
2304
2211
2118
1986
2822
2156
2195
2024
2063
7578
2177
2132
1644
1368
3087
2228
2306
1838
3113
3083
1733
1706
1736
1823
1796
764
742
1385
1335
3770
2256
674
2639
4913
2579
2523
4970
4302
4475
1960
3437
2578
4728
4521
4491
4515
2593
506
2294
2502
1256
3247
880
2201
2552
2540
968
1052
1117
1018
2136
1284
1340
1337
1117
1016
730
636
985
3705
1223
969
1122
1677
1688
805
1593
1810
1796
1880
2730
2073
2279
2018
2221
2218
2278
578
883
751
616
736
4914
2909
2334
3102
1016
3118
3136
3115
557
2569
2511
2304
1923
2940
3206
2882
3230
3532
5360
6598
6388
2408
1883
1899
3615
3351
2944
3077
3509
2872
2876
2800
989
1175
2954
2930
2731
2719
2611
2753
2768
3155
3140
3034
3162
4937
3358
3457
3613
2728
6372
2708
2416
745
833
1820
872
1949
2140
977
2460
1907
1649
1566
2685
216
2576
1386
2510
2180
1585
1504
2098
1295
559
1125
1969
2089
3049
3046
1785
2964
3007
1244
2476
1924
1980
2408
2450
1964
2504
2432
2286
2231
3091
3749
1744
4135
1277
2649
2598
2612
2527
1668
2647
2197
3765
4560
4701
647
1448
1409
1458
5179
1158
1371
1470
1297
1562
1809
3572
2165
6566
3238
3501
3630
3260
2263
2577
2568
2214
2058
2313
1875
2514
2783
4443
2991
2897
1703
1255
1737
1940
2398
2300
1828
2002
1870
1635
1317
1296
1449
1428
1231
1668
1557
988
1723
3600
2836
2721
1151
1094
1190
608
820
2618
1790
3197
3319
704
2894
3034
4488
2990
2954
2591
3755
1953
2375
1487
1330
602
1120
2528
2558
2684
1355
1437
2069
2183
2514
2505
2336
2583
3302
1685
1591
1513
1730
2743
2671
2683
2687
2684
818
3547
3370
3543
3191
1779
1317
2854
2013
2914
1031
799
5400
1578
1644
953
1733
2323
2337
1721
1711
7866
100
2318
2330
1927
1857
1176
1471
1467
1040
3959
4192
4004
1331
2527
1763
3431
1132
7369
6917
6173
2901
4093
2219
2082
2190
1429
2629
2638
1110
2876
2778
3020
916
940
713
1769
1840
2121
1625
1697
1503
1338
1470
1687
1427
1519
1704
1795
5085
1769
1747
1909
1656
1665
907
1835
1910
1903
1428
1412
1460
895
922
877
1089
1036
1146
1232
3712
4188
4225
4222
1377
1701
957
786
961
957
717
1173
1631
1507
1518
854
808
737
1547
1299
2649
2493
1857
1707
3387
2313
2655
2807
2699
4983
794
696
2680
888
2460
1884
1842
2715
2661
2320
4562
4630
2693
2638
1577
2100
1676
5124
4968
5121
5103
5085
5016
3239
4873
777
2533
3625
730
2634
5251
708
695
1414
3954
3245
2370
2282
2271
1488
2227
5026
4621
890
2286
2308
594
2424
2376
4288
2525
2348
756
2136
1220
1547
4805
2118
3254
1853
3945
5211
5222
2086
2524
3036
2576
2282
3280
3137
2868
5823
8828
10442
1554
2252
2162
2640
2663
2425
2428
3623
2410
898
1183
1188
1058
1019
2107
2005
1588
1569
2604
2566
2704
1530
1418
2174
3630
1356
3204
3859
7182
7238
5473
4865
2186
1977
2327
3704
1067
1146
892
881
844
973
1032
1104
944
1331
939
1130
4713
4693
1698
2010
3113
3023
2442
3384
4193
68
449
4875
4947
5136
5872
794
1334
1512
1849
1987
1501
2143
2263
1596
1533
4391
1934
2522
2656
2588
1692
1532
2465
2412
1829
2392
2478
7812
3440
3502
3243
1767
1794
2378
2273
2119
2014
3401
3401
1937
979
815
1585
1654
1564
625
1874
1646
1465
2421
2239
4040
6282
2649
2452
1927
2632
2268
2156
8501
3068
1504
2418
3430
1664
1677
1622
600
1178
7822
2346
3740
4356
4732
4633
5071
2995
473
2708
3080
2746
31
28
4336
3734
4038
2204
2180
1876
838
1317
148
1305
146
1497
2467
3221
3173
1380
2202
3408
2300
2647
4328
1833
1502
2452
2323
5165
4738
1926
1269
3190
4228
925
3195
5510
5216
5409
1456
2309
4311
4206
2798
2709
4580
2490
4388
4535
4219
7465
7339
2002
2675
2532
3478
3429
2889
1443
1372
1270
5318
5133
2947
632
503
612
3147
3457
1850
1681
1670
1173
1743
1668
3375
3100
3825
2562
3770
6052
6006
2509
698
7842
13547
1879
1397
1854
2205
2142
3561
1601
1496
548
5910
1683
2562
2034
2042
1536
1984
1574
1384
2642
7080
7721
8045
3951
2068
1364
1117
945
1253
718
7575
2428
2402
2640
2427
2617
2753
2639
4802
4754
4682
2104
2345
2252
1650
1474
1823
3722
3848
3827
1203
1994
2401
2069
1754
1692
1136
1078
2510
2780
1812
2238
2086
3802
2244
5341
7382
1207
1287
3593
3527
1408
1906
1844
6134
6090
437
7854
2064
4376
4372
4256
3455
3335
531
166
1973
2162
2098
1691
3187
3385
8756
19045
1662
2316
2282
2463
1871
1652
2664
883
973
2890
352
2362
1578
130
1650
1140
71
4358
1270
796
2389
2539
2534
2387
3620
2199
2321
3496
707
5951
2749
2766
4282
5138
5161
1901
3020
2146
6046
3198
8998
8848
1571
2970
4330
1089
4650
1926
5264
1987
1443
4009
3951
2265
3158
3080
3138
4787
4664
4593
4860
5428
2729
3570
4300
4163
3941
581
3318
4752
1855
11661
13037
12731
12985
4611
2367
7041
6671
534
1046
1255
1950
5218
5368
5320
5206
4683
2668
3736
3588
1118
1955
1647
3056
155
1743
2642
2055
1828
1821
2714
1248
13699
13678
3974
3992
2615
614
1303
1172
842
937
590
3528
1766
588
1338
1319
1084
1528
1535
758
695
174
466
424
2694
3345
1410
5621
5508
2843
4086
4230
4029
2861
2313
1755
4375
2954
2985
3259
3588
2966
972
722
3167
3460
1780
4158
6383
1381
2300
2132
5934
3512
13147
560
660
8977
1509
3414
1032
4380
4311
10186
6740
3189
2337
2067
9542
3407
3204
4488
2086
1693
3218
6192
6189
6078
2623
1049
5442
5439
3029
1973
707
996
806
1139
84
713
3099
2066
2094
2090
2070
5676
31
2145
5605
6413
6434
6136
3036
981
1439
691
841
1522
1135
1657
1964
5891
5424
4949
4322
1241
1100
3736
3780
3739
2312
3178
3181
411
744
1364
1701
1145
1143
1049
2401
2907
2688
2795
2526
932
505
1719
1883
2005
4889
5958
5928
3913
3898
2314
2332
2595
2925
2542
2784
2698
2611
2209
2007
2882
1930
3714
4631
4169
1905
1816
1759
4443
2403
2248
1098
1578
647
1723
1914
1917
1913
1158
805
1887
1763
2162
1698
1649
3489
4306
4309
4222
1240
3322
2204
1802
1777
1567
1866
1460
533
938
897
5467
4218
6067
6011
5887
2232
840
245
1191
2506
2626
3919
3910
1904
1244
541
1159
1556
1243
2179
2496
3483
213
2692
2693
5757
5625
5700
5832
978
5607
5626
617
3152
5690
6899
1691
571
578
2734
1373
1675
1848
1772
1751
3391
2266
2192
3654
5155
304
382
233
81
4577
4922
1820
1884
2195
1770
1957
1014
982
2615
1124
1542
1512
741
609
1311
6120
6099
1337
2053
3278
14980
14989
385
1247
1866
679
2397
2085
1523
1681
1546
1402
1818
1665
4013
5695
5472
5298
4667
4873
3446
3198
1851
1744
5396
6154
6226
2827
2870
7737
915
1152
1078
639
1201
631
492
1094
2099
4321
4602
2044
4478
1509
1389
1416
1829
1592
1472
1411
1591
1373
2141
2020
2350
2338
3343
3340
2299
2182
2491
3833
126
3718
3039
3742
4083
2184
2226
2512
2939
11226
3331
441
2785
3917
2997
3732
2917
2485
1784
1982
2396
2388
1549
5473
1433
2088
1739
3018
3137
1861
2965
2128
2392
1791
885
3965
3765
4284
9501
3158
4027
3948
3908
2483
2736
6944
7017
2908
10924
1135
2716
2692
3334
2454
861
96
80
6902
2420
1850
1865
2910
2260
1801
2628
1093
2154
2782
2761
2186
2363
5667
6066
3661
4055
4003
3859
1096
957
996
936
936
1857
1972
3419
3534
343
863
994
1597
1489
5024
5161
4791
5115
2838
2272
935
1215
1218
1120
1209
2240
1867
1878
1846
3116
2225
2381
2884
4568
1555
1899
1295
3836
3095
1548
1428
3543
1388
3891
4138
3111
1683
2101
1739
3728
2881
1033
1672
1730
2165
2258
2146
2272
2803
2891
2676
2034
1908
691
1056
1113
891
1158
1038
771
993
1266
1323
1507
1635
1985
2058
1844
1820
836
6435
8045
2257
2511
1751
1748
2942
1950
1852
2215
1219
2070
2348
2195
1478
1511
2289
1810
1798
1741
1753
1853
1331
1624
1427
3776
3740
2534
2064
492
1768
2323
491
5143
1912
1289
611
2332
2749
2579
2616
2446
2897
3616
3524
2673
2652
799
9442
1118
1766
3628
2207
2586
5045
5139
5050
6008
5894
6047
6321
6309
3775
3607
3273
3088
1293
3381
3299
3944
1891
2564
9338
2487
685
902
2250
3661
1446
6077
3132
3041
4335
1960
3374
3407
2531
6298
6295
6411
866
5306
7308
2011
379
2299
3665
1900
5605
3667
937
1009
1319
786
858
2199
1818
1628
3154
3522
3654
1946
1837
2699
2904
4769
2141
1994
3370
3129
3255
2185
1101
10932
10835
2365
3438
1926
2829
1061
2338
1895
10315
9571
1930
7366
2673
2955
2822
1531
1273
712
2054
9453
9321
9295
9211
8472
6962
9266
1149
2110
2447
2184
2222
2582
3964
3972
2559
5342
561
3950
3986
3034
2350
2092
137
13480
6138
13480
13537
13537
13447
13504
13498
13504
13009
12901
12796
13624
12976
13480
13540
13480
13564
13531
13480
13537
13585
631
890
2191
8345
3739
853
2155
2776
1301
3625
3511
3466
1884
1632
2001
1521
4314
2303
3004
699
34
29
29
40
29
5977
2340
2041
1001
2756
2289
4313
4492
4493
4371
6521
8223
3018
744
3809
3801
2217
2369
2268
1844
1813
951
839
3019
1267
2135
5977
7981
2864
585
1333
1166
3717
8833
1326
1564
1231
2874
1681
1895
2203
3042
3479
3327
2105
2090
331
1345
1874
1319
1044
687
1816
1903
2262
1089
2733
3136
677
762
4806
1310
1337
1439
1359
1249
1378
1347
1104
787
3101
1850
2414
2843
2681
2669
3345
3245
1845
2729
2661
1385
734
901
802
6389
6496
6571
2196
137
2855
506
1886
1444
1447
1438
1435
3285
3116
3068
2988
2823
2940
2170
2541
1844
1877
1901
1749
1825
1777
2036
1730
1886
1148
974
1587
1990
2582
3103
2516
1514
722
2134
2635
2941
2868
1922
2777
2434
1170
3113
3188
1349
1203
1235
1268
1627
1329
1517
1219
1799
2423
2827
4351
4344
1620
542
2159
2246
68
1435
484
493
269
1047
2296
3164
2721
2808
3317
798
5271
939
4000
4296
2275
3149
3171
3726
1743
4580
4190
4107
891
863
1223
1035
997
1314
1221
2870
2414
2116
2194
1377
1176
605
3937
1910
3273
5481
1955
2679
2592
2511
1281
1182
1065
3438
3265
2635
2167
2359
2516
1583
876
2464
1613
1932
2158
2677
2591
2794
2852
2882
4819
2318
5830
644
5186
3476
1237
1395
5174
5183
2453
1786
1313
1699
4653
4609
2067
696
1282
35
70
32
37
1448
1666
7863
2007
2612
5249
5167
5242
1068
634
1674
1115
2034
915
1426
1553
1454
1656
968
658
3029
3021
1278
1672
1777
1819
1678
1568
2474
2612
2355
2493
2375
1200
713
1092
507
2516
917
2788
2832
1865
2328
1713
3194
3257
3164
3100
2830
1582
1772
1946
926
1021
983
843
1213
1377
1323
1370
1316
2579
2865
2995
1972
1765
1095
1074
924
562
330
1569
1203
892
1637
3169
4322
1703
1000
1914
1021
930
1027
945
1090
914
774
714
1170
3669
5976
579
1305
1888
1882
2035
1176
10081
2297
2195
1536
2085
2575
3135
3566
3748
1743
1581
1841
2413
4735
2387
4643
1811
1664
2276
2849
2740
1184
1743
2076
1391
4709
1941
2065
1857
1788
2054
2178
1985
1379
2803
2750
5941
3542
4340
4660
4657
4597
1697
4657
1819
1932
3840
1917
411
3351
2672
1124
2104
1371
1304
661
1535
933
1216
723
2066
2216
2060
5153
5069
3032
4064
2948
3980
4081
1898
1762
1723
901
923
979
909
3578
3727
3413
3450
3517
3458
3391
1133
976
4843
1612
1874
1292
1077
1991
6569
4315
2646
5660
5099
4549
4124
3363
3350
2710
2825
1817
2785
7211
7681
2354
1552
1975
4122
3581
3778
3272
583
3130
1223
1538
1303
2380
3994
8322
4670
4562
1691
3334
1740
1568
9713
2345
4399
4525
908
7100
1920
3077
4315
4545
4296
2167
636
1710
8242
8264
8081
1504
1469
2808
2706
2544
2506
2488
2634
1134
1138
5421
5297
1680
1718
1757
2084
739
375
5312
5269
2312
3778
1355
4346
4529
432
12566
970
998
1376
2973
968
2300
2186
1753
965
5094
5098
1930
1888
1786
1954
802
1789
971
6001
6076
6094
5789
446
4408
1139
1864
1754
6468
1311
1330
1853
1872
2600
1533
2332
2182
1973
2094
2380
1776
1772
3420
7009
8410
7979
8819
5547
5155
4494
3205
3231
4335
4485
4399
4525
4360
1703
1159
1645
5561
1944
3927
3777
3922
4304
3785
3717
1826
1174
1539
3102
3111
3007
1630
868
9461
9391
3133
1740
2168
2107
2088
2508
2108
1055
6220
877
3588
3284
814
1563
2755
8293
8412
2768
8233
4612
4534
4501
4618
4579
2159
4437
4305
3286
3125
10073
11257
677
3033
3461
3534
2552
3163
4158
6327
6366
6207
1843
5341
2787
990
2849
9222
3518
8126
4587
1219
790
3427
3394
3124
138
3235
2963
7486
7393
4093
4165
2010
1792
1843
1322
1705
1662
1540
1648
1605
3484
4381
3412
837
2204
4249
4320
2819
1494
4360
3946
3951
4293
4341
4408
4360
4195
4147
3303
3043
3064
3098
2696
2596
3210
3705
3312
2584
2087
2722
2792
1839
6104
1826
1721
5556
8466
3464
6611
1920
7572
7594
3846
1941
7632
8482
8143
8605
8367
4883
4767
3983
3791
3848
3955
3058
2326
2073
2502
2073
3686
3584
2321
2444
2965
4532
4909
4163
6217
2678
1668
1023
3033
2765
4175
4235
5014
4773
4651
1459
1516
1530
1587
1316
5086
4879
4725
4728
5061
5048
3762
3176
2909
3161
2758
2654
2610
2344
954
1299
2317
2250
733
683
727
1131
1362
1843
2386
2112
2904
137
135
137
3980
2568
555
6565
5877
6041
4029
2698
3266
1647
1814
749
2690
3537
2270
2128
2283
3744
1293
1740
1691
1718
19415
1177
1245
26
1932
2544
2342
2282
1160
1782
3199
1750
1601
1526
1663
1514
1667
1806
1553
1832
640
736
2617
1674
2065
1825
2287
2451
3796
3840
3733
3060
3853
1768
2448
1920
2023
1800
1003
2953
2463
3602
3153
2925
9665
10705
11192
11039
2884
3254
3579
4627
2418
3087
3248
5597
4703
4678
2338
3153
4177
1821
2338
5129
2654
3206
3315
3136
3915
3777
3428
3305
2874
2805
601
2694
1942
2143
2991
3926
3394
3620
3736
3739
7265
1616
1665
6478
6460
6247
6247
6457
5140
2653
8713
2438
1459
3332
3389
4042
4041
3994
2128
3489
4422
4162
4114
4154
2024
2131
2015
1932
1780
1759
1643
1546
1625
4469
2381
2371
1772
4408
4698
5156
2098
1557
1076
1087
1206
2210
2780
952
3926
4424
4520
4148
3914
5133
3380
2316
3999
5218
2510
8041
7205
1769
2730
1769
529
2848
4532
1952
2041
1778
1652
3411
2011
4262
4125
1707
1782
4525
1932
1688
1814
2668
2518
1436
3916
3858
3893
1251
1702
1908
1502
2089
1875
2489
2073
2681
2125
2280
2288
2449
2301
2264
2788
2015
1888
2283
2413
2451
2430
3303
2528
2309
2575
1504
2065
1778
1796
1420
2156
1466
4027
3811
1660
2863
4687
1590
4949
1397
4859
3338
3543
1982
2568
966
2072
1920
2455
2597
2201
4255
2770
2704
2956
2959
2633
1970
1760
6704
6623
685
550
653
2073
1214
1118
1836
1737
2971
3080
3148
7655
1855
1044
1194
1098
3158
3170
3065
3155
3026
1476
3077
2181
2265
3167
3364
3463
1870
1405
1908
1853
1742
1445
1511
1531
592
2295
6582
6686
768
861
883
1163
1587
3045
2789
4023
2395
2035
1957
110
1541
1539
2286
2071
1638
2299
1680
1610
1665
3942
1388
2383
772
951
623
2608
1570
1567
11701
11546
11503
11549
1923
1767
1608
1278
1723
1655
1645
1897
1805
1495
2258
2404
2511
2336
2093
4248
811
3892
3174
3076
2979
1834
781
508
516
487
1778
1774
1923
1790
3955
939
956
4120
4132
572
1337
1336
1341
927
1016
1010
1221
4259
1148
926
2976
2257
1334
3330
1742
2095
3011
3253
3330
1087
1226
921
1862
2021
2725
2738
2770
2638
2665
4076
2125
2166
2757
2292
2190
3247
3284
2460
2334
2225
2858
5021
5451
5357
4995
680
1049
5510
358
434
3774
3133
2625
468
583
2121
4171
4201
868
932
879
1739
754
709
1687
5335
5587
5398
5401
3411
3268
3156
1060
1400
1366
1681
8655
778
1652
1408
1369
3059
2976
2884
1209
1120
2647
4657
4564
4575
1041
3275
4420
4408
1689
5138
1743
2003
2103
2622
2492
2928
8486
5244
8823
8934
1841
75
75
1914
1824
3203
1542
1082
1108
3171
1067
1041
1456
814
1252
1512
1721
1569
6170
760
814
1267
1150
1089
972
1096
918
3609
5397
5616
2710
3975
1686
2567
14886
2095
2099
2015
2211
2058
2301
2373
1186
1643
1583
3775
4330
4372
3145
1990
2435
3600
770
2084
2360
2586
2596
2920
2394
3574
2794
2040
909
4150
2731
1966
1716
1721
1613
1726
1599
3897
1721
3218
2929
1295
2029
1849
3196
1047
2581
2551
2082
1970
2408
2258
3010
1660
1963
2709
2664
2544
2499
2547
1766
4916
4919
3937
1530
1739
1441
1089
2462
2158
2487
2572
936
1139
2839
2700
2091
2028
2711
1456
1808
5018
84
523
1159
1975
4022
3683
3663
3540
2514
4053
2749
3267
1962
2209
4611
4698
1716
10378
9332
7141
1684
85
6200
2484
692
4154
4057
1451
1615
1504
3004
8424
2599
1360
1054
930
1587
3865
2982
1335
1128
4878
5126
4704
2290
3162
2007
4744
4345
4218
1141
448
1527
1208
1788
1521
8532
4137
284
4617
750
1815
1777
2254
1780
1573
8334
3368
4193
5047
2616
3052
5908
4113
2206
1766
6158
6009
3099
1791
1210
1047
1147
2969
2284
1938
2098
1543
1821
3123
2714
2345
7363
6149
397
6622
6477
6652
6634
6666
6615
6726
1516
1384
6863
6856
1954
2596
1755
1243
2876
3530
1754
1816
2536
706
2394
9345
9245
9103
9634
9534
9529
9392
8837
1237
3279
2454
1630
2558
1674
11063
10659
11327
5308
2372
1999
1889
2733
3490
1130
1504
2877
2805
4046
7158
1913
4722
2170
4656
2626
5794
5743
5532
2132
5551
974
3673
3509
3344
2468
1751
1410
1858
2134
3481
3834
959
986
1729
1823
1693
3906
3355
5912
3994
4451
5125
4936
5007
1658
1695
1728
3583
7241
7195
7320
2605
1019
1209
4771
901
5740
1481
9756
9822
1264
1634
4823
4809
4734
4409
1949
5431
5725
5310
5476
2382
2217
7550
1294
1520
1256
3386
1230
1307
3033
3003
2214
4049
1610
1971
2524
3029
4838
4828
3106
1050
4256
2430
4457
5441
1634
1291
1796
1230
1691
2715
2085
1965
1932
1705
3868
2873
2755
5970
7954
2226
2902
7202
5432
5348
2509
2818
2380
3210
3038
2971
5344
5231
5521
6931
6777
2997
2961
1537
2528
2115
1398
1552
1438
1318
1205
1973
2133
2287
2090
2038
2015
4680
967
686
2831
2274
1968
3945
1987
1377
2147
3267
8002
4808
4905
4524
2550
2041
2021
2018
2123
3324
1655
2210
2100
2043
3728
1186
1587
5119
3223
3170
3154
2564
5806
5863
631
597
4013
1869
2113
9287
1507
687
1026
1038
961
1280
3691
4562
94
2116
3502
3499
3398
3433
3324
3466
3614
791
1953
2135
3139
2060
2151
4041
2112
2290
2744
3686
3952
3699
3780
3624
2099
1047
1374
99
1641
2944
1825
3159
2490
1004
2700
2373
3370
1911
1677
1680
1673
1780
1676
3268
1610
250
1343
1225
2918
7151
7184
7022
7055
4539
1714
4431
3245
1596
2665
3256
3004
3548
1791
1792
1290
4144
5173
2038
1468
3045
2261
29
30
3384
4445
34
1755
1768
1695
1876
1816
748
1587
1152
1089
854
627
2393
3802
2143
2322
2155
1853
1865
2326
2742
4120
3797
2307
3285
9010
3190
1649
1131
1592
3876
3935
3855
3801
3782
1912
1970
1566
1593
4641
1121
1125
1113
5614
1714
2258
769
3541
1203
1042
1239
3080
3188
3075
1061
2579
2472
755
7370
7204
7321
948
2680
2477
2089
1324
1557
3053
8228
1277
2780
1814
1729
3243
1877
2128
5727
4002
3482
1819
475
365
3691
224
1432
1652
1787
3836
3543
621
7537
5804
3230
3223
1365
1329
6821
3035
3192
1787
2216
931
4271
4118
3607
2186
3673
863
3365
2225
4987
5287
5506
1468
3367
3299
3025
3243
1775
1765
1311
3257
5131
5760
3900
2735
859
1853
4186
3887
2259
4633
4678
3267
5419
5495
1651
6606
4370
2232
1182
1171
1931
2699
2532
2188
3811
7575
8534
2346
621
1146
1357
1595
1368
4122
2899
1197
1047
2036
2064
9357
9247
5413
3351
2958
4402
3970
5622
3800
1489
1464
1119
3327
5729
5384
1112
4528
2506
4136
4223
4161
3980
2063
1771
1911
3124
1119
2731
3046
3038
2858
3243
3237
3057
2355
3095
2077
3156
5531
4203
5621
5237
5381
5387
2340
3906
2729
3315
2410
1555
1441
1946
1779
2152
2309
3147
2729
2815
8312
4342
5572
3045
2208
883
1458
1493
1213
1520
1524
1155
1100
1088
1128
1828
2881
2725
1883
2823
3748
2079
1308
2037
1366
1374
1974
1315
1917
1301
1711
1736
2483
1945
1670
761
827
363
6841
953
2851
3138
5405
5078
1961
3982
3744
4701
4640
4369
2766
4025
1369
3037
4013
621
2326
2398
602
932
1955
1810
2285
2037
2043
1748
1716
1499
1394
1435
1457
1296
1623
2760
1472
1333
5780
5790
3178
2647
2395
2736
2730
1129
953
2053
6282
4578
4590
5184
1468
1564
1662
988
1387
6625
2084
3647
3538
3288
3035
3124
3123
2590
4372
4375
1775
1767
1643
1348
1920
5254
5347
2293
2906
2177
2975
1026
2832
2736
1603
1043
1393
2084
2088
1500
4196
3634
3653
3825
3640
3620
4783
4723
1331
9376
1597
434
2775
2496
2413
2694
2528
696
4657
4855
1017
1022
4211
4232
1245
7126
278
17008
2103
2822
5001
1977
1491
3302
4497
4187
4383
4727
8382
2001
1937
2449
694
2400
8517
8576
8702
1477
3081
2896
2090
8666
1257
1197
1011
1170
3774
3961
3672
3800
3672
5503
2054
693
1170
564
2950
545
1181
1162
808
1194
721
735
1508
1598
3846
3221
796
650
1602
1176
996
1321
6349
4810
1916
1465
3497
3402
1417
2139
3236
1920
1533
1820
1578
34
3135
3274
2998
2925
3038
2026
2074
4854
4897
5602
5473
5559
5430
3873
4504
2966
2837
718
2826
1824
2623
2362
1389
2075
2009
1730
1197
2901
3031
3480
3913
5222
5304
3355
2281
1157
883
2554
2433
7508
910
1520
2562
612
8194
1421
1897
2342
2339
3712
3649
5366
1388
730
4339
903
1913
1503
1340
2962
2601
1256
1800
5864
5880
5775
2931
1833
2068
2863
2224
2350
2329
2250
2332
2273
2254
6964
2747
2065
2136
2976
3060
3063
3197
3537
3103
2666
874
2559
4473
2085
2745
3529
3400
3797
2997
2489
1874
2244
1931
2124
2013
2285
2094
2080
1769
1850
1351
1375
1318
1399
1147
1003
795
6736
6800
3609
3892
1670
2747
1289
1611
910
2676
2629
2626
2749
2627
1435
966
1384
2173
2624
2119
2709
2622
1740
4497
1507
1793
1767
1505
2909
1517
6539
13678
2883
3680
1793
1783
1700
5106
4235
4236
2148
2055
4704
1754
4177
2741
2612
2862
2298
481
2572
2116
1899
920
1439
441
4548
1946
1272
3321
3119
7578
6281
4984
2820
2076
2452
586
2221
2120
1433
1327
902
1983
1923
4851
2789
2620
1547
2721
2909
5304
537
441
591
630
3685
2922
3253
2616
3405
6322
3878
2207
3453
3327
1069
1360
5382
2252
665
2472
1310
1795
1547
3245
5742
2408
2289
5221
2034
1618
1642
1912
2627
3094
12264
11950
12193
136
4039
1029
1762
2171
1635
1363
4335
4715
1632
1726
2319
2662
2532
4545
3680
1629
1830
1908
1758
1614
1554
1527
3026
5450
7840
956
1149
4458
1853
9252
5345
3808
2916
3158
3245
3281
645
6162
6132
6039
1321
3059
7020
3063
3130
4401
28
30
30
38
1080
2138
4595
1961
1730
1571
2741
3215
1228
1673
2342
2062
3253
1505
1219
1170
1909
5216
5169
5123
1230
5632
5552
5205
2330
2071
2029
2145
2139
1905
1498
1729
1598
3158
2929
3257
2678
1311
1860
1108
872
763
9884
5540
2300
2887
2768
2825
2653
1408
2100
1936
1455
1699
1837
1503
1873
4530
651
2406
2140
690
1655
15639
15134
2233
2824
2044
2086
4265
1666
1485
4030
2400
803
888
4914
1830
5549
5653
2165
3503
3001
2432
1822
567
5463
1706
2712
1271
3564
1581
5105
5044
5171
715
6378
6694
2427
2828
3185
3083
2197
2337
5212
6463
4334
4298
5005
1671
2889
1215
3404
3274
3583
1769
1766
1711
3477
4832
4823
2348
374
564
72
126
1543
1404
1330
1940
2090
983
1002
1111
4802
1947
690
1944
2247
847
1992
2573
367
2089
3841
4874
5162
5044
4725
7123
6499
1124
1819
1359
4034
3342
3770
2798
6583
6938
3990
1108
7342
4345
2567
7483
7513
1587
3878
3445
3424
3353
3433
2203
6401
3904
3097
2840
873
2055
2389
996
3665
3533
3544
4030
3276
27
36
62
29
2802
1367
3232
2368
10716
1590
2822
2132
11386
3046
3038
1561
2430
2309
910
2838
1917
2313
1041
4325
1861
2183
5005
5832
5862
5925
6232
2391
1460
10782
2513
3794
7138
8079
1723
3472
1494
2191
1654
5013
4996
4944
2227
4820
1964
1961
3204
2825
2353
2242
1211
1033
1409
1192
918
1890
1872
1482
2944
2922
3002
2843
3077
2170
2405
3314
3379
3208
3124
3214
3434
3182
2600
16160
2892
1913
5207
5141
2474
1021
3545
3344
3232
2157
7541
3609
3674
3830
2087
5736
1338
4020
5312
4185
1023
3738
2331
5228
1910
2992
2542
2173
2297
529
853
1451
1641
1825
4347
665
664
1108
7159
3438
4248
4117
3551
3965
4494
3681
9919
2359
2198
1573
1508
2774
1682
2678
2648
3018
4098
2563
1214
1961
783
1005
976
1751
4814
2335
3487
1390
2417
1619
1306
1450
1458
1451
2117
829
755
130
2029
949
6062
3666
3518
1876
2054
4481
2421
1415
1613
1841
3992
2671
6409
4145
3508
3218
1765
1602
3076
3677
3789
1863
3705
3588
3979
3923
3960
5474
5579
4715
1191
1195
2455
3009
2705
2163
1510
1464
919
2022
2022
1896
1141
4770
1684
2519
3001
1877
3173
2913
2904
2546
2194
6285
6134
6123
1904
5899
1196
931
3341
3374
3675
3522
2603
6219
5618
1648
1470
1635
4033
3294
977
1098
1039
4474
2972
3202
3085
2768
3068
6954
6840
6755
7290
1624
1526
974
967
1398
1271
1176
229
712
872
925
811
875
1344
1233
1596
400
534
736
583
274
780
431
1186
1487
1652
1031
1119
1180
1806
1171
1550
1589
3020
2340
2343
2104
1996
1441
6906
6972
7464
7748
2494
786
2420
3808
1194
1970
1324
3983
1153
5829
6641
6020
6308
1980
2544
5329
9423
2908
1479
2007
3262
2251
2751
3493
3781
3832
3345
3186
4559
4421
2038
3733
3736
2612
2365
2224
1948
1222
1690
1786
1691
1446
1443
1332
4000
3709
2309
2813
633
1031
1433
8009
4501
1358
4794
2734
1645
1430
607
567
3019
3016
2503
1600
4775
2647
2579
1525
1878
442
6226
6124
1102
4626
3431
4149
2412
2773
2620
7642
7552
3761
2149
2929
3111
2947
3349
10908
1301
2017
1518
2328
2076
6363
1722
1683
1802
841
767
3483
926
6773
3207
2039
1167
3839
639
2799
3548
4549
14734
2305
3224
3164
2374
2310
2179
2041
4306
4471
4282
6000
2615
2418
3812
3534
3046
3613
3700
3622
764
1314
1753
2469
4648
4209
981
2705
2108
5185
4181
1670
4444
1000
927
7096
2095
2296
1901
1810
3920
3895
2508
2984
2892
5842
3063
2419
2658
2490
4738
5454
7487
7430
3105
1442
2900
3477
5580
5427
1280
4927
1549
1632
7799
2285
4702
4571
4719
1818
4357
6001
2217
1865
4915
1319
4919
1377
6077
4539
4624
3125
1614
4532
4459
5291
7520
3459
5608
7637
1504
1823
2681
2451
2595
2825
1660
1784
1960
2796
2389
1188
4597
2681
2491
1144
2088
1270
1226
3753
3543
2733
1821
6923
2607
2903
2810
2493
2785
1668
2720
2831
2139
2123
4708
1083
1221
1992
21469
1684
1148
1073
2106
2249
3863
1391
4363
3229
4096
2312
3777
1102
969
877
1063
1236
912
1007
4317
1749
3858
1799
4096
3975
4058
5301
1203
201
6874
3181
6996
6531
6261
1508
2513
2429
2518
2659
1862
2226
2087
2169
2853
2842
1459
6322
3530
2204
2494
1250
1220
3596
5462
5525
5375
1818
4684
5058
4945
4432
2141
708
4108
2523
757
3890
2738
1414
2241
8793
8766
2191
2031
3200
2709
904
5447
5406
3410
2551
5260
3124
3058
1534
1524
1530
1485
1627
1669
1701
1866
1014
1034
1096
1939
2540
1405
1872
1705
3029
3181
2081
3084
438
2649
2050
2489
1484
1875
1606
2503
2170
2505
1027
4199
4665
2211
2293
2248
2208
2137
2357
2258
2140
1832
2338
1872
3817
1926
1975
2562
27
29
39
27
2006
1406
2391
1385
725
1169
4651
1405
724
1386
570
1988
34
39
39
30
6715
6666
2565
945
936
939
1032
1863
1795
1658
1630
1610
1288
1488
341
2003
1886
1847
10693
1546
1547
1481
1491
1599
1714
1693
1695
1498
1172
1171
1764
741
1892
996
1220
1930
1790
740
1346
866
878
894
1059
888
901
889
818
715
735
1679
1711
1784
1743
1816
1409
1404
2154
1825
2224
2170
2031
2098
1989
2056
1972
2042
2121
2054
2079
2012
795
1606
1496
1012
1701
3902
5457
3080
2946
4275
3210
2636
3249
3184
3223
3207
3055
3009
1838
1864
3944
2935
1987
715
2474
2200
2876
2331
4684
1141
1293
7713
7417
103
109
2397
2883
3620
4522
4499
1796
1954
1611
4910
1392
1579
373
410
978
471
374
397
122
841
440
201
562
539
1929
419
379
756
702
1193
611
614
791
452
1407
376
424
203
1214
538
625
491
625
418
364
381
353
376
346
387
1951
1467
410
1222
32
903
1075
912
391
1604
328
1036
478
219
1044
1032
1297
1031
1036
329
494
1031
1027
1038
40
487
1031
1032
1029
32
325
276
331
476
1145
334
478
323
159
1032
246
1073
106
1030
335
337
332
327
137
329
493
1032
334
338
184
331
1035
1032
328
1033
330
485
1032
697
2501
1719
1715
1776
1658
2059
2128
2507
2263
2131
1111
1108
1119
1220
1294
1046
3537
3248
2630
1859
2603
2555
2501
2335
2563
2470
2385
2008
1129
1419
1393
1771
1636
1598
1463
1478
1621
1486
3260
4230
2240
2240
1830
2168
2360
2048
2193
2114
1293
1378
1724
3552
1742
3632
2724
2507
2445
3905
4935
2839
1201
2719
3123
3166
4214
3741
3849
2351
3562
2062
3524
3174
3075
2002
2344
2020
3117
2838
1160
1360
1199
1106
1046
5937
6029
1141
1587
643
1121
2524
650
2915
2199
1797
1629
2593
2528
2876
2984
3243
1872
4404
4278
2677
1685
1674
1678
3038
2838
2747
1276
1174
1276
1070
1018
2221
1251
1149
1372
4600
2668
2009
2772
2191
1973
2286
2162
1770
1709
2219
2495
3853
4303
4280
4215
3733
3655
3820
3885
3765
1003
994
1169
834
828
952
3877
977
3556
2626
4046
1676
2229
2330
1953
3654
3600
4527
4458
4618
4702
2803
2437
2116
1241
970
1392
1255
1285
1503
2232
2150
683
1086
625
699
2315
883
1890
1949
1791
2208
1973
1624
1865
1848
2175
1970
2775
1547
2201
1944
1948
2027
1470
1478
2047
860
1228
2240
2382
2798
1495
2525
2536
3291
3380
3399
3403
988
2071
1920
4927
3603
7856
2342
6293
1139
1059
1224
1925
1229
1318
2097
784
923
902
926
1072
1955
1476
1360
3426
3917
3845
4019
1209
3527
1530
2584
3140
1652
3675
343
964
5581
4832
2156
2085
443
2882
2022
2558
1989
2174
4222
3970
1781
1903
1210
1202
4281
4578
9134
4562
1046
6855
2806
501
1210
2679
3046
9526
9599
9602
5714
5569
10386
1476
5893
5836
5932
5842
1032
2186
2550
2720
1739
2533
1348
3080
2975
3125
3267
3013
3124
6014
5918
1456
2279
3254
2924
1833
1705
1608
3395
1321
896
2611
2789
3829
2853
1680
1011
1571
1566
1437
3013
7863
7832
4599
2583
1648
1550
1645
1205
1856
1484
1123
2334
2165
2310
1238
1802
3095
1995
1698
2390
2521
2660
2483
3108
3566
2010
2334
2113
3460
4291
2256
4492
4398
3841
1357
1298
1312
3351
3267
3384
3605
2279
3407
3429
3509
3380
3302
1357
1661
3583
3678
3549
3693
3987
3848
871
3730
3145
2905
3498
6665
6550
2019
2204
4987
6241
6400
745
3201
2866
2121
2361
7127
5638
4776
807
3123
5235
5371
2885
711
295
1744
1022
1964
522
2710
2961
2817
1690
1614
2621
1805
1752
1733
2821
4120
1793
3095
3938
859
2686
2301
1576
1784
1679
1773
5312
2306
6093
1357
1567
1395
1176
4351
4399
2458
2812
2628
2629
2854
3031
10292
8211
4199
6508
1209
6787
1548
1579
1476
1707
413
2845
2849
1503
4925
3687
4350
4101
5033
4825
4849
4470
5394
3606
4301
3857
3816
3423
559
507
5045
5231
2941
2476
4640
3935
3887
3308
3306
2946
4861
3927
3355
3203
3334
2160
13237
12876
12960
12897
2720
1707
1730
1939
889
886
769
127
1423
1279
4022
1321
1858
2002
6526
6262
787
2112
3660
5570
1979
2925
1924
1836
912
4734
4641
7010
6881
6469
1062
2991
3082
3464
5293
4689
4742
1293
2167
1511
4912
4732
4703
4557
4002
1992
5695
2204
3861
2589
1728
4261
4146
3603
2067
2194
1698
7977
8509
1714
3094
4475
2512
2509
1779
3081
2440
2305
2439
2422
2440
927
906
2477
1982
2372
5607
5769
5562
610
1077
5705
5774
5590
3859
3748
2809
4256
4226
1780
1684
2540
1381
2373
2482
2355
2770
2610
1692
1807
2130
3309
2171
4915
3529
3931
1386
1216
1561
2850
8067
4315
8202
2762
1473
2686
6215
1370
1244
5279
1516
1685
2619
2440
2786
4440
4489
3503
2750
1635
4059
3932
4062
2655
3137
863
3297
3100
2490
1678
1905
391
3366
3363
1697
3361
3149
3110
3306
1180
21875
21809
6733
6880
1079
4861
3294
2687
2579
2454
2729
2590
3714
1973
5548
2169
3448
1438
6486
1575
2723
3876
4119
2461
2767
1405
1684
4400
4568
4701
2974
10060
10152
6689
6781
3381
3378
1200
3391
2818
2043
452
2576
2103
2002
1975
2087
523
575
896
1441
2023
3758
3660
3284
2956
3334
1368
1479
1133
1063
2430
4300
4201
1594
1754
1282
5356
5124
1831
1668
4164
1460
849
1868
4067
6540
2146
6248
4621
3657
1438
1978
1328
1269
2564
2525
2354
140
1877
9675
1625
7309
1545
1857
2513
1587
3022
1358
1727
4868
3724
3790
3709
1608
5984
5981
3048
1621
3404
3240
3230
2850
1212
2830
5373
2907
801
1799
5399
2065
2432
3937
5391
2813
3479
2228
1650
1516
1507
1631
3666
3669
2844
2953
5258
5261
5267
5249
3435
1712
7058
2405
2791
1343
865
2941
5217
4059
5076
5598
5556
4411
12919
6891
70
1823
6003
5953
6539
5954
2140
5735
5789
1147
6004
1151
2944
3245
2551
2451
2041
2533
2914
2626
4404
1597
4301
4155
1259
6089
1393
5938
6077
5831
1682
3644
3611
3500
3467
3559
3520
952
1161
961
1742
2693
2460
1603
1578
1765
1630
1002
6740
2643
7358
8099
7655
1174
2502
2592
3517
2178
2271
2037
2044
2304
1485
1535
1379
1596
3096
1715
2178
1798
2988
3157
3029
2462
1125
1047
3415
2607
896
1061
8551
5443
2232
852
262
1216
1617
2403
1741
8136
6670
2564
3327
1165
1097
1779
915
2784
1171
2842
3016
2637
1626
1728
1725
1665
1539
7896
7824
684
605
2075
1560
3362
5263
5542
4144
2156
1565
376
3942
933
3654
1530
1534
1915
2166
4683
2359
3105
1879
3183
2036
877
570
848
2474
2459
4113
4767
2498
3105
2557
3199
1422
3012
1884
6030
1677
4109
1886
1734
4147
364
1817
218
4342
4347
5402
1876
5459
4874
1334
1208
1165
1424
1437
978
2025
1777
2761
2490
2930
1392
3093
2988
2642
7232
2585
2422
395
2123
891
629
2233
2029
810
2501
6981
6128
894
4187
3409
4731
6279
1595
4457
1826
1620
904
880
1179
4400
3730
1736
1358
864
140
1125
4302
1655
1187
1747
7178
1762
4173
1630
1753
824
26
30
47
32
30
32
31
35
54
53
7179
7508
7499
2185
1987
1891
2026
2383
496
6214
4193
3722
3648
2871
3019
2947
2416
1996
3738
7077
3990
2202
2172
2082
2202
2058
7902
7851
783
1076
1259
702
693
1723
616
1874
1865
3745
3522
3710
3909
1401
1099
2517
1584
1487
1542
3808
3465
1644
4201
4220
1375
1772
3433
1229
1954
3875
2295
2795
2744
2744
1985
2760
3439
3145
2974
2911
2859
2813
3199
3214
1606
3891
4469
4430
2338
2139
3606
5027
4839
4979
2294
2632
7283
1357
785
701
6922
6757
6836
417
256
5041
4416
4407
4464
813
871
4745
2846
3845
3592
3756
2515
1680
1612
2135
2017
1846
1778
2891
926
1990
2041
1588
2803
3199
3371
3250
4680
2415
907
1176
3688
3554
8446
7178
3199
2566
8471
531
890
7965
3650
3821
2402
1806
1642
2168
2742
2767
1932
1935
1275
700
3871
2947
714
668
210
248
652
466
899
3868
2451
2106
1491
3182
3219
3512
3198
1521
3509
3299
1471
1539
1839
1649
1346
1156
2060
1659
1760
2312
790
2473
1589
1667
1395
1571
1717
1188
10272
10221
10277
2226
746
855
712
436
785
2331
12750
2822
3274
2124
1326
1957
1171
1331
914
1939
2193
3779
3663
3397
4231
3120
3575
1143
1737
1395
1390
1858
3144
7489
4202
1287
11098
2105
1443
2062
1366
2648
1478
1091
4507
4504
3008
1702
1114
1636
1458
2166
2469
1283
7813
7600
2887
1430
2689
1932
2605
2238
6495
2076
2253
1627
4518
4461
1987
1841
3704
2317
1405
2592
3412
2368
1732
1793
1976
2587
2774
2884
2712
3213
2488
2660
1981
2119
1225
2705
2674
1627
1529
1327
2670
1600
1854
1850
1730
1775
1616
1709
785
1741
2963
97
70
70
73
77
73
75
70
70
76
73
103
68
70
76
71
70
70
73
73
72
73
71
68
73
70
73
71
70
70
70
71
71
70
68
70
69
70
73
63
86
2638
985
706
684
872
1908
1682
712
861
4436
1005
1616
4432
4315
1054
2194
14340
2808
3362
3883
1757
1797
2193
2408
2235
2225
3057
2584
2401
2405
2044
1927
1209
1162
1125
1933
2354
3314
3404
1904
2799
2127
2559
1781
979
8607
1425
1752
1626
1420
5518
2567
2428
2492
2717
1556
2269
6701
1753
2577
270
4175
1557
542
694
5788
5579
5693
5761
6178
126
3456
3501
3246
3528
3408
1279
1120
1431
3239
5006
4847
4840
1162
2603
2570
2381
873
795
822
735
1647
1410
3277
2638
2601
2544
2573
2576
1382
1436
2011
4959
3311
2056
651
920
1695
4761
3394
2242
1844
1999
1899
6756
2237
1201
1847
1623
1679
1585
4710
4653
1753
1810
1793
4211
770
575
2046
2986
3390
2855
2771
3634
2518
6548
6287
4293
1934
18170
1890
1966
1927
2453
3715
3635
2855
3526
5076
4962
3340
2726
3570
1516
2861
3660
1162
6149
6320
6365
6332
2029
2831
2784
1100
863
2106
720
1206
1422
1978
1450
813
476
1619
1537
1916
1709
1610
1519
2012
1116
1120
230
357
1466
1457
180
2530
2039
358
206
2663
2652
946
4013
4076
1732
1298
3235
1289
3239
1278
547
533
557
9611
1842
2071
154
1098
1743
939
1005
1148
376
864
4401
4276
1763
4091
32
37
29
28
30
966
3399
530
547
822
1598
1125
2324
684
710
35
352
38
34
3442
3846
4428
4547
3333
3471
2568
2446
2310
2253
2793
6563
6645
6384
1445
3586
1899
30
37
42
3104
4778
3358
3247
1762
5243
29
1751
32
28
37
38
1665
2711
1308
2478
1889
4293
1302
1436
8052
1751
1616
1643
1828
1605
420
1831
1522
1414
1326
748
1404
1795
2469
3373
67
96
4685
96
789
96
97
4429
7846
96
97
96
96
96
103
93
94
93
93
8993
93
93
6671
93
2286
105
1235
99
93
418
93
93
97
93
91
84
631
82
82
662
82
82
82
817
82
615
82
358
82
82
81
82
644
82
82
81
2097
82
82
82
82
164
82
342
609
82
82
1934
82
82
82
82
82
82
82
4150
82
82
82
82
82
82
82
82
900
76
67
4515
4586
5163
5472
915
2069
1184
1167
5809
5723
5938
1581
2351
4438
1424
1677
3136
2349
15330
3523
3269
5256
4070
4511
32
34
4511
5256
4070
39
31
954
31
31
42
35
31
1862
478
3632
3596
1954
4443
1659
2525
6761
7162
6922
31
1069
35
42
35
30
58
52
29
39
29
1144
31
42
29
28
30
1949
2858
2794
828
24
40
33
32
25
32
1626
1020
653
32
35
30
47
30
39
29
865
31
1017
1566
1720
32
32
34
2738
2854
5034
4887
5521
4961
5680
2215
1630
4926
5412
982
6799
1010
3041
3143
3431
2155
828
2072
2368
34
28
29
42
1082
28
1144
885
29
39
30
47
30
35
29
42
1673
1279
42
29
2470
2386
5616
1241
1244
1821
1738
3113
4134
3755
2023
3927
15558
1530
3039
2683
1051
1046
2317
2739
984
992
823
5775
7009
7326
7501
7456
7460
7431
7687
7753
7838
7362
535
3791
1907
3842
4261
42
29
5200
4269
42
966
2727
3693
5079
5402
1492
736
1972
2046
2380
1475
2890
2476
2619
1689
2987
1952
1931
2762
3111
2662
3708
3687
3612
3591
3095
3046
1939
1156
641
2469
7254
1101
1539
4919
5024
2043
3080
5789
2811
2816
1094
3541
5512
4379
2202
1126
1166
2317
4386
4288
4535
4684
3740
4215
2125
2545
1651
4676
1819
2234
5326
2789
5032
1756
1773
1713
1694
4575
3699
4665
4711
4526
4460
2141
2242
1638
667
1730
1705
1520
1839
5937
860
2297
2202
2145
230
564
2210
2251
3134
713
993
2273
2069
2063
1621
1698
755
871
2473
2425
2331
1703
3894
584
3383
1560
6224
2293
2932
3226
1893
1379
4157
1234
2236
2416
2419
2374
2416
2413
2048
1455
5020
1771
3127
2944
2115
4669
1553
3949
3521
3495
7230
7248
1608
587
1422
3366
1097
3186
3014
11722
2891
2037
1896
2520
3583
2986
3396
3323
4187
4831
4864
1231
1716
2511
4585
1524
3501
3223
3316
3298
3040
1643
1387
1291
1273
7439
8040
10459
7845
2530
2307
2148
2413
2647
3942
3938
6032
5516
2557
3476
4728
4349
1803
5625
1955
7740
2763
1147
1589
1958
2503
2560
2363
2317
1654
2448
2538
1653
2185
1939
2312
2916
1616
2764
5153
5607
5678
2101
3067
3070
2221
6209
6215
6235
10274
5622
4980
5697
5555
5617
3357
1778
1586
3493
5514
2375
1933
1927
1825
1662
345
2857
1778
1577
788
2375
1633
1444
3053
1798
2113
2330
1453
2593
1774
1315
796
1490
1329
1816
2063
2524
1814
2318
2242
2558
2561
1678
3961
3793
4872
4585
4581
1790
2556
2409
7787
2875
717
2596
1865
986
2017
2453
1901
1424
1452
1270
2525
2529
6345
1435
1877
1608
1840
5677
5485
1579
2498
2463
3911
2584
1100
2577
2607
801
915
2384
4281
933
1927
1682
3940
3936
4013
1792
1796
1671
5924
2290
6098
5930
5908
5912
5873
3012
1616
2145
4514
4377
5401
5329
472
2642
2695
4707
8614
8630
2144
1828
2196
1482
1872
11626
5096
5264
4301
4556
2091
6779
6914
4085
4106
3208
3121
3343
1994
1405
3935
2639
934
2749
2724
2621
2760
5676
3453
2390
2032
2042
2404
3015
3051
1633
1609
1645
1630
5940
4131
2284
2585
1842
5546
5848
5686
2526
3786
1406
2539
7246
2601
2001
1973
6682
2256
4513
4404
1649
210
1696
750
30
40
31
34
60
29
31
36
56
32
34
38
38
36
30
68
31
36
32
1029
59
30
37
29
67
30
34
34
35
1774
5081
4589
1715
4936
10577
1936
3309
1691
1100
9182
9074
2115
2457
2145
4224
885
2979
2769
3084
982
1971
12144
12225
515
693
612
684
5162
5100
1561
4212
4460
1925
7309
8139
1691
2136
1464
2800
2814
2762
2799
864
2196
6987
6698
6562
2411
4812
2441
727
1791
1991
1885
3748
1260
11963
1938
7008
7224
6990
5749
3804
4340
1413
4440
2023
1487
2161
4477
4408
4644
1993
2162
3017
4774
4784
4702
4712
3973
7217
909
2384
2300
2148
2391
4647
4620
4442
6082
5426
986
3764
4122
3651
1084
3141
3382
3268
3021
1603
2220
1755
3927
1245
1804
1202
1518
4988
4991
4893
4845
1115
2750
4092
4146
3479
2330
5535
5562
5532
5416
5183
3768
2762
1512
4714
1666
3468
2363
2221
1580
1484
1459
1634
1553
1625
1658
7048
7208
5880
1579
1946
10667
10996
10972
10826
925
13400
13271
11141
11012
1966
601
3438
1576
39
36
63
30
30
39
34
34
31
53
32
31
65
42
46
30
36
31
54
57
46
31
61
2919
47
29
40
33
35
90
67
141
42
31
38
63
63
52
39
73
29
51
1401
69
69
65
67
69
48
39
40
39
29
34
30
31
32
53
63
41
52
31
35
41
28
32
2214
11647
9562
2115
2978
1239
1287
1786
1786
1786
1786
1912
1116
3354
1565
1565
1626
1333
1933
1435
1083
4873
4192
4069
3974
3941
3761
2326
2442
2479
2183
1783
1654
2030
1930
1473
2371
15196
1143
2627
1092
1042
8219
8075
8024
8214
1321
2813
1052
3614
1027
8156
8161
1786
2153
1912
1484
1321
2026
8615
1915
1830
1991
1652
1789
2656
1650
3719
3569
785
1979
1490
3110
1345
3094
1617
1797
2745
647
453
2578
2521
1458
2850
2350
4468
2534
2189
2533
1081
4479
5544
6485
5498
4085
4095
4078
3795
2289
1157
3206
2519
2279
7200
7336
4432
2392
5707
5914
3137
554
3684
2413
1280
457
785
1431
1445
1871
70
70
3271
3176
2125
1834
835
2876
1283
4347
2372
6231
2843
2927
947
1818
3342
3617
3450
3969
1294
2037
2363
2333
1536
1491
2766
2278
1044
4634
4493
4603
4462
2241
2558
7271
5001
3301
3786
2464
1403
2876
2582
2498
2271
2355
2228
2524
1257
1167
5043
5186
5476
3613
3301
512
437
1167
1256
1705
2121
1329
4062
4513
5331
5295
5316
5307
7078
6855
2047
561
3003
2027
2791
2880
2892
2760
1831
9145
2185
6255
8168
568
2102
1993
2100
4942
8672
2725
8862
4041
1438
3291
1121
1245
1656
1843
2506
2674
2458
2458
1552
2028
1955
2625
2375
1902
3146
3400
3869
4550
4572
2436
2389
1295
907
5250
29
2433
29
28
27
1116
2491
2444
2764
2000
2557
2560
2271
2770
2203
2730
1267
7034
5993
7227
923
2093
2453
2105
2800
3401
2747
1860
1342
1205
2358
2173
2361
531
1985
1982
1832
1835
1836
4632
3072
3310
3713
3080
2928
1781
2245
2237
2093
1834
5449
5593
4640
2194
2254
39
3176
2566
4815
4551
2295
2111
2324
2738
2797
2887
2861
2834
2749
2157
2103
2001
2004
1931
3336
3375
1418
1529
1366
1451
1293
1318
2692
4239
4242
2843
1845
1748
1766
3684
2539
3764
4068
3853
2607
2610
3127
2740
1736
2012
2629
2470
1291
1771
1562
1588
3004
3542
3549
767
2333
3382
3465
3432
3406
2218
4515
4425
2615
3173
37
31
39
1661
923
694
746
1890
1795
3252
3183
3303
6679
6777
4158
3937
525
1446
1714
1935
1801
1696
1501
2025
3231
2260
8289
1193
3188
7299
26
28
28
30
29
3103
2998
2223
1822
2816
2677
448
693
664
360
2398
2099
1974
1354
1792
1798
4850
4707
5438
3054
2582
1889
2212
2266
1855
1846
1069
573
1824
1749
11576
6748
1495
971
3883
3790
2932
3305
1717
28
31
6066
2345
1547
1512
2664
2919
3329
2585
2828
3184
3045
2872
2002
2783
1188
1256
772
1625
6367
2012
1218
1055
3053
2124
2426
1639
2003
1712
2998
2448
1469
1521
31
33
391
5489
3546
1940
1823
1449
4838
6344
6392
4033
5423
1387
1502
6742
884
2146
1010
625
2084
886
942
1678
1515
1523
1612
1449
1473
1506
1882
1447
3419
2884
590
1124
6553
6418
2256
2358
7080
2974
4243
3050
1574
2922
8890
8318
8337
3833
7170
6161
1979
1309
1259
3300
2362
3398
2565
1641
3685
3532
3128
2456
1594
1300
4240
30
28
39
2560
3634
2802
30
1620
1450
27
38
463
485
2558
1635
40
30
39
30
2586
1594
1368
39
1635
2558
30
40
30
463
485
2884
3076
3091
3177
3408
4900
3183
28
1360
2569
1650
126
2493
4259
4134
1980
1947
1815
1782
1261
1146
1699
3288
3200
1908
1588
1410
1973
4612
2204
1888
1691
1684
2221
7333
3356
2557
3736
30
2206
40
30
28
28
7309
2150
2606
988
934
3747
972
3951
4509
1996
1842
1852
3528
1028
1023
1383
1519
8177
10915
1322
2747
3915
3777
3698
5196
2598
299
2408
30
28
3759
5405
13302
13290
8686
8081
3679
3493
2255
2365
1786
2604
2860
2818
3981
2658
5587
1000
997
1134
1031
1131
3416
2296
2343
2273
1835
3116
2338
956
2831
4192
8668
114
1892
2031
3085
1898
1987
1831
9132
8735
1751
4569
4381
1063
3973
4673
4435
4447
4778
89
4113
4198
1110
1937
1850
1469
1433
1353
6667
4558
1623
2964
1158
2408
1922
1160
1609
3649
5933
5929
6255
2420
2031
3082
2022
1729
3812
3778
3730
976
1350
1793
3865
1349
1760
29
29
42
1837
7210
1422
5167
5170
1273
4526
2003
1776
4180
2781
2725
2475
2511
6268
4001
1043
892
3551
1766
2765
2681
2675
3107
3065
2988
2639
2577
1622
2159
2175
4434
5309
2136
5106
2853
1997
5624
5561
1726
1762
43
41
32
57
46
28
31
31
33
40
60
31
32
39
46
91
50
28
39
29
40
75
32
2355
3041
2232
7632
9363
3047
3182
3216
2012
40
30
62
2284
31
30
30
1053
771
4370
4260
1981
7619
1996
6484
1376
2682
1917
3867
29
32
46
31
33
42
32
32
39
37
41
1022
1258
1517
1345
3646
3298
11241
994
1432
6415
7351
3970
3561
3807
3439
3366
3685
3490
3244
3900
2511
1450
2191
2072
1531
5570
5552
5754
5369
2382
2668
2881
2716
27
28
63
26
6331
1737
1935
3971
4073
3893
629
2556
2572
2576
2463
2467
1640
1752
4961
3493
2807
3255
1182
7629
3602
4535
1057
750
4550
3368
3329
3251
3205
2338
855
2299
1734
1402
1324
1899
2196
3293
34
229
32
134
140
513
30
30
60
120
177
30
46
73
52
33
84
30
77
47
60
31
71
38
31
131
65
31
38
34
86
30
30
95
28
30
46
49
29
69
30
83
26
31
63
43
32
32
67
49
41
31
64
35
57
110
63
69
58
44
58
90
38
69
30
35
30
71
57
71
31
46
30
77
66
76
29
67
104
30
47
69
102
48
35
66
29
58
29
47
29
68
104
30
29
71
30
81
32
68
30
72
76
42
28
30
35
34
40
61
30
31
34
31
33
37
30
27
918
2553
452
1702
1755
1643
1294
848
1652
32
37
28
31
29
38
1577
1052
796
1085
775
2991
1030
1280
1087
3014
2744
2704
2015
589
510
604
605
576
503
650
2082
2257
1450
2657
1487
2951
1970
2888
2376
2365
2200
942
2782
1726
3448
3340
1066
1099
1099
3655
3433
1571
661
1239
1006
1788
1582
1794
1752
1263
4251
3065
1698
4742
1946
2216
2043
2165
2921
2859
1775
2482
2608
4878
1948
840
772
712
609
549
910
782
1070
1416
2668
2671
5541
2733
3593
3015
2438
2257
1867
2488
2557
1422
1559
1601
1690
1687
2042
2037
1952
3165
2522
2677
3411
1090
857
1073
1610
1852
3457
3084
891
1701
1780
1667
1352
2475
3207
2089
1956
2109
2169
1955
2076
2052
1188
3162
2148
2049
1860
1946
3088
3172
4097
981
2593
2734
1408
3222
3048
2931
1010
1362
8087
8069
4062
4044
1105
1115
1164
1193
855
1177
1144
1770
1478
1221
1353
1328
4584
4523
1202
1212
4121
4317
3971
1378
913
3150
4225
4153
3327
3782
5267
1295
1516
5344
3682
4457
2741
5623
5593
1013
997
1002
1019
1335
1485
1598
2317
1543
1656
1381
1182
2084
1608
1512
1291
1684
1700
1715
1060
1528
697
857
748
1028
1107
942
133
134
231
127
796
2594
2683
748
1147
1132
1507
1522
2407
2115
2028
2476
3195
1015
2174
2141
1796
1067
1070
5631
5430
5125
2640
1676
14138
14135
1623
83
3666
1103
1639
1830
1636
1609
1696
2135
1710
1680
1555
973
3136
2572
1523
1586
1325
1302
1026
975
2308
2013
1825
1938
1750
6623
1331
418
1749
4188
4287
4180
1919
2160
1627
1672
1985
4329
4347
1941
1092
872
1584
1494
1384
7235
6854
7675
2387
2043
4105
2714
2387
3176
970
2461
2063
1461
1298
1371
1778
8009
9351
7993
600
989
1694
1621
1119
1155
1161
827
640
746
1386
1056
1026
2529
4991
4994
3165
2053
1974
2338
2690
2573
2468
2141
2103
1896
1943
1967
2216
3385
1369
1030
925
788
1000
943
1300
1420
1416
1285
3335
1810
549
3549
895
747
918
1156
1089
1092
1227
891
1111
896
1335
955
879
2463
2195
3064
2247
1219
2058
1990
1114
3347
1457
3179
3387
3306
3179
3384
3499
2213
1657
3281
3456
2567
2122
2261
1036
3116
2731
3026
1786
1574
2482
1772
624
2677
903
5181
1661
2802
2221
819
7291
3074
3097
2309
2295
4714
10194
10080
7724
5590
4212
2093
3705
510
3045
3657
3455
3513
3085
2806
2708
2591
1141
1221
1361
1715
1730
1848
1851
2089
2816
2771
2739
1413
2785
6469
3932
4049
1543
1313
2043
2210
3098
2662
2332
2341
2193
2704
3060
3252
1340
1202
628
2684
1457
1402
3731
3557
2287
2395
5968
6471
6238
6456
1675
2202
2304
1842
4916
1513
3932
3935
2374
2272
568
1875
4775
4694
1075
4155
4024
4102
1568
1400
3449
4813
5585
1447
2322
2288
3013
2711
3946
5238
5412
3969
3757
14682
4734
35
3664
3640
3596
5180
1609
1232
1199
1424
3356
3790
3528
3384
4653
4656
2901
1499
2128
3014
6883
4310
1870
1216
596
309
683
408
1432
3552
2630
2565
2467
2499
2531
517
3272
3047
1414
1682
2062
3844
3789
2435
972
5135
6516
7151
7148
993
2248
7002
5764
6142
5716
4180
6761
884
8633
2184
7896
518
1517
1312
3042
2667
995
1069
1069
706
4246
3022
1101
2282
4009
3928
2083
1109
3744
1044
3021
2478
2252
2238
2309
2230
2049
7097
7727
3218
1058
1711
6940
6919
6901
6880
3498
3450
2346
2250
2028
6191
1942
5116
717
3979
4315
2483
1542
1508
2344
9334
1508
1542
3921
4252
2722
543
477
574
2196
2264
16064
2122
2738
4397
2584
3341
7179
7695
1639
1911
3678
1823
782
656
4740
4914
2434
3684
3437
3379
2935
2931
2621
5499
5442
1596
3550
3271
3348
1948
2550
2419
2843
1238
2430
2421
1989
1980
2314
2251
2413
2127
1130
2416
3258
2876
1756
1958
2440
2405
2051
1719
4411
3910
1569
2132
1478
3547
2643
2775
2628
2682
2634
2861
1626
1657
3081
1905
2006
1798
2266
1289
1241
1515
1886
30
1648
4270
1605
2430
2543
2250
2211
1583
2534
3194
3191
1028
3609
2703
1147
1349
29
1705
1884
3910
2071
2543
1583
1672
1518
2008
1028
1356
1672
3099
1901
3884
7411
4835
2603
2477
2529
2700
28
2492
1583
2543
30
30
30
2661
1950
2241
8713
10697
3499
2596
2926
813
5185
3480
3868
3961
1742
4929
664
4058
3323
2169
3618
2366
2709
8012
2700
1762
6834
6732
6482
2907
8420
7570
7393
2721
2550
3291
2207
1931
2348
1011
1538
1537
2847
2217
5465
3476
3242
1686
1471
1276
863
1799
31
44
39
29
29
41
35
30
40
34
30
434
1370
1205
1374
1209
2601
1307
7124
2332
3202
2471
1062
1811
599
2177
1102
3667
3529
3778
3361
3263
3248
2612
7031
7106
6622
2262
4538
4922
4422
4558
2481
4984
719
4096
3123
3096
3047
667
1784
1797
1579
1876
1912
1301
1353
1059
1365
1469
1003
613
509
522
1561
3733
1043
912
858
1150
1322
1049
1585
1386
1253
1222
1226
1936
1602
1863
667
3047
3096
3120
4093
719
1930
3979
3737
3760
3788
4365
3814
3262
2176
2071
3102
3088
3035
2935
4865
3536
3494
3175
2279
1722
1948
3096
3856
3271
2126
2256
2057
2213
1648
1645
1735
2394
2263
1840
3698
30
1983
2984
571
973
1011
1586
2759
2848
1110
768
1592
2696
1409
1478
1349
1760
5316
1818
615
6908
6864
1549
2596
1961
676
2096
1568
1257
1464
2777
2552
4067
1618
2440
1813
2566
3000
3823
960
2794
2834
1697
1914
1873
1738
762
3340
3511
3301
3208
1476
1532
1711
1026
996
1326
4909
3055
4625
4780
2343
1405
1185
1965
1275
1477
1068
1876
1973
2064
2065
1987
2029
815
895
1918
1708
1799
2424
2303
1971
1544
1450
1548
1522
1534
1373
1324
1440
1272
2162
1587
940
2129
2694
1097
1325
2567
1875
1978
1892
1743
1619
2809
2236
571
973
1011
1586
2763
2852
1110
768
1596
2700
1413
1476
1138
4300
3497
3420
2485
3288
655
517
1349
1589
2188
2203
1437
1441
1118
2101
5208
4956
2314
1951
2370
2361
1124
2737
2313
1139
1827
1473
2175
3182
2707
2117
2188
2122
817
2890
2810
10474
10804
10175
129
1405
1660
1571
921
1371
1566
1828
1045
4230
4257
6087
1759
1121
857
1663
1660
3951
3648
3435
3796
2187
6447
1045
2185
2215
2278
1498
1385
1521
1131
2624
6201
2026
2728
997
887
1079
2172
2079
1822
1528
2449
1424
746
1938
2835
835
2002
1967
1999
2005
1970
79
868
2079
527
638
4740
4743
1489
4023
4649
3912
1627
409
4672
3238
3614
1794
1802
2273
2504
2422
2760
505
1774
1578
1431
2773
1688
1361
5993
1007
3265
94
161
88
1161
1879
2235
2513
2034
3323
26
1102
3839
88
3317
3322
2513
961
2799
1570
457
1598
583
6123
3227
5020
3981
3283
1991
1627
7996
1906
1383
3957
3873
3207
3048
3135
2500
3653
1361
2228
5602
5490
3772
1325
4893
4814
4800
4652
5168
5188
2416
4862
4576
4462
4342
4210
2129
2677
2383
2003
7104
2025
969
4817
2096
2045
1971
2606
2433
544
7444
7585
1900
2501
6138
2160
2204
2586
2197
1108
1555
2461
4485
1434
4665
8704
8567
8591
2955
1658
3121
953
11461
2316
4134
11464
11419
3799
1862
8789
1652
3608
4885
4466
2221
2192
2147
5937
6177
1163
4291
2847
2308
643
2060
2237
2316
2328
3524
1896
5288
1009
5387
3405
3468
3345
3155
2515
2245
2010
2007
2004
2024
2174
2222
2100
2678
6210
3331
1909
1800
2357
3593
4150
4406
3019
2780
2814
294
581
1549
418
411
425
504
852
439
408
977
394
379
440
396
399
396
403
559
2736
2704
83
5565
2176
2173
2101
2203
1717
1537
6822
3833
3743
3404
3655
1672
3496
3307
2181
2291
2768
2872
2893
2841
2805
2062
2657
2027
1206
2100
1484
2892
3271
615
1915
2105
2066
1989
1908
1762
1615
1510
1114
1804
2822
2748
2427
3320
3758
1469
3668
3824
3806
3967
3845
3989
4043
2668
2910
3041
2715
2646
3726
3590
3476
3364
3393
1205
1099
5645
1632
1619
1538
4220
1782
2253
4435
1291
1654
5264
1809
1806
2273
2277
2039
3334
3559
3207
3168
1713
2906
2978
3014
8415
8430
8598
4997
135
2404
136
2687
2845
2773
1948
2447
2929
1904
3646
3825
2105
1760
4127
1853
2147
2453
2766
3232
3668
566
503
407
662
655
491
883
899
924
726
565
581
749
765
590
606
624
1178
1044
1095
1293
1277
1060
721
1060
2061
2123
2017
1944
2001
3413
8116
4336
2082
1973
1910
1812
1708
433
1550
1698
3830
2832
2541
1476
1467
692
3888
3936
4174
3888
2131
2077
2179
2123
967
3131
3100
2759
2839
2835
2704
1749
1846
1482
1403
1599
2604
2514
1906
1382
1679
2825
3399
3589
4284
1859
2497
2307
2099
2511
2460
2275
1940
1468
1303
1397
794
820
1080
3852
3734
1857
6802
6969
4590
570
4477
4724
2911
2400
1929
2130
1213
1729
1130
1039
1880
1670
764
4069
2470
2847
4002
3786
1956
4477
2056
2065
2017
1259
1262
1328
1252
1538
1716
1267
1336
2951
2074
1728
5304
2081
2162
2035
1838
2445
2014
1868
2341
1885
885
2577
4726
3939
3907
632
3480
1168
979
1354
4765
3909
2199
1737
1754
1707
2253
995
2786
1925
1845
3751
2453
4005
3990
3901
2941
4021
2721
3121
6348
6261
5102
1607
1745
2390
2238
5267
5029
4677
4579
4383
4276
4815
1764
4816
1158
4217
2823
2882
2856
2914
4245
2253
2199
9770
2175
1158
2495
1715
2182
2041
906
2894
1111
2497
4286
3881
6173
14219
14165
14157
14103
14154
9565
2590
2488
2476
1715
2650
4502
4449
3666
100
1834
1953
1968
2711
4174
7999
6065
5387
2242
1968
1891
1700
3344
1813
1720
1710
1671
2959
1470
1739
2898
5415
4450
3906
3054
1170
2617
2821
2758
3504
9719
94
1606
1603
4976
616
1213
3094
2325
3609
2180
1232
15684
3657
2957
2216
4170
3958
1457
1363
3007
2699
3229
2909
2784
3670
2793
2758
2918
2743
2006
1921
2757
1255
1085
838
1794
2232
3149
7917
2599
5457
6842
7403
86
7876
1721
1821
1948
1850
1806
2613
2349
2260
2353
1981
2065
1431
1256
1232
1492
1381
1124
1241
2539
4453
3947
3436
2807
3674
1003
2941
1642
832
16060
13477
2788
1322
966
1660
2410
1941
1914
8255
8288
9327
8324
4951
2506
1882
2070
2417
2095
2595
3663
1988
1684
1553
4633
2066
1997
3287
3304
3247
889
871
2698
3030
3216
3264
3220
1278
1249
1195
4799
4764
4342
1060
6884
3751
3114
3248
2192
2952
3012
2889
1001
2727
2785
2011
2191
2025
2116
4864
4722
2353
4630
2198
3310
2872
391
5912
2727
1468
3766
1934
545
735
2240
1700
2646
6877
494
585
1036
1338
2233
2211
728
766
1448
4644
2260
4866
4806
5343
1627
1159
1095
2012
5684
7618
1485
3424
4023
4167
942
2427
4542
4355
4129
4047
596
4240
2774
1433
1100
3824
1891
2193
2391
2231
1940
1604
1600
1308
3086
4344
3668
2435
3681
3923
3657
2703
2304
2058
2551
2199
1370
1374
3384
3786
2968
2010
5029
5215
1823
1752
5330
2168
3732
3376
3113
1750
832
1725
1672
4586
3162
2623
1913
1871
7351
7202
7393
7174
5885
1179
846
895
1961
799
2300
1478
2659
1368
2618
2604
2561
3034
3037
3107
1141
1679
3189
514
1650
894
3819
3614
2287
6911
6237
2535
545
3994
6196
6938
830
1870
1777
1788
1696
4542
1084
1426
2284
2218
2437
2209
3468
13203
3240
3726
1978
1044
687
2391
1434
2086
2347
1795
2049
921
1712
1846
1690
1721
1662
955
3050
1868
6695
2674
805
671
1043
2362
2094
698
628
697
607
800
1480
1167
1148
3046
4034
4265
1228
2154
3625
3365
2629
2243
2858
1072
2922
2706
9304
9375
3660
2239
7341
7928
2846
2025
2751
2775
1768
2301
3081
1267
2045
1085
1271
938
2656
2431
1735
1566
2004
2352
2332
2190
3371
2142
455
772
1149
1625
1759
1741
1590
1724
1045
2316
986
3130
2749
1753
932
2225
4608
4576
4618
4586
5460
2196
1656
1650
1713
3244
3342
2259
1941
1344
3098
3095
1671
1711
1964
3725
2033
903
806
3724
3631
3601
2780
2741
1776
3168
2929
3152
2965
1941
611
542
2298
1277
2768
1953
2075
2129
2103
3291
3185
3253
994
1347
1003
2440
2114
1687
1781
2060
1171
1617
410
2341
2583
2496
499
1749
3617
9907
2252
2694
2781
2879
2079
1983
1986
3741
2324
1836
1881
1800
2183
2726
3003
900
1671
5250
5602
3783
5045
1073
3596
1825
1858
2395
2225
4719
4734
4950
3212
2981
3371
3630
3230
3000
2052
1958
3406
3443
3373
1789
7294
1366
1284
3821
3320
6869
2284
1541
4333
3235
4345
3162
1744
1709
2194
2161
1613
2271
2135
1075
4101
3156
5968
374
2265
2477
478
2248
4870
86
92
4866
4729
3334
1515
2453
4841
575
5751
4314
873
5613
4962
5224
942
930
990
1084
948
1202
945
1451
1343
1396
1340
1417
2794
2396
3420
3097
3838
4041
4430
1380
6167
1944
675
788
4976
2191
2116
2188
2119
958
674
3860
2794
3797
4535
3492
3546
2456
2860
4205
4857
4844
4799
4786
4698
4695
11394
3190
2786
3125
3234
3986
1754
1996
8159
7957
7951
3415
1908
4206
1892
1755
826
1890
4349
2666
4104
1950
4567
2532
2628
1937
2285
1270
2677
3673
1918
1873
1954
1909
1887
1348
828
1524
2322
1450
2274
2408
2411
708
767
651
3277
1023
824
3471
3438
2455
3082
1880
1489
2183
1673
1757
1706
1786
1677
1484
554
1241
757
1186
805
1479
1521
1696
1023
1139
4776
4475
4359
1437
1150
1382
1220
4186
2380
2414
4994
2117
2094
2076
8502
7971
1932
33
28
29
50
543
1716
666
2120
954
1046
5301
5400
1185
2358
2542
1679
1615
1567
1538
1426
1503
1362
2536
1163
3631
4056
3896
1124
2275
2499
5098
5147
5612
5522
5480
5390
1820
5819
5844
2970
2790
2781
2172
1710
1483
1531
1438
1483
1491
1446
1508
1424
9414
7150
4684
2074
1655
1558
3280
3229
2506
2441
3622
3565
3331
3164
3274
1412
1070
2767
2215
2357
1730
1022
748
2029
1673
881
877
3520
1747
1803
1698
1770
1689
1226
1202
1244
1454
1382
1542
1502
4320
1419
2287
2221
2258
87
3016
2036
891
1500
1713
1780
1755
1313
1389
1477
2166
640
1182
1539
1441
1785
3148
1583
1254
1282
1338
1344
1586
1157
2607
2484
5187
5181
2091
2508
3053
1169
1137
1145
2848
2833
1237
1622
1746
1742
1634
1413
1680
2557
445
4642
981
1647
1973
2072
2713
2344
2436
5864
5940
2170
6580
1385
1624
1823
2095
2276
2228
2482
1578
3066
1844
2219
2237
135
147
1773
1855
1616
1759
1048
1394
2843
918
963
1103
1277
3332
1043
1160
2271
2586
2583
700
576
1876
1908
1962
3217
2993
13505
647
6704
3863
872
521
997
3744
7354
7325
7223
1655
3764
138
2512
2524
1608
806
3764
3698
2512
3623
2706
2619
2484
1880
2502
3361
1674
1268
4708
1755
1773
1752
1489
2381
1235
1238
1245
2093
7071
5384
2795
1644
2785
828
742
1057
1140
1589
1390
2113
4164
4134
1149
1964
2544
582
2400
2365
3927
7617
7710
1379
1157
2103
3038
3408
3276
4432
4315
5953
967
2191
1987
3642
2637
1662
1175
133
8211
7773
8024
8181
5992
2271
6038
6013
6019
6082
6017
1752
1659
1517
1601
1605
3091
3061
1466
2078
2231
2305
2025
13748
3145
2767
2282
2279
3742
3775
2766
2604
6806
6950
2344
5805
4255
4171
936
2800
2459
2037
2742
3008
2527
2800
1101
1944
2998
2032
1669
1798
1828
1782
1020
2489
1614
5807
820
2762
1919
2900
3177
3956
5375
1626
2854
1885
1875
2005
1278
2784
2281
2952
1932
3446
7435
7914
4304
531
3099
2020
966
1151
1163
970
2774
2164
989
945
1255
73
2720
2669
4278
5828
5030
3763
1759
1829
4838
1358
1220
3901
3838
3164
4938
4875
2561
3684
1740
2523
1634
1577
1586
1604
2222
1742
893
1006
991
7658
5665
518
3074
4654
4610
4016
4278
4188
5413
5657
5807
2135
2064
1828
1552
1556
4232
1888
1886
1872
3050
1965
2161
4222
3932
4160
3099
2591
2517
3242
4116
8309
2644
2511
2394
2757
1383
1989
31
64
55
49
35
43
102
1871
3152
1718
4693
2281
8609
2303
2112
1978
810
2392
2192
1982
3438
3441
3468
1789
1766
1834
1890
1418
2200
1489
2139
2091
2010
2929
1943
2032
771
771
1162
4834
4663
3775
1724
2891
1931
1944
927
1466
3149
2746
2938
2850
1715
1930
1811
932
2022
3279
152
3823
3702
3600
3231
2354
2288
2246
2324
2741
1776
2210
2384
3897
9138
2914
2127
4039
2711
3945
2525
2534
3759
3494
1162
2834
1243
1246
1936
2333
35
30
43
42
30
31
35
57
30
44
41
1529
2804
2405
2147
819
1406
1670
5283
5218
4978
1374
1396
1688
2316
2441
2301
5230
7911
2256
1187
613
3798
1531
911
2832
2394
4188
3082
32
27
3154
2527
3405
2318
2901
1763
1667
1596
1504
4205
1422
1684
1480
2218
1068
739
57
64
41
36
53
36
51
30
26
61
32
33
32
963
2567
974
1093
856
3377
3807
2714
1448
1675
5802
6487
6404
2355
2558
2695
1384
871
1651
2756
2873
1650
3806
1432
1552
2372
7430
1580
1074
1024
5876
1969
1247
1262
1766
1769
1742
1448
969
67
1765
72
63
74
1019
2856
763
2901
4248
2639
1070
1825
1634
1686
1553
2631
1921
1919
939
4475
4416
3897
2957
2021
679
3892
4212
4048
2412
6497
7583
7538
2089
788
9154
10879
4662
5557
2917
2739
1452
3733
3760
3022
3172
2629
1687
2397
1800
2370
9166
1796
908
774
5131
2498
2529
94
2866
4531
2417
1201
8025
866
5208
5214
5230
30
666
1159
29
4178
2554
1547
884
1559
2940
6242
3606
1339
1298
1692
2747
2744
2151
1988
1844
663
266
2215
2889
12374
12311
5691
1894
1995
1712
1571
8625
8275
936
2346
2064
4477
4408
3025
3406
3308
3213
3212
3089
3309
3085
1202
4661
4475
1612
2274
2229
2322
4713
4295
1580
3853
5182
3240
1793
1717
819
3440
2688
607
1031
1077
745
804
925
1248
850
542
3997
4368
1814
1655
1213
3057
3701
3278
3932
4121
4127
4019
3904
2404
2068
2285
2150
359
673
1354
2574
2709
5678
5672
5669
1874
1246
4640
4997
5104
2388
2493
8523
8469
7798
2749
97
2682
5760
5718
5804
5743
3193
3007
2264
1030
2462
2187
1020
2096
2144
2153
1969
1227
963
1163
814
872
911
1496
1727
510
3872
625
574
769
794
667
552
2114
42
31
28
961
783
534
853
649
2110
2653
2538
42
31
28
185
656
541
649
2836
2305
2721
2110
42
31
58
1605
881
2116
42
29
58
953
921
3240
2241
2243
2255
2305
2776
2316
1596
1832
1290
1462
2283
2140
2144
9736
9625
9555
10662
9988
662
1632
608
1860
1626
1304
1838
1573
1508
1558
2192
8170
8134
7933
7765
7900
3622
4234
3881
3766
1858
2835
2319
2455
2122
2721
2836
58
27
1604
2836
29
34
881
2122
2721
2509
27
29
58
33
1281
1695
7979
2151
2611
5435
7049
5225
5204
1313
1890
7499
1410
6478
2425
2711
2604
2681
753
5731
2329
566
601
577
2821
133
4108
2365
2302
3580
2305
1163
6252
6816
6616
6637
6551
5653
3687
1698
1833
862
732
1067
3210
2404
2871
8146
8262
3031
1839
1872
1498
1414
2023
1969
2389
1803
962
1157
2686
2533
2504
4815
1542
4623
4686
752
2236
2092
1948
2434
2215
2317
2266
2317
2149
2200
2560
2392
2332
2252
2186
1624
1558
3464
2109
2104
2164
2076
2147
1508
1517
1684
1043
3676
3714
3697
2393
2439
2419
2766
3815
3679
1273
3424
4180
5525
5485
5515
3053
3260
3371
3405
5695
558
2235
2172
1013
2171
2421
2316
2322
2160
1798
1735
1880
1669
1728
1611
1692
2139
2065
1992
1735
2147
1229
1696
2102
704
693
593
1174
969
903
857
763
1171
1073
877
1076
761
734
1004
986
966
777
1252
1601
1711
1593
3897
1718
2837
2004
1670
1642
1715
1689
1850
1271
1839
1957
1756
2614
611
1470
2287
1634
1715
1574
2864
1325
1161
434
4090
3934
3883
3859
3355
3211
3508
2601
2784
2883
2014
1037
1524
1619
1361
1460
1365
1784
2326
4351
4321
4355
2078
1266
5222
5217
4412
2016
1927
2384
2469
2488
2496
1987
2257
2617
3112
616
1771
1654
3923
577
2692
2534
2445
2399
5093
1782
4298
4815
4973
4948
4951
3569
1338
4121
4139
4142
2135
1879
2780
2223
2226
2280
2160
1839
2416
2552
2227
2399
2561
2309
1354
1413
1318
3809
2623
1949
1959
1903
1737
1815
2408
3061
3036
4472
1242
5453
4645
4618
1005
2563
1679
3255
783
674
1100
4126
2498
752
3276
2143
2116
3601
3210
3171
3498
2582
2663
4023
2073
991
1984
1844
1463
3096
1307
1788
1698
2044
1443
1890
3828
484
676
2758
4151
7110
7206
7269
3782
2075
4447
3758
2100
1364
1218
2287
2795
978
1584
4200
1572
2258
2391
504
2305
2132
2159
2300
4121
4257
1189
827
2994
2824
2803
1397
965
2752
4229
4412
456
1050
763
2071
1983
1538
2483
380
1557
1751
1601
3027
1133
897
5203
5324
5327
1771
3953
2673
2336
2120
2139
1849
2243
1989
1921
2048
1632
1925
2422
2236
1936
1542
1663
1673
3613
3592
4570
4571
4602
2067
4952
1931
5041
1857
1842
1845
2046
1586
1610
1599
2305
1654
1654
2634
3334
3184
7269
6859
1983
1878
4069
3708
2138
2543
3087
3071
2388
4400
2629
7880
7643
7639
618
4167
1254
2632
3081
1817
4205
1499
2047
674
4882
4886
3456
2019
1500
1903
1865
4784
1330
1180
1250
2048
1556
2237
3959
918
742
2429
1284
1259
3166
4587
4465
3649
2853
5298
4913
2384
1163
2376
1329
2606
2461
2576
2456
316
2521
6757
5806
5632
5539
5560
3015
5719
445
4962
5348
5050
513
979
5175
1191
849
3087
747
5175
849
3087
5273
3983
1496
1464
2638
2218
1468
3318
1092
2080
5590
5608
5587
907
854
1391
4893
934
1804
3506
3925
752
1257
1772
4338
2290
4201
4132
2572
4503
3656
1842
1744
1426
2324
1769
1565
1588
1832
3848
3794
815
2927
3110
3286
1714
3464
1383
2673
1883
2593
1887
2003
1791
2722
899
4873
4486
4783
1189
2421
2231
2402
2315
2128
1576
1573
1014
1600
3159
3617
2032
110
1820
1676
2915
427
1358
1822
2693
373
564
3034
2541
4503
3412
3281
643
573
3090
1211
1208
711
8767
2021
1039
2109
2091
2173
2317
4663
11491
11346
1826
1754
3403
5550
3088
3017
3036
2966
2965
2914
1186
1161
1470
2359
1422
3554
675
657
597
624
564
206
224
2009
1399
2595
2384
2289
1369
1507
1858
1774
4026
1432
1060
1218
859
5925
2681
3566
702
2435
2304
2827
2239
2499
2133
3349
3926
3539
2605
2793
2690
2647
1432
5243
7207
7825
7477
7588
7423
7444
7690
7756
7546
7657
7492
7834
7513
7612
6695
6662
7022
6941
7064
7289
6968
7052
7133
6887
6908
6872
1758
1883
5165
1543
2279
4168
1066
2266
1959
3464
3158
3752
1825
1179
7849
8230
8272
8242
2454
2604
1320
1031
811
1051
1271
754
822
646
707
2585
2805
5380
1882
2645
2055
3011
3243
3369
2934
1644
2335
2475
1988
2340
2717
6046
5599
5095
2722
1753
2251
2040
2273
2426
1340
1892
2011
7766
5367
5743
2631
1943
1317
3967
2594
1581
2142
5122
901
2193
1888
4633
4056
4722
5441
5641
2159
2674
2397
2180
2978
3215
4154
1578
7690
1808
1904
1840
1831
1490
1489
5572
4352
4555
4107
5829
1556
2791
1736
1439
1638
1906
2077
4927
4807
591
1280
1261
1113
6535
3616
4515
4474
1337
2675
2972
2795
1317
1254
3265
1143
1821
3222
5232
3656
1132
5458
8575
8587
2116
797
2172
2482
2472
2307
5316
3995
2015
1914
1837
900
1603
1129
3935
445
1152
5779
7026
130
959
2319
6468
3163
3563
3608
3720
950
2955
2344
2299
2220
2100
1037
5685
3356
1530
2469
770
4563
2341
6161
5880
10464
1079
874
1542
2519
2735
5422
5437
5341
2308
5980
3274
3195
3100
3392
3173
2274
11746
3285
1594
9161
3255
3014
2986
3153
2983
4195
2503
4863
1726
3402
3017
1375
6351
1456
4572
4825
4732
4813
3224
3268
3460
2218
2189
2107
2653
2165
3052
3418
1877
3992
3921
1708
4036
2988
2989
3557
1319
1916
1688
3290
597
882
1135
825
883
1078
819
776
821
841
769
1604
879
777
1132
594
871
1053
768
837
661
588
651
1530
828
1286
901
776
821
701
536
375
682
1189
1264
1261
949
7805
3105
1211
1252
1217
1135
2694
4005
132
5090
5089
5068
2661
1577
3725
3759
609
2687
2710
2176
3866
3895
3941
1650
2873
4368
2921
2648
5665
2511
3442
3756
6309
2420
2429
2433
2247
3862
4230
1304
1310
3517
3404
1200
2763
8770
2111
891
3397
1262
13876
13829
1796
2080
1736
2106
1987
2454
10862
10913
4120
1608
1420
1563
1979
2208
607
11191
1399
1395
1423
1427
1980
1806
402
2266
2657
2784
1807
2770
1927
1844
3644
3648
3617
3750
3607
4043
1185
3701
4274
5718
5999
3346
1639
1478
6300
1513
5296
1706
1502
1427
5156
6023
6114
7030
9249
8177
2926
1529
1861
3058
3088
1044
4002
3921
4009
3752
5384
2060
1800
3032
1738
3926
1697
1731
2251
2760
2781
901
2962
4089
3032
3070
2824
2887
2100
3527
3635
3023
3100
2890
8180
795
2456
390
355
2479
3443
3253
476
2267
2228
4222
1221
2139
2013
1992
3642
1678
2371
1590
1818
1764
2667
2317
1887
1548
2294
1517
644
2525
739
3168
3265
1786
1758
1804
1819
870
2651
1707
827
2003
1348
1872
1869
4747
4264
3237
4947
2483
1900
1882
1858
1885
1578
1798
2052
3561
1361
2163
3341
1295
3530
878
622
550
3696
3577
2008
1688
1923
2051
1195
2126
940
996
1695
1601
1581
1679
1584
1065
993
2311
1928
3845
3746
2698
1723
1414
1683
1566
1411
1432
1309
2343
1679
1641
1657
1567
3302
3180
5461
2961
4977
1717
908
1941
1406
3547
3504
3527
2372
5032
6149
5765
2803
4534
2491
1150
1548
826
1919
1743
3710
1985
2518
2470
5918
5708
5586
5688
1360
2703
4048
1364
1104
4389
4681
1904
1943
1931
1518
1693
2261
3408
1889
4578
1619
3862
2737
7513
7513
3328
6587
1710
2515
2401
1298
1473
2167
3348
4792
4699
4945
3002
771
2373
2629
1812
4890
4824
30
5359
2238
2506
1863
1821
2184
1866
4137
5354
3634
1004
3517
3604
4490
2115
2070
1951
1875
2065
1994
1851
1381
928
829
1964
2012
74
2104
2542
2679
2438
2504
1918
1837
5423
1820
1072
932
1098
1102
993
653
2880
953
1381
1879
1109
3225
2605
2506
2443
2486
855
868
4237
4059
2207
2168
186
5538
5489
3434
3823
3998
4455
3984
3937
2630
3232
4439
4902
4678
440
9663
3864
9771
3186
1386
2774
2891
2789
1794
2434
2387
4419
3938
1797
1089
1574
1694
1554
1595
1652
623
1700
1691
1153
536
694
507
2699
2630
2512
2795
1655
2377
2734
2189
1608
1593
3158
2621
5274
4597
1846
3307
2832
5234
4686
1924
3366
1786
3389
3651
2090
2259
1931
3534
3339
1600
1331
3478
857
2885
2716
2832
2703
2921
1860
4488
4726
897
1841
1061
4178
1521
2648
1524
6135
2151
2112
3257
1170
3802
2892
3589
3774
3509
1684
3855
888
2622
3916
1632
5640
2766
2660
2872
2875
2675
1100
5315
4788
12846
2940
875
1242
740
2815
1493
2143
5437
1529
2338
6856
2793
3133
1663
1696
4421
2506
3188
3277
3191
3352
3447
3306
2894
3524
1787
3619
3511
3628
1258
1430
3642
3628
2249
2564
4506
560
4519
4292
3060
2970
3317
5261
10151
1770
1704
1730
1870
2017
1919
2997
3845
3629
5845
2903
4379
3272
1896
1716
1023
818
619
1559
2106
1909
1491
1197
2908
1000
1884
799
1443
1697
2456
2578
1808
1861
1764
1674
1358
1097
892
862
870
1130
807
799
829
916
616
2257
1850
2019
1904
1902
1713
1717
1844
5032
5037
1894
1716
1664
2059
1895
1863
1770
1758
1841
2123
1523
1860
1222
729
714
2598
1059
828
1754
1827
2347
1864
1937
1852
1861
1307
2080
1863
1864
1856
8457
2042
2113
2997
2272
6734
2053
2034
2032
3867
1379
1799
2262
3105
2043
1979
1810
1283
1409
1929
2281
2175
1902
302
1438
1235
2221
1767
2221
2479
1972
2241
2081
2039
2007
1842
1777
1619
1757
1753
1475
1460
2367
5260
4399
3713
2585
2551
1660
1758
1822
2156
2339
3808
4430
3190
1887
1751
2406
2446
1775
1383
1330
1900
4812
27
961
783
27
10548
1061
1586
2455
4156
4051
2255
2118
2122
1374
3133
1156
1936
1862
843
1968
1851
1812
1853
1623
4683
4628
1518
2185
2031
556
383
2231
3673
2171
7162
6310
8671
4007
6228
5846
5558
1223
894
950
1523
1457
1491
1365
1601
2059
1452
1352
2209
323
2388
3347
2179
2246
1917
1819
1258
1562
977
3975
3368
3349
3527
2313
4446
3780
1069
1688
1920
2898
3545
2044
5369
2044
5477
1857
1902
1747
2323
23
2306
2825
9512
5560
5068
2137
6009
6092
3962
2855
876
10528
10459
10564
3755
3913
4361
4353
3915
3966
2927
3994
1654
2123
6993
6858
1961
2561
3711
3509
3864
2315
2934
2294
3812
1787
935
1411
39
44
32
84
29
34
34
34
35
57
40
39
38
28
35
39
37
39
48
42
49
33
36
38
51
31
52
50
31
3814
4027
3059
2802
2835
2970
2967
2805
2736
3116
2613
2506
1263
1500
1634
3716
3825
1048
1273
2168
1814
1703
990
2963
1718
5102
5443
2057
980
2322
2868
1785
1045
1699
1596
1768
1785
2471
1881
3503
3791
6698
6056
2668
2606
1662
1843
8686
8632
2229
1951
8946
8892
8057
8086
8032
4368
1727
6203
6074
3652
2119
2221
1083
1968
2138
26
30
30
30
28
2875
2097
6646
3020
4499
4623
1600
1809
2064
1905
1480
1689
9281
9304
4363
4225
3494
3441
4315
3267
2299
3237
3221
3074
3890
5005
4288
2346
2990
2941
2861
4031
2172
4813
2271
2172
10503
10335
5615
5447
4886
1047
5239
2332
1375
901
2278
1152
1283
3312
4156
7486
4880
3756
3667
2321
4971
4930
3434
3341
1697
1811
1829
1877
4869
4764
4749
2164
4579
5120
5200
2392
10950
11307
11395
1352
4367
6977
6934
5243
5197
4254
4208
1036
5444
3579
3637
5549
4281
5652
1984
926
3631
4813
1185
5807
6253
5778
3222
5888
3550
2922
2309
3041
2883
4261
3355
3310
2948
7724
3535
3576
1733
4542
6522
1720
6509
6530
4568
3616
5674
1458
3208
3080
1488
1419
1727
2642
2306
843
4382
4910
5133
5639
6311
6282
841
2207
906
978
3869
1123
3837
1038
957
1825
1766
4265
1666
2494
2442
2416
2284
2284
588
2726
4132
4942
4891
936
1656
2065
1936
1516
4853
688
4829
4450
1577
4054
4048
3940
677
1830
2254
2342
2306
1225
1710
1571
3065
3635
2131
1280
919
1830
1092
4094
2069
1784
2271
3181
2179
4153
3970
3935
3766
3608
4225
5030
1505
12697
4375
4522
3023
2926
1890
1963
1945
1124
1164
5464
5281
5302
1814
1866
5276
2409
1838
3631
3945
4775
2468
2219
2623
2359
1902
1864
1391
2832
2493
3046
2184
2221
1479
40
671
10383
10530
3759
4114
5730
5810
5558
2326
3086
656
2628
1977
1128
977
1459
515
854
926
677
90
65
66
1480
4139
1933
1617
421
5197
6583
9520
2351
2359
1824
1953
2843
3091
3259
2953
3112
2980
3187
3254
2068
2467
2952
2964
2161
2869
2914
4735
5257
5165
2715
2232
10232
3779
5690
1033
2584
1357
129
6056
6213
2628
5022
5435
1916
2027
1331
4027
4130
3067
7160
7307
7788
7754
8320
8083
1815
6004
4071
1884
1322
2032
1480
3619
7282
7183
1496
10151
16121
7277
7259
7322
2865
2862
1932
1976
5815
8413
8473
8281
166
8406
8378
8388
8318
8346
8300
7765
7298
3878
5029
4996
6458
6376
6170
6800
779
826
845
824
3195
1962
4832
2917
3282
1936
2087
1438
3068
2206
1805
4870
4793
3268
5453
4596
3124
5894
5541
4283
2376
4797
6492
6757
1206
3376
1309
2632
3179
3389
1594
1717
1657
1775
1692
1725
1973
2234
1904
954
873
470
1267
3372
3389
869
1711
2403
2727
3497
2828
3185
1819
9281
4743
992
1912
2711
1537
2817
8392
2635
1007
6327
7093
2355
5846
3103
2718
2406
2894
2355
2328
2513
1846
1573
2635
1165
3205
1749
1721
831
807
4003
2041
2643
2342
900
2566
2196
1656
1509
4786
8004
5494
4966
1369
2506
1899
4449
6645
2077
2242
2337
8121
8203
1689
2278
2245
2167
4888
2783
4772
1654
1603
3670
4355
1923
6497
1861
833
3140
4723
3624
4604
4297
3750
3587
2490
2544
1862
748
1385
1604
1455
1402
1606
1346
5186
5385
3334
3832
1129
888
918
61
31
1375
1308
1267
2762
1320
1248
3123
2090
2492
1603
1536
1275
1113
1444
947
1589
2004
1656
1646
2141
830
3406
3800
1398
2511
1053
2874
2742
2851
3281
3260
3203
2201
3169
3174
2357
2273
2621
912
1001
922
1157
2924
3086
3143
1809
1746
1807
1684
1624
2798
1551
1544
3254
3227
1960
2708
2608
1026
2457
2340
6816
1945
4264
4008
3750
3262
1557
2864
1197
4592
4924
3276
2564
699
995
3790
1395
3040
1173
1152
894
667
642
4101
4170
2220
1968
785
3099
3256
1893
3571
1057
954
2179
2271
2182
2179
531
610
10151
10869
11656
11653
910
1674
2402
1500
2710
2661
1372
2857
1928
2106
1880
2383
2345
2559
1263
2919
3723
4429
4445
2699
4074
4965
5088
5232
2190
2754
4580
1698
2886
1300
1476
1715
1562
1577
1840
2525
2423
2902
1254
2411
2618
809
1758
3785
4093
3170
3329
1015
961
4740
4863
5049
7435
5527
2738
3658
1215
1649
2018
1102
1137
1144
1169
1139
2570
2025
518
3811
3748
1404
1613
1956
4634
1857
1363
498
4246
2007
3398
1423
2985
2315
2541
1881
3795
3698
2229
2059
1632
1629
1996
2039
2008
1930
1592
2704
3274
1676
1673
1586
1743
1748
1597
2132
1564
3533
3732
1230
2546
4344
1851
3145
2400
2184
983
1742
3615
3170
2282
2080
1928
2123
1582
2404
4316
1858
2428
3622
2674
5047
1822
2158
622
2405
2146
2137
1914
2078
4757
1030
5034
1124
2062
2105
2226
3157
66
1735
4362
4439
1771
1724
2583
2580
1538
1635
1412
1554
1426
3068
2976
1130
1395
2576
1262
1847
1756
1450
1398
1536
2043
1566
1656
1506
1595
1495
2442
2250
3342
1555
1656
2300
2297
1247
6353
2439
1760
1779
2186
1042
4267
2092
1914
767
936
3842
2949
2702
2340
2304
2337
1637
2278
3897
4061
5601
5141
2361
5443
7346
7232
6017
6005
890
1441
3691
3317
2990
2987
2993
900
1974
744
1524
1293
1369
1659
1619
1547
1361
1456
1949
1670
1524
431
535
3110
2918
2882
2512
1640
2109
1383
1103
2468
3137
3009
2590
2049
2188
2242
1186
1987
2634
799
919
1668
1608
1527
3733
3398
3383
3194
3179
2999
4111
4036
2132
2490
2697
2746
2712
2702
2376
4504
1088
1151
491
1110
2551
3248
534
2074
199
3460
1439
763
1104
2453
2445
2935
2794
2809
2287
1665
912
1368
1476
1812
5100
1866
2212
2074
2010
2178
2354
2888
2711
3122
1463
5999
5978
5987
9059
9023
3080
5219
5740
4636
1062
1046
1679
1953
2048
2283
4466
4459
4302
1672
4183
4102
1880
2654
704
1889
1880
1562
1974
478
469
1308
679
796
770
1615
1586
1359
4426
4354
4216
4326
4050
4254
3918
4194
3102
1545
1526
1737
1865
1910
1932
1824
3812
2659
2129
3602
1526
3371
1411
1513
1412
1262
1829
1832
6057
998
890
2632
8962
1814
1780
1873
1250
1784
1124
535
380
1162
1903
1789
981
1626
1649
1378
1168
2060
1809
2162
2165
1403
1196
3824
1680
2458
4237
3513
1422
3014
748
43815
1002
4043
4189
3947
4379
4283
3224
939
1020
2094
3094
2584
2732
3039
804
2040
2413
1833
2595
3600
3320
3549
2802
2302
857
590
4539
1670
1593
5555
5771
2133
2050
1734
1850
1894
1845
1548
439
519
656
997
1022
1667
1691
1860
6174
1713
1453
2123
2015
2149
1783
1857
1662
2385
1620
1974
1126
1993
3092
5351
5359
359
3584
1320
1456
2402
3246
1196
1273
1420
3000
2599
1979
1999
842
1703
3590
1780
4247
3223
1471
1671
1123
1623
4779
4593
4488
4261
3969
4035
1591
2563
2592
2122
2191
1895
2398
3114
3005
1398
1144
1750
1756
3374
3433
2207
2580
1724
2010
3285
3728
3740
6107
6119
3453
5149
1333
3633
3633
3621
3621
2766
2507
1355
2967
2214
1499
1502
1397
2042
5694
5347
3384
2599
5320
5262
654
4949
5188
2666
1791
1599
6385
1047
1040
544
3287
1878
1295
916
797
906
2680
2621
1662
1240
1952
1848
2098
1952
3813
3616
2561
2543
806
1975
2161
2259
2250
1161
4661
4682
2152
1081
1685
1586
1176
1019
737
1472
1606
1629
1556
2864
3381
2395
4505
2823
4181
2413
2549
1657
2864
2621
2612
1801
2321
2359
1737
2834
2191
3766
2258
2341
2763
1672
2970
347
1739
2126
3196
852
2771
954
2825
2531
2663
4898
4845
4947
2947
6098
2495
3224
1425
861
1442
1031
1125
1325
1184
1157
1221
1821
1737
1597
4948
5471
4904
5091
70
909
1280
1278
1908
2610
2604
1723
1749
1815
1007
710
1497
1142
2064
1043
1327
1552
1743
4922
2008
1612
1589
1821
933
1853
1815
1911
523
1793
1757
1773
1790
1628
742
1732
5575
5543
5458
1384
1489
2265
2178
2144
4490
540
634
2044
3968
4474
8628
620
1918
1632
1721
3176
3035
907
4339
373
945
2166
2420
1593
1903
3640
3637
2058
3329
3038
2256
957
4376
452
3257
2186
1299
2472
2671
925
1730
2858
1999
843
763
3231
3084
2952
1493
3079
2946
1256
1420
1928
1872
1610
1554
1784
1466
2233
1162
1229
1194
1252
553
613
541
1996
2300
4106
1124
1407
3765
6738
6771
6591
6624
6345
6459
6492
2137
930
1718
2983
1811
3231
1751
775
3254
3053
3836
2296
8070
4323
1809
1771
5197
4633
3223
1845
3523
2114
2149
1507
1006
4197
4167
4498
1901
3290
1879
2119
2608
1898
2987
2967
1725
1029
2468
1120
1413
2360
3395
2973
3342
41
508
1158
3132
1594
1408
39
31
38
31
36
31
126
116
32
34
110
33
60
46
34
47
31
72
40
39
125
77
2630
2645
595
2675
1989
2175
1613
2360
1199
2533
660
1447
2355
2391
1647
3194
3061
2774
2641
3915
3487
1285
2570
2470
2607
3346
4095
1349
2078
3184
1386
1295
818
1365
1623
8402
7644
7401
2535
1678
5129
5033
2729
5987
2499
1454
1451
1438
1425
7622
5940
968
2182
1818
856
1090
1803
1338
2410
2528
1411
1449
1365
2874
3054
3217
2089
968
4075
4071
4152
2667
2508
2684
2276
938
1804
572
1193
1079
1301
624
906
2633
3547
4341
1032
1442
2850
1264
3593
10090
3276
1490
3225
3215
1738
1625
2658
2720
742
5432
3627
618
133
3575
1048
2656
2519
2497
2100
2207
1856
5892
3938
5094
1032
1356
1501
4585
4307
4526
5033
5345
5978
867
3843
1870
1147
1299
7084
7205
1200
2402
1928
1711
1645
1697
1954
1612
1825
1663
1530
3940
4025
1366
1766
1763
1774
1771
1541
1416
2734
1809
2810
2788
3433
2388
879
1214
1613
3122
6943
5973
2675
2451
5344
5377
3826
2558
2102
1133
980
977
1202
751
650
1820
1925
1749
1523
1981
1577
1418
3657
5310
5546
4768
2287
2395
2113
3120
1778
1703
1469
1822
1709
1451
1472
1323
2130
1952
1432
1496
1437
1368
1371
1200
1197
1297
1641
6405
3296
3437
4409
1483
2030
1376
1589
2074
2270
2166
4852
4707
1516
1441
1081
982
2762
4197
4215
1436
1854
1792
2556
3516
3356
2442
3480
3862
1450
1671
2963
762
41
32
32
31
51
36
31
34
67
30
35
34
30
42
28
2534
1631
3228
2328
2105
3233
1326
2112
3162
3458
3205
3753
1976
1724
1522
2047
1100
762
8390
6088
5865
1122
1117
1533
2308
1510
2651
2648
2645
2122
2696
8771
3846
4003
3876
11720
1201
1700
4952
4729
4998
4674
3624
3446
1907
2361
1582
2049
2407
4434
4469
5216
5089
5729
5466
734
8239
804
2934
2260
2032
1110
4245
1052
875
1836
3202
1845
824
5395
2100
3007
572
2208
6347
6495
6368
938
1377
1585
908
1970
1643
521
3984
327
2480
2050
827
29
3113
3442
1948
1224
2582
2594
2370
1732
1983
4410
4681
4511
1811
1950
1779
1326
1576
2273
2238
2120
4935
4103
385
2282
4911
1426
617
5585
7622
7716
2225
4417
4456
4698
2583
1810
558
4453
3328
2894
3911
1616
3288
1123
1772
1686
2039
2476
2603
1651
1318
727
2875
1133
3793
3530
3362
1984
1720
4500
1574
1946
2589
2200
3735
1487
2002
2225
2136
2478
4931
3929
3957
3932
831
3714
3771
3836
6682
2206
2075
3587
1710
1155
2664
2804
2203
426
1998
2623
2600
2755
2699
2951
401
29
82
73
28
69
32
42
30
118
45
2079
5302
44
37
47
31
36
54
28
32
89
32
62
44
74
41
29
36
44
31
36
1652
2664
3888
1401
2607
2515
1889
2277
1170
1505
1783
2363
1269
2175
3714
1372
1534
2888
2353
2653
1519
298
512
546
713
815
890
1631
633
3027
1179
2276
2219
2072
2216
1879
1709
1508
1461
1316
1550
1467
424
2425
2380
2047
2697
923
1670
1052
3312
1329
412
599
963
1040
971
1932
1851
1899
897
741
681
705
645
636
594
723
581
440
692
1496
1460
1409
1943
955
1492
1626
925
851
987
3559
4309
1649
1583
1559
1562
1487
1571
1390
926
557
1221
795
1959
1732
688
1198
1195
780
722
1059
1841
665
627
527
1692
899
1457
1288
1285
2147
2687
3859
4160
3027
2167
1677
4868
2723
2573
2992
2842
2887
2446
2449
2367
1121
1834
1879
504
507
563
560
2513
1113
1541
1362
1202
987
977
938
1009
643
3349
1825
1980
4730
4745
871
897
1475
1044
1650
1477
1474
1471
762
1788
1942
447
3854
2671
1558
1739
1898
2791
5645
2616
1724
5196
5261
5026
5134
5391
5277
5245
5144
1031
2688
2812
3863
3191
3154
2063
2685
2042
557
1289
1903
895
3032
3110
2950
638
1802
3157
2909
2648
2460
2971
4096
4133
4031
2439
2967
2797
2255
2016
1694
1698
2342
3480
2861
764
2752
2927
2762
2764
1139
2257
3318
4056
4502
2247
2683
2772
2473
2414
3145
1717
1390
2275
3105
4569
4663
4611
3142
3268
4001
4352
2204
2210
2486
2418
2568
1712
9064
7981
2223
2325
2302
716
1552
1381
461
520
2905
2768
2777
2786
2854
957
2649
2241
3521
3603
3723
1538
2154
374
543
1321
1275
1029
3218
15390
15375
6806
1514
2779
2681
879
3893
1832
1384
3129
494
488
1278
837
1261
1181
2413
3103
2122
645
3017
2027
2536
1963
1910
1959
1190
2205
2261
1636
2059
2059
1044
971
1075
2175
2215
2321
2959
3064
2838
2379
2765
2306
2578
1973
482
734
855
3132
1107
656
3508
4488
2690
2130
1695
3565
1745
2089
588
537
683
3632
3710
3635
3698
3774
3796
2043
2572
2234
2046
2383
1865
1390
594
1831
1082
777
629
2450
2534
2414
820
970
1164
1052
16389
1433
1340
4593
4515
8663
8856
4249
3674
3597
3435
2218
841
1822
5328
5262
2129
2123
2086
2404
2191
2226
2180
2114
1326
2451
4986
4856
5505
1202
1517
1406
856
6349
8670
8686
2418
2364
2289
2088
2340
2126
5031
5142
4958
3142
2208
2449
527
3557
3554
2256
2042
2443
1949
3383
2753
2532
1736
676
1604
1010
611
1259
1140
985
1986
2145
2149
2088
2237
1763
2280
2127
2279
2508
2908
3052
1369
1746
1826
1768
2620
3713
3743
4200
3731
3887
1920
2526
3321
2346
1840
1031
1077
1870
2187
969
991
1130
1763
1760
1873
116
1682
1734
1692
1611
1529
1448
1382
2324
1311
1534
1358
1058
1355
1205
2289
2263
2379
3599
2631
1151
1535
1792
1763
2858
1818
847
1143
1257
1545
3209
3110
3416
3234
2971
2658
3477
1486
806
3549
3832
2370
3528
3464
3128
4490
4653
4538
4354
1708
683
1955
1887
1619
1872
1521
1907
3954
3528
2179
1855
3075
2704
5473
1076
1607
1529
1962
1779
10965
9287
3757
525
605
3805
1478
2012
852
3496
3443
3301
3208
3155
1791
1657
1796
2303
1907
1942
1381
2030
1974
1868
1781
2031
1752
2070
1441
1163
1873
1906
1059
1059
525
1540
1434
1357
1980
1701
2052
1773
2276
1255
1419
1698
1709
1695
1391
1326
2033
1541
1609
1175
1243
1601
1533
1524
1520
1639
1918
1105
1571
2030
1751
1979
1751
1705
1426
1147
2105
1826
2354
2509
1582
1706
2922
2488
2168
962
2285
1709
2102
564
2585
9649
1899
1863
1394
2729
2176
1437
1743
1548
1413
1604
2353
2415
2238
2500
2472
2066
2479
2563
1841
1938
2906
3154
3898
2426
2673
2596
1047
4132
1616
1818
1648
2414
2208
2466
3198
2731
2247
4480
4598
825
994
2565
5110
5279
2601
2779
3042
3045
2910
1161
2944
2782
3189
3177
3685
2685
4964
3120
3125
3291
3046
470
5901
5824
2246
2243
1795
1590
2434
2430
2150
2856
1696
1699
3418
1791
1179
623
561
461
326
613
720
2468
2261
2233
2237
2767
1134
1585
1561
1647
1524
905
1718
794
762
2599
1719
563
4917
4837
2027
1556
1170
1793
1820
2609
1692
2568
2540
1733
2515
3119
3121
2216
3286
2810
1101
1029
839
1255
2157
3775
3667
3810
2281
2064
2112
1712
889
2288
1938
1930
5000
3045
2246
2080
1966
94
878
1803
2024
867
752
2990
2988
2995
3330
2524
3234
3215
2865
2846
2850
2924
3308
3233
1753
2455
4187
6671
5609
2041
1988
2511
1885
1562
1877
1824
690
573
3230
662
898
1643
1316
767
1351
2085
5849
2143
1733
5907
5863
2060
1994
3333
3695
3490
4722
1991
1882
2258
2085
2352
3081
1304
1045
1741
1711
2922
3185
3321
3600
2909
3187
3208
3422
3474
2031
1735
2871
890
776
2076
1679
2042
654
6114
3259
2037
2388
2582
1842
838
2342
1287
1063
1199
1883
2017
2158
1970
2021
2108
1786
5110
1687
1753
1842
1725
1645
1491
1737
4026
5738
5753
3583
1387
1469
1522
2503
1839
4464
1987
654
1029
1251
878
2124
2523
1310
4023
3083
4083
2278
1420
5232
5090
5621
5338
5448
500
1943
2479
2206
2024
2731
2018
3220
839
1623
1308
829
2521
2249
2144
1002
1602
1557
5092
2456
3049
3120
630
4607
4603
4970
1199
1252
2011
971
612
641
2962
2865
2237
1155
2682
3084
1642
5825
1653
2528
1834
2396
3088
1823
1579
1598
3301
1619
4244
597
649
1307
885
1701
1626
1579
2060
1303
2254
1237
1580
3082
2382
1760
1243
2302
2241
1515
1081
891
839
692
770
809
662
610
1410
870
3617
1674
1488
1477
522
507
879
731
731
879
507
507
886
1734
879
1949
992
4371
1960
1888
1922
1982
3396
754
743
4716
3994
1813
1633
2382
4053
3697
2945
2931
3013
684
1588
1241
1207
2769
2440
2186
2162
2159
1029
2048
2342
459
2226
2975
2785
419
1246
3105
1035
1052
1063
1072
1124
1114
1085
609
85
1999
1893
2047
1629
1031
937
1853
1096
977
1393
6942
983
4312
864
987
1613
1561
1629
2263
2379
2357
1854
1851
1679
1475
1306
1299
1201
2112
2668
2743
2785
3768
1811
3497
3431
2903
1621
1598
1539
1536
1513
1522
2333
1821
2146
1507
1461
1437
1453
1646
1605
1884
2101
1661
1744
1715
1605
2372
2016
1772
2218
2066
1671
2142
1501
1798
2315
4646
4587
3083
3415
3260
3382
3236
1877
2009
1845
1852
2100
1950
1666
2098
1966
4688
4566
1433
814
6813
6789
4044
4408
3176
2410
1328
1391
2127
1968
3446
3449
1470
1466
3598
1223
1271
1289
1651
2033
1946
1957
769
856
859
733
847
2955
2912
2477
4785
6643
1405
1347
1843
1666
1503
97
97
935
874
1308
1053
1171
1305
555
1335
1906
2858
2871
2834
2054
1123
1149
1282
1347
1359
1336
512
1426
1358
1561
1359
1526
1478
1510
1353
1926
1926
1148
1013
590
456
1873
1409
1781
1438
2967
3105
3006
1177
1174
1275
1279
1193
1077
945
1074
814
1238
1529
1257
1322
1613
1046
728
1133
1689
1754
1475
1484
1510
1466
1706
3100
2291
3673
1300
915
974
824
719
984
858
1316
3787
3613
3328
3502
1055
2948
2885
1197
1736
2126
2076
2028
1900
3784
1503
1698
2497
2111
3962
70
93
86
1963
1893
1072
2086
2087
2084
1316
1911
2067
2517
4039
3862
2928
3168
2292
2225
454
691
2339
4033
4066
4115
4028
1368
4675
2572
3620
3046
3144
2365
2730
2975
3049
2331
4612
1905
2150
2263
2134
2119
517
2260
604
2047
1855
3977
4190
1525
2084
2045
418
358
491
6740
4229
2864
2483
3442
2650
4558
4811
2545
4674
4556
4030
3912
6144
6436
6455
2334
2620
2697
2546
2996
4043
1552
4303
4218
1326
2485
2623
2500
2269
2658
2518
2503
2176
3502
3863
3527
3493
913
1311
2020
1866
4576
2057
2931
3037
3361
953
686
3681
4188
1496
1482
5143
5105
5106
4131
4078
3895
4151
1214
648
3852
3681
3855
3517
3047
3047
3111
3179
3213
3128
1564
1417
1848
1710
1635
1017
924
1420
1408
1934
1375
1983
2049
353
460
2183
4567
2855
4147
1268
885
1569
2460
2316
2598
2471
2020
1350
1552
1353
711
524
770
698
1599
852
1531
2825
2822
2755
2835
2835
2918
2838
2835
2863
2696
2838
2838
2835
2863
2838
2345
3930
1171
420
2263
2266
1966
5545
2924
2921
1574
1364
1104
922
1004
1830
1707
2816
2765
2813
2762
2732
2027
1981
2030
3679
5153
3970
875
709
673
697
646
1702
1753
1910
2966
2854
2854
2797
1644
648
2083
2080
1939
5287
2014
1691
1576
1595
1301
1526
594
1598
1138
1474
1189
1527
1423
1900
1906
1562
594
1876
1622
1670
1459
1681
1382
1604
1634
1346
1568
1560
1343
1153
1150
868
1102
817
3336
3249
3420
3508
2260
2264
1567
1931
2023
787
2584
2201
1976
1829
2922
2916
1106
1073
1047
999
1061
966
578
698
1787
2059
2168
2244
2228
2604
1825
1822
2428
3927
1004
2636
1402
1640
3663
3636
1712
1706
1635
1621
1907
1798
391
2977
3079
2048
1197
2308
1029
2037
2100
1657
2467
855
2914
3183
2354
593
637
4205
5607
1191
1562
6035
1167
1119
909
3847
1313
4909
2167
2659
6674
1109
1996
1670
1767
1131
1418
1225
1990
1762
3118
3130
2405
2483
2946
3483
2890
3184
3777
3672
3197
3933
3824
3881
1687
2042
2040
938
1920
2450
1792
3506
3487
2544
2297
1276
1608
2590
3322
3924
1523
661
4964
3492
4086
2045
7140
3125
1789
2129
2173
2099
8364
8716
8759
8375
8369
3604
2627
3346
12160
1108
1113
1249
3849
3659
732
2772
3380
3416
2678
2719
2929
1313
5418
5129
2363
2267
2185
2182
2928
3969
4008
4302
3369
1146
2508
2675
2859
2636
2509
2964
2739
1154
2248
2151
2512
2473
2788
2668
2705
2245
3575
3699
5250
2584
2433
5290
3496
2213
2086
1708
2350
1685
3092
4542
2266
6844
6283
545
4702
4699
3694
2208
913
4219
2987
2730
2412
918
855
2054
2115
3022
3385
3326
2929
2685
2492
5729
5951
1778
3411
2660
3091
2836
2740
2535
3473
3512
874
1562
2210
4675
1396
1365
4643
1764
1717
3325
2129
3466
3369
919
998
1930
2032
740
1517
2257
2192
3030
3813
2995
3000
2330
1973
1888
2002
2365
2350
2193
2138
2959
1545
1177
899
907
1523
2566
2602
2920
2182
2393
1598
2319
2872
1786
1729
2006
3374
2616
1124
658
1199
1549
1549
1578
1396
2372
2122
1943
776
537
1815
1884
3137
2974
3145
2966
1107
903
6820
2720
1515
7134
7140
507
3242
2344
2013
1721
717
1583
2524
2487
1675
789
1810
1633
1191
1147
727
546
2584
1380
1301
1229
1229
405
1866
2403
1351
2112
8718
11868
2130
626
2987
3512
1637
2954
5737
5513
2282
917
2313
2342
1362
3932
7361
7361
2125
3804
5717
5582
1920
1770
1971
1841
2126
2171
3163
901
905
852
820
3551
1084
2210
2165
1700
2297
3604
3630
3192
3681
2412
4030
2719
3394
1902
1751
1924
1903
830
2062
3345
3495
1439
3232
3094
2326
2682
2704
2288
927
1424
1141
1784
6401
3443
3310
3372
3239
3184
752
8482
2321
1314
2347
2337
5294
1607
1168
2099
5354
2183
4404
1939
832
3502
2586
2048
1344
7282
7086
2705
1871
770
2604
1490
3589
2004
5171
5258
2615
2516
1812
2612
6226
6364
2400
2329
1598
2972
2861
2681
977
1893
2503
2381
3008
815
5787
6942
6909
1726
2582
1764
1760
3201
3293
4374
6002
6106
6114
6212
2366
2403
2376
1388
1994
1999
1749
2855
14120
2098
2443
3580
5606
6897
8046
2196
1891
1504
3894
949
994
1151
865
770
1260
951
1202
1675
775
1594
1773
6112
6031
4582
4169
6901
6949
6892
6889
570
1597
1689
1575
1625
3167
4394
4853
4994
4657
5188
1295
1245
1275
3588
4298
4379
1693
1774
1131
2472
2418
2382
2292
2271
2361
2242
1852
1195
2451
1995
7174
3296
5431
3784
4142
5138
3036
2187
1818
4011
3697
3493
3239
2491
4953
5107
4755
7155
744
3978
3135
3912
3740
1427
1348
871
5208
5125
1869
1824
1966
3039
2904
1906
2435
3236
3283
483
3859
1421
2415
2415
2418
2163
1701
1647
1848
1632
1444
1419
1212
3083
2164
2097
2166
1990
2063
3144
653
1256
1396
451
7107
2559
2092
2006
1902
1756
1630
615
901
996
1005
2011
3987
3920
3844
839
1717
1811
1761
1758
1735
1754
3626
2043
2117
1780
2077
2136
2152
3826
954
2883
2197
2487
2561
856
941
5359
2058
1857
1670
2186
6200
3421
3362
3359
2757
2337
4261
4261
4474
2969
1883
518
411
1196
1579
1927
1855
1888
1786
1714
1418
1065
612
2105
2850
3989
5063
3534
1546
2173
2247
4780
4985
2087
1814
1740
1206
1841
1814
3501
89
76
2002
2767
7044
2321
4276
4107
6219
2258
2616
2319
2555
2716
2938
679
1512
76
101
5059
2747
4853
2389
2670
823
1498
2496
2711
2726
3785
3905
5717
2443
1810
1242
1475
800
678
5212
5116
2450
2570
2433
2207
3345
3363
1964
2874
1414
1991
868
1629
1389
6130
5280
5277
5118
2121
4693
4335
3546
2745
2153
1343
5583
1556
1937
2092
2011
1902
1935
1336
2728
2683
3478
1643
6792
1667
986
933
163
186
1069
1206
3324
2209
1915
5900
2642
4379
1702
1555
3981
1889
2101
1655
1213
1985
5153
2887
2642
3364
977
2081
3035
2779
2482
2487
2936
1207
690
3758
4653
4823
4012
2685
7255
8316
4360
1565
4112
4049
1436
2517
3706
1626
2224
2345
965
6052
6037
6013
6110
2038
2108
6031
1809
3721
2499
977
5547
4620
1112
1887
3789
3822
5831
5483
1856
1853
1761
1283
2156
3692
6325
6113
5923
5583
4190
3289
3064
6972
4192
3619
1133
2923
1397
1393
1396
1965
2739
3096
2882
2664
6619
1496
2621
3041
1761
3849
1718
1503
1615
2986
2333
2317
2423
1440
4811
4613
4625
4669
4597
4851
1174
1553
1697
2153
2160
1094
2226
3693
5519
999
5137
3622
735
1977
1577
4540
1513
1132
1027
1917
4421
4509
1031
1210
2157
4120
3965
5120
2326
5157
4795
4193
3896
2139
1302
1892
1855
1656
1716
3145
3315
2000
1422
3501
4320
3935
2565
2154
5463
1356
2010
3136
3208
3169
6004
3824
5802
5747
1668
1648
3085
917
2381
2195
4024
7097
3044
2297
9340
1106
2214
2005
1986
1920
1275
3121
3043
2959
2115
7099
1220
3095
1713
1921
10220
2763
9074
4242
3774
7850
1777
4098
4840
2440
2383
4292
5346
4895
733
540
527
2947
2526
463
2886
4539
7231
9813
5318
1374
1299
2455
3608
4202
4457
4678
1622
4579
4499
2917
2722
2681
1275
3469
3982
2499
2034
2083
2078
2036
1929
2031
1987
1715
1730
4295
3828
3957
2357
5385
5946
5844
3718
4243
4019
3820
1705
2592
2496
3808
1309
1227
1050
1585
4514
2640
4574
4480
3115
2346
657
1809
2137
1992
11309
2719
1795
3706
4829
6827
3858
3634
2333
712
290
1674
2747
1925
2468
2379
932
1318
5162
4949
1319
4870
2026
2165
2109
2437
5820
3291
3082
1268
978
2111
2167
1880
5140
3957
3993
4622
7344
3765
1880
1471
3821
4087
4003
4006
3808
1720
5547
1977
5789
3296
5450
5861
2642
2414
2450
3932
3917
4441
5264
3180
2676
1044
681
2100
3283
1196
1206
1193
1280
2244
1902
1811
1976
3011
1294
1996
1383
4164
2851
2710
3848
1630
1125
1974
2924
1981
2919
2922
2139
1584
799
1573
819
1661
2344
1634
5891
8641
496
1177
1087
1041
951
950
21265
2140
2074
4285
2346
771
1402
1338
5584
2172
2385
2455
564
742
2180
1748
660
2522
4652
4619
4782
1014
5376
1213
575
1806
4261
4258
1013
984
981
2652
4024
3938
3016
3763
2841
722
2471
1867
1144
1626
1938
2119
1992
1852
3365
1228
1572
1574
2989
870
2483
6300
1456
2851
6506
6496
6443
6822
4522
3930
2081
6889
6657
6847
4528
5802
1459
2091
2188
4076
3574
4139
1713
2901
4009
4341
28
2567
1906
1081
1889
1277
7121
5127
12922
12796
10264
11482
1073
826
564
777
752
749
1638
2206
3045
1949
1651
2088
2402
1330
1142
878
765
10980
554
465
1654
490
1674
1328
1799
2283
2185
5107
6347
3449
3162
3189
2444
4147
4162
4127
4492
4127
2144
1119
1118
2620
2193
2190
1099
1210
1733
2055
1165
1156
2047
611
3000
3515
4338
4359
1722
2929
2820
1011
1451
2449
1004
898
1262
1752
1683
980
1602
1664
1798
2550
2259
2484
2454
1698
1682
2432
3121
2686
1954
1889
1698
1704
1829
2275
1691
2534
1370
4273
4080
3808
7086
3662
695
4778
1731
1855
1921
1815
7826
1096
4202
4434
1150
3081
3151
3623
3472
1006
1179
841
941
806
808
1685
1680
2925
1002
807
784
2985
2212
1450
2380
2077
1886
2049
1703
3058
482
7552
2760
6315
5846
6141
2178
3310
2599
2415
2371
1442
1397
1975
1111
889
2817
3247
741
665
716
2065
2324
1512
1484
1879
2150
4265
1933
2040
1953
2208
2709
2759
1989
743
3959
5862
4631
2236
2382
1107
6635
1298
1707
6734
5895
2059
3000
2997
2967
1194
1766
1740
1498
3310
3851
4889
3171
3110
3051
4565
3476
1944
2917
6183
2223
2911
2800
3053
1050
1104
960
1423
1481
6693
3479
3012
2212
3053
1163
29
804
3008
3479
1753
1692
1572
4344
3775
489
1847
1852
2133
1653
3649
2111
1529
795
4546
1324
1833
1803
1383
3599
1209
775
301
29
28
1165
1692
28
3330
1455
1056
888
930
762
1660
1569
3420
3204
3948
3876
3738
3821
3812
2921
4513
2339
2841
3672
2913
2720
1297
1423
1590
3042
1623
1119
2951
3115
2811
2442
1981
1059
2133
2340
2823
3455
2807
3260
1676
2671
3377
1835
909
537
4206
4183
4028
3060
7172
3409
1787
2056
2156
4495
3626
1673
437
2205
2066
2448
5003
4932
4930
5276
5270
5070
5215
2864
1981
1590
3419
5970
2536
2407
2440
2488
4798
4915
4771
2581
2171
2455
891
3505
3382
3781
3551
842
962
1563
2684
1264
1042
1276
2984
980
2886
2827
2813
2830
504
2258
1356
2429
2083
1447
1805
6640
3800
2684
2934
2574
4880
4208
4745
2490
1867
2906
1339
3841
3787
6736
6751
1661
1637
2169
1140
8380
3869
3660
3663
3684
2492
1406
1710
1531
1543
1415
1352
1289
700
910
1848
1171
2568
868
846
989
1528
1166
4696
4730
4733
1352
8118
8135
3101
1671
3115
13911
2814
485
1075
4004
506
784
357
2328
3964
2476
2517
1999
114
2452
3488
1907
7458
7134
6996
7317
7215
6993
6624
3681
5976
5297
1452
1404
1036
1733
5142
4906
1963
1492
2058
2505
3645
2665
4137
5440
2706
3431
3346
1378
1504
2112
2436
2762
3033
1457
1725
1843
2965
2962
887
1696
1632
1519
1468
1874
1702
1753
1578
1765
1519
1694
2750
1415
2679
1957
2302
1847
2235
2083
2098
2034
699
6785
6855
1656
1729
8070
5141
2827
2794
1683
1664
1439
6976
6832
547
1608
1529
1577
1509
1630
1859
1720
11710
2196
2057
2191
4210
4189
3252
3183
3335
579
2143
4653
3302
8321
4398
1182
3198
1725
1412
3056
2748
2580
2745
2391
800
1618
3200
3607
3021
1182
3500
2043
55
37
42
35
38
28
35
31
2714
3026
722
4919
5099
4679
4686
4665
4554
4720
4769
4751
4540
1583
539
732
1221
6309
1279
3626
3390
5212
2020
2299
1604
11539
2706
7164
4398
5159
5409
5501
4857
673
3406
3282
1869
1763
3273
2515
2927
1373
1498
769
706
649
586
649
1180
1182
922
2663
2691
1018
1364
1009
2133
1921
1813
1750
1742
5038
5471
4951
4014
2950
2611
3471
3744
3642
1901
2327
2679
2341
670
1826
1924
2066
536
27
1129
1956
1553
1657
1581
792
1147
1231
2056
1984
1125
967
1137
1004
2099
3119
2848
2356
1971
2712
1155
844
4863
4942
4394
729
4418
4464
3765
6792
2582
2032
2961
1835
2049
3935
4282
3867
950
931
460
614
752
738
1685
1542
1821
2945
1346
1397
2080
3943
6539
2155
2044
2131
2258
2321
1999
3203
2015
323
3483
3432
6229
6178
700
2272
9284
5200
5813
6159
6925
8087
1969
3204
1266
1340
1383
1737
3405
3506
2369
5281
1070
1013
2621
2069
2115
2492
2333
2204
2360
2396
2289
2159
2267
4685
3390
2852
2927
2750
4941
1753
1749
1843
3000
1067
6714
1108
2039
1884
1484
1528
1624
1668
2162
2506
2225
2051
2341
2369
2304
2809
6283
3574
1169
2324
2228
4643
4671
3236
3460
4068
2545
10930
10777
3951
2213
2460
3077
3793
4525
27
40
40
29
1471
1273
4300
3425
4269
4182
4126
4130
730
1537
1599
1514
1644
1847
1049
3347
3668
2124
2742
2070
2209
40
40
1009
1665
1665
1160
2277
1760
1187
6252
2824
1460
3314
3666
4257
3239
5405
4331
4307
1673
4454
4304
3399
3324
3440
1739
3666
1856
2734
1543
469
692
2545
3788
2176
1455
1257
1128
4558
1219
1325
1727
1425
2791
2820
1854
2682
1973
7593
3636
1683
1915
1725
560
2421
5232
1892
1769
1248
1305
4490
4591
4997
4165
1711
3407
4348
4164
3793
3782
3693
1411
4644
4338
4013
4014
2949
6274
1862
3743
2322
1894
1673
5843
2981
3260
738
906
3366
925
5732
2558
16531
1286
1671
1758
1140
2356
2692
2471
2428
2819
2480
5558
5555
3763
492
2646
2960
2562
4766
1757
1134
3933
5360
5243
2792
2817
2794
2105
6005
1616
2903
2798
6117
2298
4841
1573
1501
1302
3484
4093
3636
1734
1434
2768
2765
2680
3913
1479
2147
1422
8238
8382
8304
8508
5366
2069
9443
4309
1143
2913
2911
3169
8064
7926
7976
5599
5700
1606
5573
3673
6619
7526
1464
1711
1071
1781
2810
2192
1471
5663
5368
2362
2890
1745
3351
3529
5089
5802
2293
6028
3130
3774
3706
2210
8875
8635
2954
3045
2408
2411
2185
1929
1160
2550
3083
4588
4459
4508
3184
2092
4061
4067
2772
1755
1566
541
7505
1741
788
1819
1927
1837
1696
8143
8088
2519
2786
1880
2355
2318
1494
2528
3467
2854
3977
8912
6924
1404
4876
5159
2075
2396
4324
3856
3808
4183
4443
4276
4285
4333
671
2089
2039
2013
1715
618
3186
5664
5574
3898
711
658
1127
2779
3420
1460
3223
4225
2432
2996
4535
2377
2430
5492
6407
4919
4805
2141
942
1621
1893
1687
9123
8976
8976
3716
3716
8792
8858
8553
3074
2929
1428
1722
4895
1934
2260
4091
2302
1727
1727
1694
5727
607
12600
10256
2168
3273
6259
6283
2886
2534
1606
1569
1869
1583
1645
1345
3080
2964
4775
2864
1917
750
15734
3156
2464
3002
2869
2873
1290
2699
1515
2659
1083
2539
2169
2659
1123
2211
2042
1863
1637
1496
1777
936
841
776
1385
5399
4879
4062
4148
5552
5471
5521
5440
1719
3937
2184
2129
1946
2026
597
1254
3472
2384
2498
2304
1971
5730
5793
5289
2854
2538
7998
8153
8330
8136
5728
4357
4148
2602
2524
2521
1250
2562
2484
2590
3995
1669
1593
1533
2380
2180
2303
5810
5680
1525
2650
4574
4619
2554
4346
4105
4013
7181
3861
1199
2352
2810
2573
3936
3626
3920
4355
4254
4362
4359
1791
1819
1806
1802
2467
891
1814
7472
7323
7369
2397
1410
4816
4584
4648
2639
1800
2056
1981
1594
1868
2712
2111
1793
2109
2012
2086
1026
2306
2144
2191
2047
2183
2121
1994
1819
2113
1335
2728
2638
1258
5765
5535
2327
1461
1803
641
1127
911
1877
2224
690
1782
1294
2299
4061
1974
1590
1386
494
1156
700
1270
5808
5676
2300
2739
2852
2745
1121
1187
7665
2639
4668
7777
9276
8307
2144
2434
1869
1782
2066
3770
3845
3634
3524
1247
1851
1626
1905
1825
1935
1986
1521
1197
2902
3016
2899
2467
4591
1571
2161
2117
855
1167
21753
1266
17304
1955
2130
2789
3786
6959
9418
10446
2610
1891
2704
2750
3277
2236
3136
1378
1543
1765
2133
6074
3417
2121
3287
3209
3145
3002
3013
2870
1352
1880
2629
5172
5290
5224
5868
4625
3381
1762
1013
1846
2414
2263
2003
1949
346
4193
5050
4947
4055
2035
4631
4613
5363
5245
1632
1490
4683
1165
765
4585
3869
2131
7031
3279
3553
4129
2446
4994
877
3651
3913
4035
1149
1180
1652
3299
1812
3448
3541
7437
1454
5490
6929
2674
2708
4332
2129
3353
1057
262
334
2470
4233
1669
4109
1868
1487
2316
2208
2748
2098
2181
2071
1275
3520
3034
2818
3403
1970
2296
1417
1663
2818
4001
3989
4033
3960
1726
1692
2342
2162
4797
4468
3912
2000
4290
4338
4749
4797
4308
2798
2881
2761
2743
2945
631
4921
4933
1312
1880
2771
3463
3447
3848
3952
4391
3259
3216
1807
3758
1586
1070
5370
5321
1805
12393
5306
6690
6926
1407
2113
3685
2691
1448
2933
1742
1777
1385
11112
11196
2916
2855
3686
2703
1443
3049
4290
616
2092
1974
2319
2313
2299
952
2850
2861
3112
1030
3027
2925
2838
2775
1617
6663
2528
5729
5052
5325
1646
3314
3197
2279
944
5369
5350
5262
6732
1509
6257
6316
6317
6110
6267
2935
2552
2678
1065
4542
4931
2050
1470
978
309
2797
1227
1933
1842
3333
1165
1177
1071
1606
1428
1479
1631
1745
2126
1275
3120
9332
9556
9234
2209
753
4729
1359
1758
2200
2169
1963
1110
1603
1307
1041
1389
5906
5777
2288
2159
2931
1123
2911
2747
2766
902
2935
3071
892
2652
784
829
1943
6526
1532
2297
2098
5689
5329
5393
2099
2370
2457
4943
2214
1777
6917
5109
3196
2890
1784
1612
671
3851
5135
1078
1452
1963
86
84
1656
12069
7996
7869
876
964
2281
2840
2610
5171
5929
1058
4719
9058
917
10942
10863
10775
10725
6479
6593
6112
5731
9597
2767
2388
504
3806
3429
1977
1867
2641
3522
3639
3618
3825
2577
4141
4126
6661
6646
6595
14135
1220
2004
892
3416
882
836
1110
70
130
2314
1327
1343
10146
3048
2051
2329
1968
6926
6833
4991
6941
1209
1639
1344
1009
9777
9735
1282
4748
4694
3657
3756
6562
9807
3751
706
627
625
605
1204
2340
2288
2328
2035
2326
2068
4355
9900
2706
4631
5844
9445
5470
5377
5447
9214
2771
8007
2645
1726
2466
2130
2500
2424
2288
5408
5282
2199
2262
2332
2456
3640
2488
1285
861
1051
4601
5755
2303
11923
11875
9878
9420
9344
9273
9421
9490
1248
1148
2173
2348
2256
908
2594
8084
9099
2052
2047
8137
8797
8161
8086
8629
8431
8356
8254
7894
8704
8167
1104
2382
3690
2104
3212
2284
1672
1679
1867
496
3374
3370
3428
3830
2348
4449
3267
3081
416
1725
6238
399
429
392
3969
3904
5661
10025
10004
10276
1792
412
3127
2135
3636
2676
2859
2631
2484
1447
1409
2460
1722
1792
1795
756
3113
2943
2349
2970
1322
933
479
2707
3851
3925
783
2637
2098
2736
2693
1451
8072
7987
7786
1041
3088
1997
5896
6135
5918
1734
1662
1453
1544
1429
1560
4921
4858
2252
2095
4994
2292
2359
2299
1700
2375
1008
2479
1555
1079
1879
691
885
5945
1138
2257
2019
2098
3497
509
597
2073
2253
4607
2277
1880
1998
1287
1707
2972
4636
3773
3721
2578
2184
2505
3383
1628
2493
2505
2853
3118
2935
3371
2499
1478
1125
1380
1974
3125
1524
3630
3543
865
794
2438
1842
1756
1664
1758
1598
2246
3874
5132
3487
1417
1521
1516
1675
1680
1816
1836
1525
3154
2735
2678
2397
2990
1222
2407
2216
2250
3296
2298
1423
3600
2296
1310
4240
4219
6346
3842
1949
3170
3341
2923
3094
3338
1080
1489
1699
826
2233
2429
1846
4360
4253
1695
2959
2474
4001
3892
4606
1746
2674
2259
2256
2593
2468
6784
1183
3427
7285
2262
4008
4590
2935
935
8735
2422
1918
8096
7923
7630
7420
1956
2214
2161
1908
1927
1749
1764
1577
2009
1523
1651
2294
8666
8732
8660
8546
1991
3766
3535
2346
842
839
1669
1885
6826
6913
2449
2821
2610
2463
3271
6428
6572
5618
1044
2814
2930
2813
4294
1684
1831
2577
2505
2081
835
1253
3250
3071
2909
1989
1914
2307
3666
5455
2024
2609
3828
2786
2072
1931
1961
1700
1589
1892
2526
3827
1250
987
1620
3577
2606
3227
2230
2214
2216
3790
3623
2716
137
80
1282
3273
1381
1310
1202
1205
1118
1005
1977
2030
1901
3300
2383
381
3428
1966
4460
935
2865
1520
2492
2548
2561
2859
1740
2187
2448
1151
1008
3479
1989
1548
1262
1423
2708
7728
7952
7945
7812
1104
2350
2904
3167
3261
6650
465
3184
1019
2344
3404
2867
3347
3343
3300
278
266
720
1749
6294
6229
1442
2728
1083
1946
2396
3426
2383
2374
2333
1691
2482
2345
2374
2345
1265
1816
2357
254
252
146
1145
3049
5620
794
713
1019
1811
3371
4006
723
5181
5108
515
4517
4358
2548
1335
3188
3253
3064
2098
1794
2341
2321
2256
2247
3981
10581
9963
2717
4066
3463
3492
3755
3671
3395
3665
3509
1966
1922
1814
4100
4420
4492
4324
3337
4282
907
1346
1605
2858
4253
1294
4682
3557
2279
2009
1442
1905
846
1959
1368
1362
1602
6341
4174
3976
6832
1833
1975
8975
990
3700
1525
3770
768
1510
759
565
3685
1540
2017
3242
2466
2421
2475
2627
2994
625
1554
3708
2910
1576
2626
2161
1024
2615
2457
2676
1304
1875
3012
1083
3012
5529
5444
8815
4634
1597
1254
1957
2017
2524
2270
2345
6834
1944
4166
1824
4124
2594
4530
5172
4831
938
956
1293
1164
1214
891
4128
6372
6516
6296
3594
3493
1191
3392
3307
3665
3997
3091
2125
4942
2196
2170
1939
2140
2599
1496
784
2157
2499
2870
2890
2237
1053
962
2371
2377
5192
2586
2299
2230
1738
1449
1218
2282
1904
2302
2483
2305
2111
2170
2283
708
412
439
282
671
2118
1527
1409
1555
2755
2040
4627
2385
1773
752
2450
2342
1212
2760
2615
2454
4454
2032
1960
4621
2836
2719
2509
1225
2563
3093
3576
2694
3156
1811
1619
1638
1919
2704
2518
3684
2004
3693
3432
1720
1602
4992
5569
1277
1470
2373
2158
1631
1518
896
783
3642
3449
3549
3961
2833
2539
810
1761
2240
1716
1383
1065
2808
4200
3867
4108
3861
1802
2556
6010
2676
2292
1007
1153
1841
965
3057
3628
3169
3121
1936
1936
73
132
1649
72
1521
1206
1627
2794
2910
2389
1866
726
1637
3892
1999
1997
1758
1656
2591
2726
2294
1827
1471
1298
3619
3310
3403
4519
3135
3779
402
399
423
1038
512
618
1794
4328
4166
2287
2861
5247
4045
1248
1123
1072
965
3093
3095
6855
6281
6340
3967
8655
1426
1516
648
1447
3518
2992
3518
3440
731
1849
684
963
6645
6718
4376
1314
3107
3009
2565
1376
1301
1586
2838
2835
2793
3672
3630
3549
2609
705
1791
1452
1832
620
11759
11584
11484
1317
493
1711
2279
2136
1762
1619
84
3358
3297
3228
2115
2025
2184
1089
2205
2274
681
2666
870
2645
2730
2734
2739
2735
2603
3979
2095
5200
5284
5471
5426
6944
6962
1956
479
1559
1777
1453
1684
1365
1318
1354
2879
2702
2585
2700
2666
2148
874
3789
3591
6653
5458
1152
2648
2311
3692
3698
3812
3746
4415
3950
2690
1657
3321
5150
2617
1914
3150
1613
1746
2365
1929
703
6821
6703
2990
2340
5525
5488
5129
1776
4820
4671
4777
2990
2956
3821
3757
2053
2053
2171
2662
2534
5987
2270
4565
4856
4562
1691
1628
3845
621
1032
2238
2350
3215
1911
750
1087
1003
1185
594
2349
2117
873
4860
4929
3977
3773
3059
693
4422
4087
2025
699
3175
3142
5261
1281
1181
1476
1428
4671
4742
5113
2205
2062
1745
1613
2070
3329
3792
3715
608
445
3082
2056
2150
2067
237
2124
1555
3883
3136
2699
2237
2489
2420
3499
3522
3558
2479
2151
2209
2254
3855
3413
3431
3110
3220
490
487
1365
1382
1951
1559
606
664
3888
1294
28
4244
1078
932
1064
4405
1101
4082
842
1808
2826
1933
6286
5201
2194
5388
1604
1160
3435
3307
1030
2076
2838
4392
2422
2409
2318
1190
1827
1258
4031
1667
1499
6700
2345
1117
4817
4740
3870
3882
3823
2723
735
553
448
890
1155
1152
956
1687
2085
775
736
759
694
749
973
1045
2376
2437
928
2220
2244
4877
4472
4466
2755
1474
1930
932
2158
2762
2759
2802
2693
2703
2367
4130
1582
1579
1966
1963
1843
3289
1649
4972
3797
4662
3594
3258
3196
992
1680
4598
1666
1548
418
1212
946
267
588
496
456
444
282
490
496
377
216
1655
2011
1741
1797
1594
2812
983
1222
1179
684
2460
2557
2368
2539
739
3662
2793
1629
1318
1731
1212
1184
1383
2623
2359
2762
2671
3021
1372
2909
2532
1935
2085
2082
3978
4032
1215
5656
1506
5218
6098
991
7029
493
6003
603
2041
883
843
3868
1910
2463
4335
4275
4086
4254
3012
2622
1251
1896
1454
1052
1203
1220
1107
999
1077
1022
1058
1727
1208
1942
2090
2087
2440
3317
2340
7319
7009
7737
7449
6623
5573
6841
2010
1936
2038
1991
1868
1882
1931
541
2027
2699
5723
5524
3316
3338
3241
1634
1573
1525
1571
1432
2590
2581
584
2205
2369
6379
684
701
697
1445
927
967
1831
1771
4124
9310
7061
886
2639
1919
2720
2855
2979
2519
1628
1899
1897
6289
2027
3162
3138
2715
2089
1913
1873
1802
1771
1449
4333
1229
1084
908
1027
2730
1884
2322
2241
2045
2372
3755
3700
1734
2383
8347
598
1067
2901
1673
1365
1350
1395
1200
1146
2340
6578
1452
1450
1933
2172
1766
2204
2029
2061
2077
1976
1934
671
739
974
6589
6621
6546
2655
2250
2092
2371
777
460
3034
2602
2808
2790
2970
2880
2863
2742
410
2053
1691
5889
819
2068
775
883
1726
1927
1769
5341
5971
6326
6102
5744
5582
5862
2701
6275
2434
1466
2647
5009
3007
3796
3800
4078
1207
1187
1025
3403
1089
1080
1082
952
1110
1193
2443
2493
2963
2927
2070
2353
2248
2479
2199
3710
4504
2041
2701
4269
3243
2358
2087
1982
2362
2505
2457
451
563
560
1313
1196
1552
4097
3996
1960
1997
2042
1300
1219
1481
2978
1118
1959
3912
3772
2589
3870
2825
3464
3919
1941
1877
2326
4316
4170
4419
6412
2557
2857
1845
1823
2002
2138
1186
2149
951
1073
805
136
138
138
138
1422
1087
2578
2652
1583
1509
8634
8625
3022
8067
3838
770
2574
2479
6250
4853
2427
3300
3358
2051
1965
3731
1160
1459
5205
5202
7669
9850
9991
10523
9962
3071
3023
4362
3827
4822
10389
1634
2595
3242
12636
1994
4012
1103
3217
3335
4375
3993
1752
604
1857
1854
1861
1824
2119
1674
1648
1644
1498
1881
2713
766
841
2540
2410
1871
4785
2407
1571
1397
1481
1728
4103
1894
2242
958
1377
1192
1339
1369
852
647
1599
3208
3238
700
6215
6191
1726
2592
1432
1327
1180
1531
1088
3334
1743
1609
1822
1403
1156
1244
5134
3104
3009
1124
1610
2247
2048
1900
2058
6328
4538
4336
1008
774
553
1442
1663
1483
1981
1621
598
2253
2130
2007
1932
2489
2499
2610
2821
2279
1447
979
1139
1237
1117
1095
1193
1149
1144
1242
2228
2248
2027
2123
2583
1750
565
421
694
411
619
2434
1950
4049
1268
1068
658
481
614
631
476
1370
380
1000
776
911
1288
754
808
1448
721
516
885
679
1921
3166
3184
3173
3403
3118
3188
2016
1157
2833
2773
718
1259
2238
2245
2284
1818
1541
2260
1745
1589
1730
1698
2695
1461
798
2642
4451
1435
1877
2335
1563
6059
3037
3580
3206
2024
1616
1554
1656
1522
1619
1008
3655
1632
2494
2202
2265
2460
4906
3682
3578
1554
1454
1246
2720
2800
2747
2453
3475
2577
4045
4066
874
3180
3372
4233
2700
2738
2484
2434
2246
2235
4830
4278
4335
4416
4709
4625
4503
4432
4840
4652
4568
4493
4723
4790
4043
1097
2884
1806
7931
7919
7916
7928
3898
4237
4228
4087
3592
4590
6633
9003
3559
3516
3534
3393
3682
3318
3411
3536
2693
7367
685
677
615
529
500
90
3404
3756
3770
5601
4725
6255
4054
2465
2443
1690
2131
1982
2177
2460
2537
2916
2295
1664
1837
2278
3314
4279
2698
4614
808
1341
1244
1109
4713
4538
857
1047
1069
2458
2219
2170
3253
3165
2885
5607
7580
3482
1151
2073
2832
3260
3254
3098
4352
1874
5633
3475
3433
2702
3266
3068
1345
1832
1767
2507
1084
3024
2547
2238
2224
2128
2114
2339
2212
2226
2295
2323
2292
2330
3179
2899
3155
524
1649
1646
1594
671
692
2863
1878
1816
1702
1811
1565
1835
3456
2679
2296
2071
4912
4513
4520
4572
2570
755
2495
1437
8648
3673
3782
3311
3429
3112
2794
2094
4946
4883
4895
4732
4934
2536
4680
1617
80
1156
2558
820
3089
3764
1640
1595
1861
637
488
2839
1843
2119
2255
2118
1500
978
3494
438
2562
9401
1055
2397
2618
2653
2576
2250
2726
2245
2370
2160
1424
5479
3976
3459
3798
3181
1634
1428
1077
954
2732
1699
2054
3060
836
3092
2000
2493
4627
2629
1300
984
1069
2506
2127
4548
1859
2934
2680
1418
1226
1658
3210
3971
3935
2838
1403
1399
1102
11424
395
487
881
364
3785
2793
2595
2295
2585
2776
2309
1422
926
4131
2501
221
1634
2419
2414
4505
2484
992
2164
2455
2863
8482
8544
7548
7610
2733
2736
2798
4425
2646
2584
1057
3366
1748
896
2794
87
3250
1267
1321
1429
3273
3249
3488
2379
5487
6101
2241
3039
1804
3251
3158
3197
3167
1425
1778
1841
776
2507
1516
1109
1145
7507
10002
1825
4007
4559
4210
2255
4636
4462
1385
5097
3432
1454
1120
2972
2543
2538
2472
2548
2541
2619
1905
1878
1997
1954
3433
1198
2277
2167
2012
1580
2335
4376
1073
1776
2409
2382
2349
2322
2340
2280
2004
3240
1601
4034
1962
1393
5919
2181
2071
3099
2979
5263
1703
1590
1492
1597
1490
3354
3203
868
2970
2059
5533
4853
2086
3911
3830
40
723
2186
2132
2072
4034
1891
1749
935
291
351
3838
3416
1826
39
30
1278
30
26
1089
2552
1071
1402
1633
1975
1965
1802
810
2822
3361
3984
1888
2185
1716
7556
4968
5064
3475
3278
81
94
88
446
873
2470
1402
1460
1592
495
430
5432
5369
5429
2416
2354
2251
2151
2543
3943
660
2124
2013
1950
1889
1960
3699
758
895
726
447
2908
1475
1467
1169
1080
1693
1689
1681
1159
661
1295
1209
833
5119
5179
3632
3575
3407
1428
3078
1363
4649
9662
2602
583
1752
4482
513
869
4865
4781
1292
7756
1703
1801
1635
1790
3034
2968
2971
1321
1863
1892
1889
2225
1987
1993
1735
664
988
5639
5767
2743
3477
3231
1073
1700
919
1989
1648
1156
682
208
848
745
520
452
494
328
615
218
555
909
7198
2313
622
1268
963
862
1743
4269
4203
3071
1439
7384
1569
996
624
931
577
10808
135
1251
1933
1736
1655
2490
2696
443
1091
995
1872
2130
1050
954
3521
7059
6942
7075
7099
2940
3546
2987
3877
3992
4009
2806
1804
1188
914
1200
2488
2278
594
1364
1410
2889
2935
2804
1128
912
788
2228
1935
2253
6092
2220
2277
1508
3092
2332
1911
1608
3360
3499
3536
2193
6493
7495
7373
8412
2496
3951
1659
1597
1602
2169
2122
2972
737
955
389
1211
1121
1076
752
744
5440
5314
5425
5212
6439
6424
3128
5272
4838
807
418
5258
637
6020
335
805
751
2657
11575
990
654
1269
803
890
1082
1249
1049
3153
3569
2404
2160
2272
2427
3800
2525
7273
7081
5673
6221
1034
1221
540
2722
2943
402
101
1558
2996
3341
4271
3352
1114
1208
1212
1245
1574
1499
1110
742
7678
3426
4245
2278
1216
1941
1751
1329
1452
1666
2413
4177
5973
2232
911
804
970
7714
9005
9077
7418
2391
3251
355
699
5516
6579
5211
5170
5087
2900
2484
1097
812
2863
2915
2728
2044
4937
5034
1535
922
3933
3669
1122
1059
8650
12978
2480
1298
1527
1427
2701
1572
1462
2361
2578
2580
2161
3256
991
1220
2921
1347
2512
522
591
483
2871
2629
2762
2711
3409
1542
2064
554
7109
6918
1637
1182
1150
2019
2992
2842
2823
10008
3000
1384
1240
1322
4071
2961
3147
3391
2965
3203
523
3872
6652
6721
4710
3954
4657
5545
5685
5845
6346
1970
7413
6875
7632
7478
2031
5058
5442
4878
5262
1970
1304
1192
2141
2622
3035
3117
2921
2957
2993
2958
1815
667
705
492
2972
2134
2527
2441
2438
1341
2490
2376
1364
578
3093
3663
1775
2822
2058
1729
1899
1865
1752
1685
1745
1674
1708
1630
1589
1878
1545
1954
1987
1980
1807
1800
1909
1932
1808
1660
1506
2280
2135
1977
2129
1034
2751
1370
4976
1718
2656
2552
2590
2567
2353
1541
1675
1020
953
953
4009
1114
4703
3000
579
1898
460
5085
4634
7380
7296
1720
2582
7191
657
1807
1887
4596
6554
6434
7258
6528
1722
6967
3259
1666
1573
3236
2885
1702
1705
2257
1782
3400
2913
2464
4045
2584
2233
2590
2230
1839
5989
6221
5876
5228
4234
2496
42
53
101
3967
1044
970
1011
1071
738
1382
918
1237
1570
876
1255
1098
1234
447
409
738
586
873
3024
2909
1807
1857
2736
2769
2795
2958
2913
2277
1099
955
880
835
744
727
2514
5058
3588
5056
6907
3641
4938
3468
7027
530
2522
3074
2868
4822
7164
5381
2341
5893
2617
2186
2838
1850
3466
2167
1988
1985
1910
1919
4225
2357
1911
1682
3446
3153
3439
1773
948
1259
1904
1954
1875
1164
2691
4390
4258
2314
2515
2284
2670
4074
6113
570
1181
1503
1049
592
727
920
1077
1673
2898
2965
2088
10559
10484
1527
2920
2869
3044
7290
1706
1907
2900
3539
3093
1135
1229
2258
2239
2130
2144
1599
26
28
30
30
30
1174
2395
724
1385
575
37
39
39
30
34
40
34
40
25
3707
1574
1781
1460
2564
1732
121
28
2053
1573
1429
1603
967
1033
1674
2627
2726
3411
2665
3961
5025
1174
1386
1408
1800
1200
1725
625
3071
3927
5574
675
853
3004
2087
2024
1405
1315
1339
2684
2163
3363
3206
3149
2846
2627
3020
2490
2198
2128
1917
9442
3369
3976
4438
4446
5899
2379
2492
2740
2770
718
2217
585
2018
2314
1698
2033
1859
2316
1687
3838
2130
1038
1213
1567
2030
2400
2087
5427
1297
766
2414
4484
4865
2214
5789
5384
5458
1816
1525
1599
1675
5509
1212
1443
4013
772
958
1002
2363
1220
2096
1783
1730
5081
116
1909
1912
1771
1702
3525
3739
4671
2790
958
2082
1462
1532
1250
1676
1519
6722
6634
6565
2025
1895
1968
1961
1885
1964
2700
3186
1882
2210
2302
2480
2596
2277
2344
4017
2127
2125
2271
2348
3134
1971
2397
2257
4439
3533
2781
2905
2909
2959
884
881
3439
3218
2228
2206
1973
1917
5868
1156
1589
2167
2113
5784
1889
3540
3867
3781
3508
3493
2568
1432
781
908
3374
3254
3224
3633
3577
2732
2107
2167
1958
3036
6720
2221
2241
5325
2045
283
2365
2344
2429
1604
4357
4314
2355
1068
1242
1263
1684
2615
2095
1952
2666
2024
2155
2312
2315
124
5137
4801
4921
2592
3280
38
1842
5407
6794
6936
915
2166
4392
2270
3872
5785
3016
2907
1338
1397
1160
2191
873
4101
2709
2851
1972
4282
4666
5913
1496
5151
1783
2986
3106
2836
3038
359
641
5728
2145
2051
2202
2181
2144
2123
2758
1499
39
937
1251
3208
3822
6926
6794
2870
2195
2547
2427
898
782
1278
3813
3686
2593
1302
2377
2880
3058
2845
2694
3906
4016
581
849
2020
681
2260
2070
1818
843
1702
1675
1729
386
359
1399
3098
3199
3524
1068
2349
2388
2277
2124
2333
561
1476
63
1117
1075
1634
619
670
1117
1075
720
1058
997
2070
7222
6985
1512
7480
1088
3183
2493
2496
2489
2397
5222
39
6673
6777
2869
2565
1167
823
2387
2071
1767
3334
2066
3607
3444
3573
3535
3569
1385
2363
1488
1447
1240
2150
2685
2302
2413
2547
2346
1033
4639
9547
3504
1517
1147
6176
5993
7228
5828
507
6140
10492
853
763
1163
913
3604
1500
1381
1554
1724
9053
9203
8565
7753
3404
3401
3179
3176
3103
3313
4345
4068
4231
6738
4538
4556
2088
1275
922
2973
2926
2849
2589
1827
2000
1892
921
810
10068
10142
9942
10016
2613
1836
2368
687
5051
7555
2924
2838
1085
947
5107
11793
5098
1701
1682
1987
1858
1771
2012
1972
1825
2069
1080
3984
2171
1718
1722
6541
2491
1070
6133
2059
2053
2065
1996
1738
1584
1571
2662
2677
2494
2659
2033
3946
2530
2962
2525
2499
3381
1492
1786
3558
3986
4173
4152
4083
5113
1495
3717
1722
1502
2676
2560
2545
2429
1162
465
2052
3075
2190
5942
6093
6184
5042
6023
6083
6068
5945
5819
4733
5518
2978
1032
917
2468
975
916
2778
2843
2840
8906
8990
8879
1891
3919
783
1862
1507
1621
1510
2093
2048
2005
2013
1848
1933
5118
555
1918
1824
4266
4130
3635
641
1612
1169
936
2083
2301
2201
2131
467
2517
2566
2575
1728
1618
1791
2262
2247
2211
2259
2740
2693
1981
1969
1900
2542
2746
1347
2453
1472
4340
4337
3520
3251
2131
2308
4467
2810
7101
7087
7157
5561
3294
3129
3198
4582
1735
2608
2464
2234
3390
2586
2862
1673
1595
1811
2574
3211
3196
3043
354
2666
3699
2961
2913
3846
2769
2472
2470
1054
3746
3811
3673
2999
1631
1449
3330
2860
2434
2509
3633
3521
2999
358
2375
4251
4158
4001
3788
1484
1452
2679
2310
2358
2244
6395
10826
2381
5378
4956
3597
3320
3198
1173
1246
1792
1734
5036
803
1496
1481
2410
1452
2018
1487
1293
1206
2066
1980
454
4766
2152
2000
1857
1757
1909
2386
1883
3039
2747
3139
5485
4200
4137
2063
2716
1049
3381
4250
4135
2387
2693
2390
2369
2398
2308
1550
2545
2416
4599
2970
2801
1077
1152
1169
1688
10138
1435
6575
6936
6976
6927
6964
6910
6936
6933
1183
2333
2449
2220
2123
3632
3569
3412
3223
934
2544
2685
1759
2119
3016
2862
7504
2920
789
1411
1336
1286
3901
4984
5009
4970
1899
1948
1548
609
1021
1024
6423
571
1397
1642
4844
4817
1029
1048
1755
1127
6009
1613
1339
1515
1351
1326
3191
3178
1691
4043
3307
1652
2936
5004
1659
2122
1466
1159
2490
3137
1961
78
57
35
29
28
29
62
30
31
29
44
30
46
37
31
33
71
53
33
42
29
58
46
31
42
8360
1066
2034
4837
1776
2423
3641
3899
4448
2160
527
1692
3137
2876
3125
3205
2858
2548
2575
3766
2613
1945
2005
556
926
2839
4981
10144
3981
9840
1725
4738
2619
2329
1458
1613
1157
2048
2043
1766
1948
2282
1293
3864
1394
1560
2101
1922
2862
2849
2396
2206
2055
2108
1880
1895
694
2144
1586
3223
3061
3219
3016
2437
2328
3626
3587
3688
574
2791
2641
2216
2247
1012
1344
1628
2064
1918
1902
2062
926
1704
3659
4788
4794
2269
1232
1269
1129
1323
1376
3434
5045
3975
3908
1486
5813
3252
2217
1444
1536
1461
1382
1107
2502
1950
804
4688
1818
2576
502
3951
3672
2378
3375
1288
1190
1337
2106
1352
62
1336
1443
4436
5183
1302
3222
1994
5084
2268
5698
5612
1419
2021
926
10000
9895
6501
6396
2709
1552
2594
2408
2071
15958
17949
5041
1561
1603
1557
1384
1516
2989
4105
4490
537
2422
1997
373
2261
2109
3192
1425
1309
3055
3147
2576
519
8760
1375
3296
3191
2229
2532
1536
4225
3468
3020
5414
5867
4331
4362
4565
1064
2740
2815
4664
4152
4473
4386
1802
2530
1283
1626
745
2133
2010
2024
2085
1972
1580
1650
1499
1731
4975
1943
4006
329
2775
2721
1792
1634
1375
1243
1275
4304
3935
1032
934
994
922
830
1426
1505
2467
4654
2314
1464
1052
3725
3317
3324
2331
1566
1183
1602
2211
1658
1505
918
810
1678
7407
7279
1241
1074
5603
1747
1200
1373
2230
2314
3434
3347
1894
2199
1954
1955
799
2091
32
2833
2078
1922
2087
1843
1771
1875
949
2059
1841
865
654
2451
3352
2470
1769
3828
2284
1945
1943
4800
4442
1549
853
2188
2465
2592
2503
2161
2805
1755
2370
1785
1690
1628
2208
1967
3111
6741
5324
720
1677
1560
2017
1900
1868
1873
2154
2391
1443
1273
2125
2921
1723
1630
1472
3583
3668
1242
1323
5221
5377
5047
6362
6287
6215
1024
3238
2911
4250
4028
2144
2485
2294
2662
2947
5829
548
2963
2740
3912
1836
894
1179
4715
2276
10049
9965
459
796
1564
9906
1577
1435
1491
1614
2233
7659
2608
1517
1335
1116
1224
1150
1963
1908
1856
1880
1797
1801
1714
11389
4315
2941
4444
2142
1965
2071
1908
2254
1929
983
2518
1168
1786
2599
3007
2636
3675
2232
1471
4563
4607
6886
2371
1400
1428
2378
3635
3599
3960
3956
3818
1341
1701
3051
2966
3017
2296
2159
2315
2293
2295
1626
2257
1650
1530
2972
6019
1731
2294
2356
2704
2516
2554
2179
1238
4563
1754
4482
4305
2084
2182
2387
3191
3504
6336
3445
4004
4007
4161
4085
2515
3416
3961
8015
3165
4244
1437
1423
1306
2684
2599
1424
2047
2051
2049
2047
2104
2050
2050
2054
989
1018
1584
1656
1668
1671
1557
796
970
2990
426
2703
2624
2878
2933
2679
2923
1455
1638
1405
2014
1628
625
3360
3162
1948
1663
1900
2053
1855
7145
3275
2024
1369
1519
2190
2183
2372
2438
2187
673
857
1447
5940
7647
7599
2559
3960
910
3948
3529
3529
3225
5042
2637
2301
3902
3071
361
1885
1285
647
2273
2199
2196
3159
3822
596
1727
1391
2148
9858
6489
1460
2356
3032
2983
1998
6152
1688
4239
4147
4003
2683
1382
1733
2162
1649
1541
1395
1668
3167
2521
2602
1324
1420
4358
3045
2968
8901
8829
2222
5677
2970
1188
3252
3978
3773
1834
1860
1987
3659
6825
6583
6554
1445
5731
4879
2496
2340
2160
1775
2045
4708
4726
4705
1878
1634
1651
2204
2251
2151
1950
1768
741
573
724
1483
1481
1482
2690
1865
2234
2553
1976
1412
1557
1972
2457
3207
3401
3264
4791
4649
1528
2493
866
1171
1276
1122
1035
1656
2712
1990
2700
2564
2830
2435
2648
2390
2341
2387
1874
2400
2206
2705
2138
2103
3388
3761
1476
1079
1890
3009
2882
1897
1569
1599
803
2489
5203
5102
5185
1013
856
1175
2950
2827
3469
4906
3583
399
1101
2379
1465
1416
1597
1453
1603
1324
5332
8961
8826
8963
2869
2763
1989
4406
5044
4963
2429
3725
3858
1252
2555
1315
29
3875
3306
2773
1424
657
1747
1891
1817
1774
1918
1269
1675
1819
1239
1923
2022
2132
2384
2763
2757
3273
1710
1620
1482
4241
4592
1769
1650
1749
35
31
27
37
5071
7102
7191
1295
2060
2917
1308
611
994
1714
2350
2353
1603
1433
3342
2472
553
1757
1259
6496
6381
4116
3492
2958
1313
3277
2775
2880
2796
5896
3088
1632
1803
1841
1876
8328
8271
2934
4565
6678
4367
5569
2793
2929
2706
2499
1416
4487
3133
3004
2977
2937
2659
2650
2027
1848
2064
6073
6338
4532
2505
2516
4076
2976
4208
4640
2899
4026
4064
3989
3920
1674
3001
1365
3100
3046
6615
7853
2329
5423
5519
3908
5063
2853
2389
2526
1346
4822
1576
2383
1627
2336
1580
1529
1228
1177
1984
1937
1181
1130
958
1810
360
1760
1461
1410
1993
1970
1973
1977
1989
2493
2042
2089
1973
5258
2968
2241
7463
7399
7634
534
796
587
723
545
1895
3049
2772
5189
2126
2588
2410
1526
854
1689
1691
1694
2638
7657
7756
7384
2734
2679
2833
623
3397
3461
3401
1624
1581
1445
1690
1655
1415
1597
2810
2756
4701
4626
3655
1330
1637
1060
7881
3922
3910
1168
1351
1252
3366
2482
2741
2738
2660
3137
1657
2500
2588
2195
3971
6650
6553
6494
5005
2360
4145
4037
4577
6859
7254
1580
1911
5939
5954
3148
3166
3240
2416
2407
2398
2491
2081
2963
5344
8885
7438
2522
2606
2369
3814
3113
2923
2851
904
7701
7683
7038
833
712
1543
1771
2074
3960
3263
4454
4421
4825
2986
1001
2786
2963
2670
5614
5490
703
4520
1553
1818
1539
1775
2871
4522
2560
1497
1977
3683
1694
2511
11371
11453
3146
3214
3352
3308
8503
8500
8503
5873
1572
3689
3763
3205
3057
3016
3008
2592
2456
2055
4255
4100
4258
1826
3186
3078
6024
2587
6451
3107
1314
2124
1144
1159
984
149
995
3075
3489
2685
2781
2819
3978
4862
2099
1010
2792
2036
834
834
916
793
2396
2261
2020
7998
8234
8107
3256
3415
3720
4038
1291
1010
4358
2598
1879
5116
3225
4612
829
1489
870
2790
1824
1504
1534
1376
815
1934
9488
7301
7360
5525
7627
11491
1271
4200
2419
1749
1864
2829
1267
2789
2765
1119
962
2958
2877
3600
3949
5612
6171
5524
668
731
2628
3431
2336
2538
5213
5151
1885
2733
2535
5352
4060
5333
1990
2172
3683
3607
10249
1848
1707
3463
1735
2205
4334
2964
3088
2955
2648
2503
3271
3169
3063
2894
4835
1448
969
1748
798
2997
12685
2937
12601
1576
1036
1443
851
712
6006
1391
4203
6283
2298
3707
3043
5495
3398
4026
2544
2462
8504
1953
3642
1372
1250
2056
2676
1945
1866
1935
2643
2334
2671
3419
1728
2360
2851
817
4905
2057
1826
3130
3420
3478
4847
4721
5007
1347
1591
417
929
2125
2255
876
8827
1849
1539
8431
1632
8665
2353
3356
3161
713
494
3312
4723
5263
3467
4255
1259
1501
1348
1132
3122
2089
2157
2238
5757
1463
2186
4115
4086
3076
3443
5153
5038
4845
6327
6036
2373
2156
3935
3204
3706
3586
714
3362
1667
4722
1167
1148
440
1645
1462
3331
6497
7310
7143
947
1593
1472
1577
1504
1383
463
2509
2428
2411
1104
1811
1965
2385
2166
2145
2115
2329
1906
1647
3481
3609
3618
1485
9169
1372
1617
1620
1614
12561
2729
2641
2638
2584
2317
11956
2939
2960
1794
1797
1234
1237
1579
2226
1943
2381
2315
3447
1867
4060
4182
530
515
4635
2097
2280
4259
2238
2212
2242
893
92
1012
1378
941
1502
1686
3313
3253
2429
2380
4677
4044
2743
3949
4401
5807
3492
1811
1934
1909
2994
1575
3335
3590
3203
4555
4120
3979
1919
2146
2102
1855
2088
3227
2102
5520
2603
15958
2757
2330
4254
3644
2971
1561
1642
4468
4117
1814
1174
1040
3312
2024
3028
1895
2944
3189
3402
4769
2229
1743
2554
3620
2267
2107
2687
3097
2135
2755
3515
3542
2465
3599
2449
2987
2863
2200
2906
2624
2919
2922
3049
3154
2679
2157
1433
2284
1635
1942
1176
1086
1852
1164
1194
1510
1888
1676
1109
1258
2033
1943
2518
2328
2216
1974
1998
2406
4047
1682
1654
1473
1753
1659
1961
1949
1842
1773
1158
1916
1664
1564
1198
1132
2095
2579
5334
5355
2654
2565
2365
5884
5859
5815
2110
2987
2500
2501
927
6604
5825
3479
1319
4776
5179
1365
2329
1556
1929
3411
587
628
729
1543
2358
2353
2190
2434
2599
2211
1966
1962
2549
2007
2093
2155
1961
1793
2436
2055
1107
1414
1409
694
3231
2195
2266
2051
604
2407
2258
3868
3735
579
1624
1094
2390
1791
1461
4871
4292
2791
2721
3797
1201
1371
2835
3833
4646
2172
3582
2275
2158
4700
695
3179
5238
3697
2569
1413
2493
7924
2691
2160
1356
1814
2087
449
7472
7532
7793
7517
7682
7623
7628
7413
7574
4453
2415
3291
975
2040
2137
1990
76
77
1611
1591
1826
2323
2094
2319
2188
3705
2571
2910
1758
1033
3037
2027
2624
3259
706
766
1401
1747
1577
3694
3613
3494
5096
4979
2833
2721
1275
2889
1072
2101
5984
5871
7767
7707
6685
2841
7635
3641
2039
2820
3464
3524
3673
3030
2950
1736
3136
2078
1273
5528
5837
3520
3491
3802
6126
2253
1263
3115
2467
2335
3204
3115
3134
2447
5093
7246
7835
8295
4055
3602
3639
2042
2413
8626
8718
1170
6058
2199
3150
9542
2048
3061
3992
1738
1763
1547
4657
2404
4420
4471
4357
3216
2285
3107
9467
9434
8992
8953
3685
1075
1463
2108
2068
2391
2456
3263
3264
3165
2052
2001
2027
2060
2132
2007
1741
1570
1515
1461
1813
1557
1831
2308
3462
3364
3612
2535
1307
3404
2043
2551
2203
2393
4127
1088
1077
2405
2999
6647
6560
2645
2563
785
765
1998
2086
2111
3517
5482
5365
5245
1967
2593
2606
1574
1287
1007
889
3348
7223
2456
2052
1308
1467
1205
1316
8321
7310
5497
2428
3667
2179
7234
7061
6175
5887
2185
2232
1110
4129
4761
4680
2350
961
2284
1733
1912
2390
1914
2232
2150
3711
4137
4389
1242
6877
2118
2076
2126
4099
4005
4283
5261
2935
1830
884
4766
4678
4602
275
4575
4450
4468
2024
5513
5606
5378
6018
5621
9290
6321
6221
1670
5156
890
700
3504
6074
6200
1549
1612
2287
1560
2693
4442
2846
1542
1462
1291
1660
4161
4997
26
1804
2504
2402
2104
2150
2062
1450
1289
2341
6235
6430
1458
7512
7329
7494
6839
3236
3099
1951
7308
3949
3856
3329
3222
10394
4299
2627
1262
3178
4533
4431
4533
4955
2628
2684
5807
3399
3579
3431
3266
3709
3587
3516
1156
3752
4036
719
1435
1037
2016
2595
2062
1669
1593
1699
1390
1350
1473
4785
3886
5271
5268
4875
4872
933
978
945
951
825
2827
2178
1873
2234
2227
2183
2490
2693
1931
1861
1835
1619
2092
6092
6134
1072
2658
2596
2510
2217
1197
3961
3273
4210
3106
2038
371
3798
3843
2304
1270
4358
2216
2199
1564
1498
4714
3138
2130
2087
1797
2075
1785
1728
3383
3573
4118
2982
4471
3751
3570
4454
2747
4931
4736
4881
4733
4488
2295
1610
2237
2185
2022
2181
5117
2141
2782
562
498
982
4411
4164
4414
8592
3766
3922
3556
2051
4353
3619
294
1810
2451
4740
4701
3830
1632
3975
3236
3349
2722
3260
2513
1294
1486
8806
7887
8679
6555
1758
1187
707
1304
5346
5313
5288
5256
3202
2412
2659
7074
4263
1269
5541
2076
4246
3611
573
1695
925
965
3765
1931
2523
1382
2816
1493
803
1650
1863
1635
4480
4432
2186
2079
2164
7725
5938
5996
1889
5849
5886
5700
4209
3005
2642
1488
1314
1409
1199
2277
3722
3301
3468
4120
1055
2288
2213
2126
2131
3213
3069
2729
1241
2939
3924
4521
3331
1296
2272
2203
1025
956
1356
1257
858
4188
4854
4703
4699
4644
1252
2173
4560
4278
4281
1699
6300
1634
6514
3260
7113
5446
3533
2074
2624
5001
13248
13705
3576
4547
3760
3279
3487
3975
3774
3719
5280
3974
3993
3885
3065
1541
1640
1632
3023
2560
2139
1794
2733
2774
3153
3107
3156
2957
1687
1509
1708
2104
2797
1531
1750
1449
3429
3357
3560
3488
1483
1814
2057
1972
5821
2136
2476
2337
2254
8078
2957
3066
3530
1591
1512
1225
2755
825
3438
3245
1751
1703
1755
1644
1307
423
1220
1482
949
4431
2369
2353
4305
4416
2742
2709
5086
7116
7077
967
7683
3839
1472
525
2393
1919
3881
618
3032
744
9364
6579
8779
5064
5722
2032
11183
11226
2195
769
1019
882
5523
2634
2658
2790
2707
2720
4914
5010
825
717
837
4183
6839
7519
6737
6889
3054
1975
3341
3236
6801
5765
2692
2107
2637
1956
7707
6880
6365
1651
1936
946
3334
949
1540
4707
4725
3824
1675
1519
3414
4231
3354
3842
1889
1187
749
2661
2658
7834
7627
7681
7474
7626
2453
464
3362
6774
4247
4049
1101
1908
2034
2096
3068
6508
10806
3157
3188
768
5751
2656
2860
2502
3371
3584
2861
5739
9155
2829
2733
3508
3554
9541
1086
9658
9462
2523
4632
1941
1728
2039
805
998
2267
1799
1691
2348
3125
2134
4603
3069
1892
2236
893
2086
3404
2554
12600
3127
1738
946
1133
2456
876
946
8994
6252
1737
926
3078
1869
1717
1832
1984
3430
2171
1980
1934
1969
2071
4463
4612
4187
4306
1430
4129
3635
3542
3243
940
2127
3045
1767
2215
1893
2468
1798
3475
3254
3374
1577
2696
2341
2232
1787
27
42
35
65
33
31
2574
2523
555
1950
1371
832
2408
1570
1671
1710
858
4447
5018
1758
3377
3356
3072
1618
1492
1791
1688
1506
2078
2282
2621
2836
1119
139
2153
2470
2417
2452
1516
4167
4014
3837
3684
4165
3534
3607
1972
2767
1066
774
1702
6977
5554
6150
1502
3495
2007
1886
4129
5038
4712
4780
3527
3436
4793
3422
4738
3367
3492
3462
4728
2662
2189
2094
2952
2958
2782
1768
2260
2334
1473
3274
1732
137
1127
2564
3081
4256
3120
1825
7546
1498
3554
2222
2400
1926
760
3030
2936
2156
3582
5370
2127
2490
3790
3786
5079
2475
2338
3511
1626
876
4195
3458
3633
5345
978
3996
2318
1070
1745
5558
1667
4221
3993
2938
2929
4073
4988
4984
4975
1207
1426
1841
5326
1892
5292
6054
1937
3315
1042
4512
3879
6743
4645
4696
1814
6123
5166
5055
3375
1226
1340
1644
2058
1913
2040
2024
1463
1139
818
1099
3350
3359
3491
2107
1771
2144
2551
2649
3162
3216
3085
3009
3832
3461
3025
1773
2133
2910
1447
4453
4012
4446
2660
2075
1053
3067
1524
1150
1090
922
1765
3538
2916
4075
1896
3512
1120
1287
1180
1094
3121
3542
687
898
1610
1855
2416
2407
4880
2538
3601
4698
4661
4658
2408
3180
3006
8377
7835
2592
2595
2437
1591
1598
1862
1853
1945
2375
1841
1277
1326
1784
1746
620
8886
9816
10090
10051
10054
2655
2073
8250
5332
3719
3864
4066
4168
1909
1825
1824
2103
7464
7420
7520
7452
2867
3041
3599
4354
3888
4059
3996
3303
3005
1265
1152
2209
2183
1704
1368
2034
4461
4087
5229
2568
2412
2328
2354
2270
2228
1458
1682
1804
1753
1533
4514
5351
5348
2027
4451
2515
2263
3812
4660
3324
1152
1691
3115
1428
1778
1996
2074
1756
2514
1423
2471
2246
2962
2860
1650
2106
1784
3883
4040
3811
3171
3992
3878
3867
3882
3681
1552
2051
1747
2619
1443
2359
2045
1239
2860
2755
7693
1788
2678
2488
1519
2769
1474
1502
2931
1498
1289
1606
1418
2547
6404
6368
5673
1236
5256
5369
5147
5111
5225
3106
6233
1958
577
2598
3610
3523
2322
5643
5619
5665
5710
790
777
1931
1804
2352
2659
1853
2454
3715
3835
4518
3062
3831
4090
3283
2751
1374
2881
1939
2015
1931
3839
2622
2897
2132
3044
2955
1937
1397
1659
1077
1508
3150
3222
1626
772
1435
1640
2367
2289
2322
2249
2205
2524
2145
3465
3467
3181
1115
1524
881
1010
2161
2172
2048
1457
885
2373
2178
2106
2067
1523
1786
2425
1436
988
1969
3368
5026
5401
4512
1781
1579
5122
5047
5277
94
4232
3875
3801
328
1578
1286
3052
2732
2632
4247
3289
3639
3435
3316
3221
3313
2728
2374
2652
2305
2272
1518
6009
4545
4212
1623
2445
920
3226
3188
1450
1493
1430
1998
2591
2067
1436
1285
1191
1676
1909
2675
2345
2838
504
1956
4835
4900
5740
5066
786
4891
1095
451
2001
3131
3198
3015
1317
1432
1528
1776
4024
1822
2465
2260
2237
1737
1445
6539
2011
12672
1936
1559
2427
2083
2095
2391
4884
3650
3510
3369
3507
2760
2430
10133
1583
2027
1960
5536
3439
3314
3494
5806
5641
5719
5782
5554
5617
5695
5530
1067
752
5589
5475
934
1773
1861
936
7012
6939
2652
1101
1758
1610
3125
4290
4346
4026
3962
3910
4003
2262
2080
4918
5163
176
358
282
4910
2092
6548
6549
612
2957
2100
1768
886
2542
2498
2421
2407
2525
346
3707
2127
1489
1832
1853
1269
2911
3013
3511
3476
5727
6427
1853
1709
1901
1178
1032
1118
1058
1077
902
1871
7931
3577
3472
3032
4786
2355
4450
2871
3100
2756
2664
2749
1416
1336
2318
2493
2500
2904
3590
957
7318
2861
3152
2533
2274
2769
3340
4772
2473
4122
4309
4115
1912
833
2815
1623
6318
5544
4143
7326
7417
2174
6506
1095
2607
2138
1411
1261
5841
1972
883
1458
1697
2093
1911
1866
2897
3053
1054
5061
5000
4749
1933
1723
1885
2572
2554
1610
1632
3298
1533
1285
989
3482
1360
3146
3371
3233
2922
2982
5447
5209
5032
5507
5116
5646
5649
5659
4239
4867
74
1311
1664
2430
3228
2187
3676
1587
2875
1729
821
1805
1380
1089
1077
288
429
682
568
3521
3549
3520
3494
4219
1681
5041
2359
5899
1414
3799
1587
1459
3553
2827
2526
4921
2473
3192
3670
3541
3688
1964
1530
4957
7242
4286
4226
588
4044
4100
5801
5684
5726
2285
841
1129
2711
2683
1688
1293
1571
1574
1568
1626
1583
1331
1951
1663
1888
1995
1891
1748
1751
1389
4576
4401
3744
4279
703
639
2215
4353
4117
3885
1990
2020
1009
630
1346
3659
3529
1524
7259
5761
3980
4716
3656
2870
4909
4815
1788
2640
4679
4585
876
3064
3419
1493
1448
2041
1954
4726
4577
4639
4490
3717
2407
8948
8420
3672
2906
1061
2193
4273
3070
1342
6492
6384
6438
6381
6330
6273
6327
6219
1549
2666
1453
1718
3027
5939
5882
3493
3889
7326
3801
2696
2962
1906
2344
2311
2307
630
1257
3571
3143
1996
2464
2719
7160
1828
3465
1667
1130
1672
1300
1463
2301
2157
2732
3458
3836
3775
3704
4003
3865
4398
4245
3377
2728
4226
4222
4476
5480
2096
2491
672
5223
5082
1336
1453
1064
3546
1578
1514
673
974
1829
1024
4730
4582
2008
2315
1845
1809
1569
2462
3036
6137
6305
2220
2154
2170
2011
4193
1391
2700
707
951
2416
1673
5033
4967
2833
1685
3545
3393
3415
3329
1325
1526
6732
6903
2819
3244
1595
3713
2258
2063
1483
1806
1981
2257
1269
481
516
7031
7638
2895
2170
31
31
61
2507
2109
1185
2807
1941
746
1642
1623
1895
1961
1836
4797
5166
2121
2446
3225
3249
3021
2629
3120
3399
3402
1388
497
359
2956
1780
660
1471
1865
1868
1511
1577
1632
1629
3768
5663
598
2184
6225
2139
2076
981
4031
4530
4293
924
1997
1770
2231
2011
2267
1547
1583
4635
1127
2185
2189
2251
3658
3402
3226
3214
3097
977
2564
2617
1049
2165
4480
1561
1847
4980
1719
3886
2090
2483
2288
1223
1512
2716
2440
2188
2065
1984
1988
4664
4443
2179
1725
1665
1608
1632
2676
2836
2778
1698
4219
4287
3951
591
4293
5460
2130
4854
7571
5172
7886
7706
7534
7983
8116
851
8390
6012
124
1713
2508
2462
2290
464
483
2342
2899
5600
5871
3773
439
4899
4110
1617
1352
989
2944
3475
4732
3770
1688
1974
1725
9067
9157
9208
9387
9424
1953
4066
3973
4032
3939
4740
2394
5290
952
1957
1857
1652
1755
1646
1738
1690
2766
1999
3001
3854
1616
2917
2773
3346
2114
2314
2176
2218
2080
1669
1140
2600
6239
5475
2235
2239
2898
2669
2295
2036
2565
2554
2263
1667
1889
1570
1937
921
1032
1956
2668
1219
1869
1732
1252
5201
1566
2942
2573
1415
3124
2594
2225
2155
2403
2341
1935
998
3224
870
4402
4840
6430
7063
1993
2815
3036
3242
3145
3178
2376
2586
2547
3639
3635
3654
4091
4299
4437
2465
7759
4242
2042
1534
1668
1602
509
1580
1585
1546
7771
7855
5008
2139
3649
2153
4308
1504
2204
2140
6052
6792
7518
1962
3760
2755
2992
3502
3658
3418
3541
3388
2577
4258
4341
3821
2268
2032
2533
2067
2873
2805
2194
1658
5307
1851
4157
1939
3321
2227
2490
2194
2141
2375
1855
1866
2035
3142
2722
1975
39
6935
1676
1128
1964
607
4888
1811
1716
1586
1947
2241
10542
2228
1395
1213
1273
3081
2853
1624
688
5627
5537
5651
5570
5561
5546
4517
4347
1524
1664
1634
1630
1178
1975
4812
2746
3329
3256
3475
3371
3320
4377
2333
1479
841
1676
1491
1179
1170
3977
4257
3973
3908
3881
3884
3857
1451
2000
1983
2537
2680
2531
1701
1649
1556
1540
823
2100
1281
891
3788
1864
3840
4546
2293
4661
3468
4950
4926
593
1386
1977
1272
1239
1810
2072
1778
2159
2252
2156
2323
2402
2349
9848
885
3992
4560
1572
2920
2143
1309
6317
6348
2427
2082
3037
3014
1407
1528
2218
2292
2288
1501
5529
6339
5644
5489
5781
3442
3601
2795
624
2336
2671
2310
2325
4149
4146
1856
4548
1728
1013
2388
2272
2346
2499
2316
2172
1927
1682
2197
3908
3932
4646
1979
2400
1968
7360
3120
1443
1297
3637
1870
3632
1327
5687
2537
2368
1896
1899
5614
3328
3565
3059
2849
2751
2114
1857
3424
2947
3288
3485
3302
1779
4519
3136
4883
4886
1350
6077
836
747
1591
1098
1726
1614
1597
3189
2988
2787
2286
1654
1050
5058
5112
5088
5241
7175
2727
6811
1999
1892
5141
4485
5379
1337
1826
3572
3696
6974
8971
8905
8974
1123
1605
1061
1555
861
1772
6163
6085
6082
6121
5988
7678
5937
1506
5739
5703
5854
3029
1647
1362
7717
4772
3260
8777
8848
1970
5916
8268
8223
989
2591
4215
1917
5432
1705
6766
2773
2363
541
11127
2209
1407
2456
6550
4784
4940
5303
1757
3725
3889
1666
2781
2863
770
2188
2912
1141
3619
6009
2435
2118
1434
3686
3556
7218
11706
4604
3103
5325
2257
2031
2059
2047
1939
1894
2294
1742
762
644
2468
40
30
28
28
4263
4158
4925
4724
3328
4279
1845
4299
8039
7963
855
824
122
3636
3516
1950
3173
2505
2500
1348
2457
2235
5708
3494
1782
1384
1290
2838
3078
2286
1123
2379
3205
6573
1147
2214
6054
4539
2660
1615
923
1965
3518
6389
5801
860
809
342
3426
3582
3381
2092
5669
5385
7013
845
3039
3559
3287
2955
1222
3743
3339
3339
3318
3875
1154
2181
836
1145
1543
1418
1673
1717
1587
591
3662
3402
1343
2271
3748
3103
1108
1388
1038
6752
1659
4202
2168
2806
1074
7538
7857
7791
4616
1176
1991
3349
1511
1144
6446
1305
1680
2410
2288
3432
5702
5830
1070
2443
2776
2428
2419
2077
3202
2644
6248
6194
2135
2754
2969
1886
1704
2648
1832
2102
1882
2592
1307
1779
981
954
545
1066
1063
600
570
578
536
680
4679
4795
1287
536
806
1543
598
783
1039
2442
996
1974
1408
2072
1821
4263
4417
6467
2056
6957
2603
7692
7619
2167
2304
7639
1509
1778
2056
1941
2052
1244
5821
856
4523
4527
8961
9374
8621
9371
2245
2177
1975
1842
1669
1707
339
2032
1977
1996
4268
4323
1651
1658
741
1103
476
698
2457
1151
1193
948
827
1856
2368
1883
1698
823
846
617
365
392
392
419
545
1291
4628
1323
5039
2546
4309
4311
4284
3576
3450
1151
706
4714
4273
4408
4309
3827
3620
3583
3411
4256
2144
1731
1862
1325
1248
3017
3092
2545
1042
961
1532
1173
1482
1538
1571
683
587
1416
2353
2018
4748
1614
4551
1541
3059
2452
3625
1708
3708
9519
1019
2920
5554
1397
1871
5332
5404
5471
1201
8793
1217
1359
7215
2215
2169
1045
15624
1871
1615
1756
2778
2612
2706
2558
2665
3804
1177
2182
1495
3739
3576
756
659
1515
1865
2052
2089
2060
8040
2302
4095
3127
5388
5284
881
5733
3327
2269
2266
6339
1666
2257
2200
2110
2053
3613
3508
3530
3337
2013
1909
1706
1888
3103
2079
942
1612
3807
4239
4194
4236
3897
4119
4122
3780
4462
3491
1775
1512
1827
1670
3443
4038
3695
3954
6127
5460
5464
1747
1895
1003
1430
1355
1536
1523
2422
1758
1793
3603
3590
1485
1078
1385
1270
1119
3032
2823
2756
2628
2713
2529
2838
1116
4657
14313
2160
3531
1739
1569
1130
1368
4643
4194
4573
2095
1848
2154
2210
2697
2670
2370
2365
2460
952
8575
8560
8503
7987
3511
1502
907
1945
1860
1491
146
9377
9380
4576
4348
4027
2395
1873
1700
1363
2902
1706
4329
2684
2636
1589
1961
1624
1543
1582
1350
5055
3668
4430
4275
492
867
500
1741
3722
2927
1653
2545
3504
1353
2627
4894
1953
3210
3870
4556
4919
4877
4835
5858
5065
2351
1993
2027
2162
2083
2216
6352
1816
3126
3214
3210
3021
2646
4967
1895
6204
3924
1041
626
1065
5020
5092
5098
1615
1932
1992
5773
6100
5681
6187
5842
5551
5347
5090
3646
2023
1386
1687
1645
992
3756
3759
3756
3612
3609
3483
1421
3051
4749
2769
6346
2641
1474
1972
754
4822
1977
2803
1399
914
1456
2681
4709
1468
2147
1595
1788
3704
3534
3523
1162
4089
5891
2935
4280
4259
4234
2734
2764
6580
1843
947
1985
2590
4035
4475
4690
4646
789
3542
3443
3212
2607
3292
3170
3310
1720
2560
2139
2343
2135
2224
2217
1990
2171
827
1839
1729
1465
1858
2646
3359
2919
3700
8612
8249
258
1753
3301
746
869
9215
4492
9677
1672
1618
1585
1366
1174
1716
1562
1478
1645
1436
3934
1750
2231
4042
2151
4583
2829
3352
3642
3424
3362
3143
2582
3636
1958
2541
6144
2810
5952
6228
4750
1911
1913
1526
3068
2984
2943
390
1678
3773
900
985
1080
2117
4088
2607
1723
2665
768
1433
953
4645
4540
1661
1394
5234
2368
2159
2138
1265
1006
1554
3780
3623
4876
3188
3391
4993
2312
2235
2097
3314
1936
2726
4090
2906
2807
3072
2785
5357
3275
5409
1206
1286
2285
2374
6739
3273
3431
2285
2493
2182
2157
3749
8080
14241
7986
5234
4086
5870
5774
5818
2439
2481
2472
5972
2045
4678
2906
2898
3339
2021
2183
5944
618
131
3349
1068
4392
1505
2105
2106
4181
4062
4065
2963
4110
9934
2588
6716
6594
2483
6104
2838
2248
1821
49
31
938
980
6818
6733
6987
473
2964
533
1436
1315
2479
2386
2480
2871
2234
1503
1598
1661
2316
2187
1643
1592
1652
2797
3698
2606
3330
3548
15566
4310
4111
4917
5003
4685
629
2015
1904
2001
794
616
3748
3243
6774
1161
1059
2249
8138
2348
2483
6498
2208
1771
7761
7519
16109
3238
1811
3266
2962
3812
4544
714
2177
2181
1521
1519
1459
803
2705
2136
1819
3955
1047
1803
1544
1434
1711
1848
2012
1536
4188
5770
5734
4012
3673
2204
3053
1910
2328
1638
1757
1860
1962
1748
2817
3934
5365
1236
857
1575
5902
5899
5406
2014
4623
1190
1952
3171
3135
3084
3218
1785
1339
411
809
5554
3862
7011
1242
798
7085
1214
1964
1985
1863
197
1959
1875
2736
3771
1288
4661
1922
1888
2839
1468
1944
2036
4022
4121
1502
4132
5194
5310
7909
7819
3850
748
1688
496
1298
527
683
2659
2563
1126
1676
3530
2806
924
851
867
4190
4193
7064
7067
937
3051
2875
1084
1872
1284
5942
1086
843
1810
4179
4170
1180
1366
786
3783
3565
1802
1686
3140
1785
1886
4312
1027
2971
2012
2827
2678
1320
3055
1963
2130
1355
5868
5517
2134
3608
3605
3659
3688
3127
3925
5831
10134
2209
2767
2116
903
65
4044
4195
5192
4576
3733
2010
1690
2650
2636
1509
3734
3569
3895
4039
920
2999
3080
2371
2431
3088
2992
2857
2953
1120
6480
6792
6757
2656
1343
941
5014
159
184
218
3400
3341
3343
1568
3428
1990
8912
5064
1782
1755
1949
1663
1573
3655
2210
921
1660
1684
1521
1760
1784
729
5002
4888
2520
3626
3624
3383
7329
1803
1658
4727
4633
9275
9312
4422
7900
4573
3248
3174
1692
1693
2927
3007
3068
3058
5263
5752
5752
1384
4838
4817
4793
3427
717
1552
2724
3317
2055
2411
3525
2346
1833
1498
5783
817
6818
4828
4825
1903
1327
2759
1841
2800
1917
1790
2698
3123
2422
1578
2174
1842
4494
3136
2906
2232
2138
1852
2427
6654
2988
2979
1493
587
1426
944
4866
6072
6753
4568
2838
2700
5808
4889
4390
3868
3453
1619
5265
5501
5369
5626
5494
5335
3025
4050
3974
2593
1994
1215
4365
5825
6187
556
2325
2107
2119
1779
2847
595
3513
2031
4306
1467
1527
1853
1108
902
1652
1416
2368
2421
1584
1228
1822
1328
2561
2438
4534
4912
2364
2770
2606
872
1688
3637
3592
2270
1725
3324
3218
3608
3015
2956
1212
7360
7237
1787
7192
4930
1233
2932
2929
4594
2076
2402
2041
449
436
2161
590
2129
4953
10810
3470
2018
2041
1905
2454
2179
8413
8700
400
7281
6041
2374
2343
780
1116
2590
753
672
4406
4525
3268
4654
2949
4222
3935
2153
2040
2284
2661
2671
2504
2292
2295
2292
2056
1762
2370
2549
1151
2469
3759
3805
1568
3921
750
632
1529
846
2186
1325
1729
4875
2894
3204
1974
5157
6239
933
1951
2379
2482
2354
1013
678
974
2895
2784
1815
1671
2867
710
4242
4101
4041
4815
4401
4125
5859
5241
4684
4928
6343
6563
2194
1880
1804
3039
2400
2703
2564
4703
2404
2246
1439
3278
1174
1721
1105
2267
14763
1498
2646
2480
1342
1106
1300
1645
990
716
2432
1644
1042
2081
1896
11515
1573
1420
1560
2387
2144
2227
1925
1191
1135
1129
5657
5603
5494
5528
5359
2760
1468
1742
2777
2412
6617
6021
2526
1301
2378
3539
3179
2872
743
2693
2349
2668
1798
5302
1757
5170
2120
2586
3977
4013
3824
3606
3642
1723
2140
1494
1616
3924
2694
3944
1087
3699
2574
2228
1053
1312
1362
1204
1402
613
531
2221
2301
3055
890
3151
1857
772
1743
1792
1826
2682
3365
4973
7917
2419
1027
2000
3000
3031
1448
3557
3053
2968
2262
3861
1283
6553
1024
2401
850
3270
3296
3282
3142
1585
3239
1003
11808
1355
1844
1846
1938
3402
3347
4046
4611
5827
2080
2325
1042
2341
5436
624
5574
15573
2081
10219
9689
7484
1930
7046
7895
7093
8206
4562
1528
2048
1691
3083
3234
11429
1096
1689
3316
1789
907
864
2308
1807
2926
3039
1687
727
1647
4231
850
4345
641
1822
602
3689
1984
3261
3075
1535
1463
1300
969
707
1112
444
724
732
2839
2612
4521
5421
5386
3915
3611
3387
11704
11641
4888
3082
2676
5186
4715
3507
3809
2642
2645
2875
708
2848
2657
4954
1003
1852
1716
2754
1068
2523
2362
2478
1490
1172
1333
3239
3552
3771
4985
5337
5156
1354
3080
4523
4681
4764
2363
1271
6207
6072
2515
1833
2242
1705
1551
1418
1381
1248
10998
11788
2982
5637
4242
4661
3244
1802
971
1003
2823
5002
3094
2341
3826
3237
1594
1441
3265
3880
3641
2542
4168
10388
9840
3477
3264
2142
3274
1446
8252
4200
4355
2120
3917
4871
1702
4142
3328
2228
2070
10090
2857
1298
1778
1569
4163
9605
9533
3136
4606
4827
4689
2691
4104
4597
602
3414
5504
5129
5084
1570
80
4095
4010
3745
5279
3606
3661
7739
3557
5221
1727
1500
1324
1916
4359
407
140
138
3491
2454
2757
2584
2468
1265
1222
2260
2619
2400
999
1955
2352
2312
2404
3450
3509
1350
754
815
2911
3003
2760
2440
2556
2793
2361
1945
4677
4643
627
1668
296
5368
4474
4307
3014
2949
2823
2258
2711
2918
1373
4795
5161
7418
3851
7868
1516
2352
1365
1101
676
908
2486
763
5218
3241
2088
1045
895
2946
2958
2122
3750
3488
3652
3585
2091
1723
1430
4472
4203
1623
1620
1775
5701
2356
2321
2533
2643
2777
2352
2293
2392
2892
2528
2654
2841
3227
3144
2283
1719
2499
7509
1551
1183
5134
5201
5247
5219
5204
213
348
323
3527
3407
3239
2284
2254
2793
2783
2216
1008
2091
7578
7702
7791
8382
7744
7770
8017
7973
8227
8085
991
3720
2806
2315
2495
2503
3880
4227
3555
2262
2044
908
596
718
5502
1168
2970
2203
1667
1249
3448
3245
3359
1556
1737
4388
1268
1817
1876
1452
4942
3814
6851
2118
2922
2080
6869
7267
7418
3255
1730
1682
1696
2093
2384
2413
3898
3099
3102
3081
5451
2618
2875
2319
2199
6916
6709
7039
6653
2089
4011
4203
1649
1097
1916
7586
3136
3087
7344
828
2715
1556
6953
6435
5805
5645
6936
1625
1315
2934
2304
1897
1821
2087
436
2082
1388
1327
1481
1516
1603
1514
3613
3520
3435
2923
3926
944
1181
1327
1746
1225
1462
3000
2954
3058
2817
3057
3162
2648
2574
2615
1352
2143
2385
1581
335
2637
2380
2016
1961
1803
2103
2270
1314
1265
2049
32
38
38
1242
1418
1500
1357
756
707
1794
1888
86
1627
1531
1573
1477
1599
1068
5935
163
1007
2301
1553
920
660
1236
547
1506
1871
2085
362
1021
38
1496
1491
2014
1012
38
38
38
779
1794
1888
86
1627
1531
1573
1477
1599
1068
5231
6551
5880
5935
2047
1949
831
1887
56
1418
2767
1841
4522
7264
11075
5564
5065
3671
3613
2081
908
11978
2779
2745
2102
2772
2179
2770
8451
2932
8545
2605
8558
4980
1266
1263
2265
1008
1249
1012
1253
2047
1275
3655
5251
8403
2765
2584
782
5516
2019
1775
1899
136
3093
2952
1941
1104
5769
5940
3435
2366
4580
4421
5316
5493
2403
4510
4388
4274
1436
2447
1437
4541
3412
3298
4166
1951
2152
2362
1928
5767
4078
3409
3809
2882
1017
1146
1837
1184
4463
779
1419
138
1719
1507
1564
3550
3490
3385
3409
3259
2558
2677
679
2367
3985
1358
6241
5513
5510
5043
2093
6069
2171
3082
1991
2499
1634
9098
4213
3394
3236
3282
12891
7862
1397
1052
3350
2704
1482
1605
1659
1473
1869
1699
4505
7095
7223
7149
4319
5703
1529
3728
3880
3917
4619
4078
2752
1641
1477
2239
2730
2064
1403
1431
1788
1988
599
1703
1947
1971
1438
2286
2421
637
3312
2027
757
4585
132
1302
1655
1696
1649
1702
1565
892
1939
12416
9455
4193
9450
4433
4677
2974
2944
2677
405
2093
1469
2898
1912
4294
3744
1946
2443
1505
1377
2593
668
1095
4174
3406
5900
6458
6455
6191
6131
1754
979
4278
3283
4258
1525
19249
19332
5362
6503
1442
2672
4161
2501
2957
2562
3380
3093
2792
2632
2868
2755
3189
1295
1151
4096
2262
1098
3811
2313
2636
3608
3350
3912
1939
2092
1563
5153
1121
3344
1305
2701
1644
2397
2169
1228
1511
1428
5564
1646
1078
2049
1914
6044
5054
4418
4625
4559
4568
4502
4520
2560
2435
4191
4353
4287
4230
4248
3518
1795
3443
1318
5583
5083
4830
2245
5682
5783
5547
5245
5150
4470
4262
482
3966
3962
2228
2512
4578
1860
2029
6456
36
1568
1236
6319
1845
5330
2473
1714
2521
2335
1699
3621
3945
3738
3684
3942
558
375
1501
3549
3355
2894
5823
5278
2885
3010
3222
3487
464
624
5334
3757
1908
2950
1587
2704
4868
1461
5128
1622
4217
2227
1982
2324
3834
2629
6592
2104
2013
2264
2123
1237
3613
2302
1994
2488
692
674
133
2714
4707
2298
1394
10729
10837
916
885
3116
928
8946
8222
8710
8678
2478
6284
2514
1456
544
1355
4429
4194
693
905
2726
2730
2542
2496
2400
5813
2941
3620
3494
3759
1612
2356
2219
2949
1323
1287
1179
1960
4620
4507
3658
3535
3278
1424
6218
4735
6910
3084
1202
4972
2273
2322
11173
3597
1776
1968
2502
2004
2672
2734
773
1255
1374
1233
1761
1636
1543
872
2836
3904
1948
3569
5085
2588
2517
1889
1424
2348
1650
2066
748
1234
3026
2399
4676
4459
4435
4363
4339
1859
5645
3138
4014
4163
2932
2847
3551
3523
1142
1751
459
1612
2882
2633
4135
2977
7683
7632
5527
4688
1682
1491
1102
1870
2238
2019
2951
6859
3653
10723
5418
1944
1977
2615
2837
1938
5089
1296
3491
782
971
6213
4441
3654
3485
3665
1442
3659
6367
6091
6453
3481
4468
6614
6530
1766
3122
2511
3047
3047
2734
2943
2942
487
592
924
780
2563
2569
2193
2091
2227
2233
2505
2293
2617
2175
2190
1413
1046
916
3276
3348
2025
592
3554
3338
935
816
1082
5798
5863
1282
921
873
4883
6173
6255
6264
2355
2889
4344
4270
4076
4070
3456
3386
3190
2020
1585
457
706
9579
3392
1855
2119
2185
266
3384
664
4382
5382
2280
1806
1809
1952
3276
1254
2910
2814
3067
2937
2837
2787
3166
2011
2697
2642
2124
1619
2630
1327
1045
2748
3887
2862
6624
6463
2984
1364
1245
6386
2197
1736
2751
5677
4895
719
5082
3689
1636
1337
2474
2159
1744
1924
1915
1921
1824
1997
1821
1846
1883
2375
3134
1271
1660
1971
1880
1197
591
1741
1077
2804
3256
2865
1807
7093
7009
6934
1695
2587
4866
4826
6565
1832
2965
1953
2271
2218
2319
2308
5554
5470
5344
2897
1498
1225
4067
3222
3055
2967
3470
3151
1076
1929
1836
2115
1896
2111
2278
525
520
4417
4392
6813
2098
2104
3136
3685
3884
1426
2849
67
3760
3029
3738
2689
1797
2021
1986
1898
319
674
1477
2940
4015
200
4135
3905
2782
4014
3841
5589
6144
1482
2296
1503
2355
2343
826
908
905
676
666
3538
1687
2864
2700
1394
4510
3044
3026
3020
3002
2768
2613
2871
5951
908
1175
1324
1157
2096
2357
2995
3229
3271
3271
914
2144
2111
4673
8189
8319
2262
3517
1735
4175
2982
691
1465
1947
2064
2581
2152
2131
2283
2657
3615
1606
1513
1887
1905
1947
1337
585
1934
2578
1602
3494
1963
1903
2489
1512
2568
4468
5260
2619
5360
5260
4915
5352
2451
4781
5218
4495
5287
5221
2445
5260
6388
5984
4465
5254
2884
6115
5360
2425
4823
5260
3084
5475
5671
2534
2726
2093
580
3172
3621
2904
3028
2410
3714
4816
4217
3262
3270
3406
3485
2781
3164
2653
1416
2294
4602
4790
4605
4590
2529
4602
4602
4602
4596
4605
2721
4605
3487
4578
5503
4578
4605
2463
4599
4617
2714
4741
3117
4317
4872
4774
2794
4726
2326
4623
4641
5788
5761
2477
1950
1945
1859
2582
2154
4256
4319
3185
5261
4956
1941
4755
3795
706
4164
4957
1342
5181
2861
3035
3113
2961
2939
3069
2985
2627
2191
3595
1635
4941
3659
3745
4040
3865
3771
4062
8875
975
8764
6786
6783
4153
6409
6613
7285
6516
7387
1333
1250
1259
382
3445
3194
5183
5645
2339
2140
2104
1926
747
3041
1557
724
4592
4849
2692
6538
1182
4200
4137
1260
2297
2090
2070
2369
2175
2001
2014
885
2010
5050
5285
1920
3338
3346
441
515
541
338
2915
3639
3729
294
685
2033
508
547
453
4376
4151
3641
1557
1481
1349
3019
3097
2977
1379
5294
2361
2033
26019
26650
26578
4178
4628
3091
4335
4566
4312
2978
4072
3886
3838
2583
1321
4210
3240
4104
2551
2503
4177
2798
693
9591
8396
5115
9070
3070
2544
3149
3065
3029
2242
4865
4803
3260
3143
4698
3155
5641
8071
3989
3489
5405
3891
3988
876
5713
2053
1771
3738
3840
4904
4871
3167
3860
4867
5095
4981
4864
930
1503
1311
1137
1792
1256
784
567
778
8029
2368
5165
4588
5384
3483
3831
2345
4054
3886
1974
3104
2221
2395
2418
1607
1612
3266
3098
3274
3270
2787
2660
2915
2897
2276
1885
3398
3686
687
2560
4341
2860
2983
3420
3432
3335
1352
5772
4837
14535
1562
2881
3049
3130
1965
488
2163
2802
2833
708
1530
2018
1796
1668
1820
3591
2064
2193
2177
5729
5786
5729
3371
2878
2925
2824
5346
4339
5221
3449
4360
6224
2398
6268
1737
6589
7225
998
3033
2995
2710
2533
2481
5404
3172
3054
920
1571
9787
9741
1991
627
1369
1841
2320
1015
1098
2025
4366
1007
6493
6786
6610
6148
2126
3255
2824
3278
2004
6465
3265
2772
1304
2561
4838
2903
3396
3441
3425
5180
2664
3362
3564
2392
2347
1580
2254
1406
4008
743
2686
663
578
3274
3373
2385
2807
2881
3559
449
411
711
771
2329
7566
2211
2436
3143
2320
7460
7409
7295
2519
2174
3998
3956
3932
2366
2919
2308
947
3136
3091
3139
1267
2098
2069
3444
1345
1599
1706
9015
2181
7858
6719
6734
6033
2136
4475
3359
86
5379
2634
1489
2665
6095
3548
2777
2295
2010
858
1162
2422
1502
1517
1709
2037
2004
3307
2181
2180
2220
1999
4439
2770
2655
1153
2775
1492
1255
1358
1271
1514
4536
4575
4473
6019
3015
7775
1547
6405
1725
2015
2931
6379
2832
3948
3621
708
882
204
2449
2453
5437
1385
1256
1283
1154
1585
4440
5343
1780
1934
1737
7768
5346
5295
2138
2521
2334
2207
3372
2991
2611
2552
3095
4726
4676
1826
2058
2093
956
2671
3818
1605
32
1921
3566
2056
1867
1822
2825
2738
2717
2394
2307
1600
2405
728
731
610
1183
1129
4514
4153
2374
4095
4076
4208
1449
1292
2890
2587
2578
2555
2546
1545
3731
2904
3067
2531
1790
315
585
955
660
3071
2543
2813
3023
3067
768
2789
1329
1364
12982
5600
12197
1672
1525
1611
1190
1184
1930
1465
1435
1816
1831
2405
869
1887
2330
851
2582
530
1605
2049
1670
1946
1813
1399
1476
1391
1299
3058
2942
1828
2122
1607
1709
1726
1908
1242
1005
2393
2326
2102
1728
1905
2074
2136
2103
2380
2156
1869
4352
2334
1915
2881
4600
1391
1651
1880
4371
1793
1029
1464
1807
5987
4488
1807
1947
1796
1922
2731
854
748
2923
1815
1674
1863
1722
1984
2012
2102
1598
2824
2251
3063
2507
3410
4082
1658
2546
2818
2196
2331
2405
2300
591
4683
6139
1117
2603
2371
2883
3653
1425
726
2626
2421
2610
2383
2248
2237
2443
3667
1193
1692
4948
4895
5721
7079
666
1665
1756
2901
2461
2405
1792
2900
3073
1358
1200
1111
1035
1451
3198
2748
5163
5112
5109
2018
1847
1753
94
2067
2403
2215
4333
4338
4338
3011
6175
465
5856
4503
2069
40
31
75
936
2924
3168
3102
1637
2873
1558
725
4040
2097
2227
2383
3499
3009
2643
2575
2852
2845
1110
2343
6567
2680
3620
2657
2008
1104
1109
1113
1643
989
63
2226
671
2066
802
707
32
1479
2999
5313
5444
5310
1519
4441
4603
1025
2301
1727
2335
3435
2318
2186
2090
1322
3447
1671
1938
2287
8467
566
2585
2070
4763
5759
2651
2576
1290
1422
1251
649
3600
4143
1248
2130
3603
3264
1494
1645
2047
1912
1171
1570
1139
1654
4372
3870
3862
1774
1842
1546
1570
1617
1506
1413
1440
2018
1748
2108
448
1186
6143
5900
5655
2570
2552
2580
2194
1617
7481
2385
2195
2264
2413
1650
2592
1463
1392
1484
1402
2277
3415
3460
2793
1158
1089
3162
1085
1481
1360
1841
962
1795
2054
3862
2022
2950
879
503
1326
8110
7945
9066
9856
9652
2090
2843
3227
1856
1213
973
2475
1785
9730
7933
4172
5835
2979
3104
2954
3081
4242
2267
1086
1253
2214
2088
2205
2292
482
1248
954
2197
708
1549
356
341
1034
137
398
3807
3299
3156
3149
1421
1949
1088
1652
1488
3018
3219
4525
4671
4199
429
1493
979
1059
1093
968
3829
3854
2362
3127
4071
1823
1448
3190
4536
4976
1299
775
1486
1941
1802
8873
3001
2099
2096
4844
2150
1630
2306
2305
1280
1260
1120
1039
1726
2581
3129
2249
2994
1416
1525
2377
3744
3915
873
2459
3112
3669
1228
3301
3146
3228
2472
2475
5755
474
1437
1392
1533
1343
1938
3069
2878
1513
10635
893
1755
1640
2085
2507
2462
2394
3025
4744
5687
1998
5858
5939
5834
5795
1769
1267
2134
3246
3875
3796
3457
3452
2871
4766
1746
2132
1930
2343
3275
1193
5009
1697
2408
2421
3093
1798
1604
2039
4876
1887
930
1495
1940
1135
936
1355
1027
398
1072
1616
3684
4707
4614
1382
1769
3341
2930
3489
1069
5169
5130
6805
1768
1924
4102
2470
1086
1213
5471
2432
2466
2313
1719
1794
1177
2196
1080
1477
499
436
3599
1565
3616
1842
1572
1806
2261
3268
3201
780
469
371
356
472
477
430
458
731
2222
2153
1958
2180
1904
1946
1916
1682
1406
389
724
1143
437
545
1660
1596
1461
784
521
811
434
366
863
459
429
376
445
564
1567
461
776
368
366
466
424
466
555
436
1034
374
882
1590
3810
3561
3213
1678
3584
3432
2938
2848
2884
3113
2985
2903
2849
1966
2883
2252
656
4799
1200
32
39
39
976
1887
480
497
820
370
438
2709
1938
372
1735
1596
1076
985
3101
3627
2763
452
472
439
445
355
588
353
459
707
624
448
469
789
476
363
477
487
467
683
2632
1631
1762
3710
2163
1966
1273
5362
1639
1604
1634
2286
1638
2410
3144
3064
3084
3047
2571
3036
3173
2294
1830
2343
3160
1452
1334
1523
4876
2874
2785
2968
2688
7083
2696
2995
963
1105
1868
1032
2228
2994
2130
2776
989
3712
76
1063
4286
4536
4350
1066
1995
1759
2245
1857
2107
1788
1740
2038
1990
1719
2069
1007
1573
1905
341
2042
1283
1578
1181
1133
1093
3622
2261
1060
2516
1334
1519
1756
1537
1521
1551
1451
2157
742
858
1660
1735
1971
2169
2027
1801
1999
2086
1124
1917
3006
3545
3248
3486
3265
687
4622
6026
6814
6600
3505
3562
3542
592
522
529
1677
3005
2841
2778
1811
3462
3348
4519
1534
2159
2090
1240
1484
1716
1435
1978
1932
3460
2951
4597
1418
1729
1510
3271
7367
2167
2212
1584
2481
1828
1239
2052
3822
3859
3815
3704
3830
3660
1694
364
446
1099
1716
2646
4070
1142
453
5286
3656
3733
1980
1136
861
2549
762
1151
2957
2849
2624
3059
3305
1144
1400
1876
1524
1542
1476
898
468
673
1406
1572
357
1365
2537
1179
2480
2351
709
913
1851
1525
2131
2001
2305
3573
2305
76
1437
1591
1482
1437
1386
185
564
316
1667
1331
892
846
747
610
632
587
601
307
533
558
1054
1109
875
637
501
6913
6950
130
1665
3643
3815
3797
3773
1732
681
760
2475
1896
1804
1801
1936
1128
1613
774
717
830
2260
1960
1893
898
1149
637
652
754
402
493
879
744
869
612
1685
1330
1249
2780
2732
2729
2887
3185
4865
2231
910
2246
4290
818
855
2536
1903
2427
2520
64
63
2070
1984
2177
1540
1516
1840
4170
3967
3865
1454
1611
1865
1870
2837
2168
1888
2144
2626
1560
968
931
4170
1791
1590
1155
1627
1623
1804
696
1631
1619
846
592
442
846
2114
2024
3125
2756
13125
1049
2614
2605
1316
1341
2777
1895
1721
548
1754
2201
4558
1941
1750
1269
1567
2233
1987
2447
1989
1371
1134
931
1413
1031
1258
1361
1461
1371
1582
1316
1416
1368
3213
1562
1437
1475
1455
5074
6744
3072
3458
1368
1250
1175
1159
1197
1235
1306
552
1163
1541
2535
5475
534
1247
1224
1707
1121
2046
1371
2540
5587
5675
1113
1580
2951
3143
4621
1734
1358
1122
4893
3624
4885
4793
3482
1157
918
1501
1123
805
6425
6167
6104
1206
2874
2886
2626
1264
2150
2453
1407
989
110
1737
1531
2951
2517
1588
542
506
1686
2044
594
2573
2908
2711
3583
2387
1820
2663
2611
2614
2702
2294
2188
936
1057
1026
1199
808
2061
2709
1693
2192
2212
2130
896
2107
2680
4378
506
2694
2541
572
569
43
29
54
41
30
83
42
38
34
30
36
42
34
39
49
45
39
37
2983
3150
29
41
29
50
49
32
33
38
106
37
33
46
69
31
30
57
35
58
88
51
33
39
39
38
48
39
63
59
55
39
38
34
69
31
32
6592
4183
3757
3502
3878
1992
1878
1959
1845
1884
1770
2159
2126
1848
1678
1045
1205
953
893
1179
2513
1349
768
616
4232
4286
1894
4418
4220
713
9631
1533
6349
1707
2023
2120
2135
1929
620
5115
5112
5072
2653
2488
2294
2002
3732
3828
2555
719
1237
938
1033
4349
2989
2092
1933
3782
3940
7384
1165
1061
488
476
539
416
2147
4279
4761
4360
2876
3144
3406
3394
1430
4352
4352
4273
1887
1735
1098
6022
2367
3733
1524
1359
1625
1460
1404
5012
3873
3571
3568
3143
3599
576
2148
2261
2533
2471
3339
823
1880
1736
6913
6749
6849
6172
2028
2188
1609
1881
1932
1410
1419
3306
1086
2163
2707
1589
1992
3461
1008
2617
5630
5425
4122
618
8907
2172
1100
3331
8485
8948
1937
2044
1065
14472
2119
2417
2491
1523
3122
1920
6023
3782
1564
1716
1247
1408
2445
3972
2037
558
6190
6214
829
3053
4151
4136
4088
4111
3921
3122
1085
3144
2986
1012
870
1633
1173
1124
6218
6131
6384
4563
3863
2162
925
1051
1091
1135
2069
2044
213
920
727
941
1084
1048
816
5948
5942
5909
1738
1616
1819
2354
2333
2188
2595
627
746
501
400
1354
2166
3289
1818
2513
3176
2602
2477
1988
2142
2050
1834
2059
777
4322
4444
1814
1692
1921
1902
2269
2139
7145
7109
7580
7640
2164
4105
3026
1650
2464
6503
2039
6515
1275
1391
863
1522
1573
1866
550
1080
1189
1614
1764
1640
1941
1067
351
3496
2853
2949
2966
2667
864
1876
1871
1760
1738
1159
5470
3612
1286
881
1257
2360
2656
2778
2596
2470
2459
4249
4081
4129
3859
4016
4053
2176
4317
2572
7770
7686
1414
2005
644
795
7128
1919
2552
956
3800
8005
5028
5088
1546
1454
2773
2751
2721
2778
3834
3103
998
2121
1550
1631
1304
1107
5363
8411
2518
2978
2614
1545
1277
915
967
1060
990
1282
1505
1649
3494
3529
3601
3583
3652
3463
3397
2788
1374
1515
2770
2813
773
1934
3198
2936
2728
2323
2326
2423
2235
2128
2485
2538
2551
1950
2039
2581
1863
1850
4619
1683
1353
2999
1582
1357
2386
1128
297
5700
5709
5974
2002
2022
4679
2943
3005
3318
3265
3248
1342
2272
1322
2957
3313
6816
5817
5391
5757
2241
1726
3077
1422
3633
5407
3398
2262
3162
3074
3457
3439
3268
2955
1728
2129
1834
1925
1408
1450
1382
1345
1380
1402
1365
2104
1642
1738
1879
1790
125
383
929
2039
5769
16235
11603
86
1859
921
808
3111
4737
5580
7055
306
2538
2445
1400
3554
3784
1012
1306
1258
844
911
1254
1177
1069
1340
2481
6238
6127
1776
4559
4682
4688
4684
4432
2762
3077
2965
2840
1266
794
3773
3716
2350
3815
3682
3739
5742
2521
3180
3102
5743
1811
1072
2230
1804
3164
1814
1911
2559
2469
2576
2168
2291
4172
1874
1803
2266
3113
1796
16640
18030
2413
9354
8991
3579
3176
18072
3650
2089
2894
3487
3380
5241
5097
2611
4383
690
2050
2588
3002
1458
864
2186
2277
32
1682
2228
1529
1574
2300
5633
5212
501
4917
5081
2944
7470
2966
6946
5444
2230
2568
1145
2364
5636
1604
1462
2046
2037
1804
8725
2642
3049
3781
5592
5729
5932
1853
5194
2607
3436
3327
1623
525
3329
3248
1924
1706
1740
71
2933
7247
5537
5725
4476
4398
4278
3966
3879
3726
1729
6580
632
1132
1428
1056
3358
612
1020
675
1003
2689
1802
2997
2922
2632
2682
408
2697
3447
3456
3242
3278
3484
3510
3539
677
545
3313
1862
9446
9401
667
11578
8086
1625
470
4544
4436
4926
4057
4620
2954
3611
6641
6620
2806
3490
8662
8361
6549
3268
1173
1156
1396
8595
9183
11965
878
919
1455
2942
3885
4541
4718
4646
3053
2975
2966
1550
3712
5663
5611
682
553
5775
4672
2872
2361
1833
2201
3240
7899
5970
2621
1992
1790
1413
3356
2419
4720
4498
4140
3309
662
2245
2211
4209
5083
2126
4070
2511
1478
4055
3798
3915
3502
3343
3475
6795
7327
6787
7141
6764
2560
3194
1000
1078
506
75
957
2041
704
1093
1734
10098
2280
2434
2413
1231
2110
2580
2175
2294
2506
1770
1610
2001
1945
1708
1830
1826
2508
2505
2394
516
1931
914
592
1498
5716
4463
4394
2085
914
2132
2307
3598
4707
3161
1631
4341
4924
5189
5099
1958
4680
5204
4779
5512
5353
17400
2377
2327
6723
714
6762
9043
1431
2214
2850
2877
2912
2796
1608
6640
6625
1919
4603
2620
4798
4818
2949
4347
1077
4574
12797
4203
2124
1893
2079
1303
1458
2057
2864
2641
8642
2272
1984
4086
2777
2895
2431
8789
9759
1264
2740
3219
3139
1271
2249
2165
2799
4022
5448
6386
1738
1831
1353
2011
879
2084
2306
1889
3204
2368
2144
3994
7591
2809
3469
2264
4634
4547
5320
4576
5504
5504
5434
5564
1708
1381
1840
2848
5165
4674
3242
3114
7550
3604
2634
2048
2206
4116
2232
1387
2456
908
6660
3552
2154
1246
2934
6227
4024
4320
2874
5791
6498
4465
2462
1957
3257
1463
1367
2253
7314
7341
5879
1880
1753
598
1573
3411
2671
2757
2035
2027
2763
2515
1972
854
1139
2515
3111
3054
3600
1831
1679
3584
3642
5597
1245
6326
2555
1772
3105
1624
3220
3122
3075
2977
1445
3850
944
1708
1531
2085
1970
1705
6139
6064
2864
3421
3103
948
948
910
2138
1135
1159
2889
2258
3916
1593
10953
10700
10963
3163
616
846
1135
2665
2662
2071
1958
2409
2648
1339
1237
1301
1317
2296
2238
2670
7266
7287
7283
956
1900
4289
2746
2006
6555
6644
6672
2007
2743
3231
2849
3128
3104
3858
3289
4129
2014
3533
2662
1674
4003
4037
3713
1108
837
920
3538
1310
1471
1305
1177
1063
2840
2192
2183
2157
1036
2860
2335
2647
3489
2212
1708
7368
1014
3627
1976
2530
4601
4577
4805
4850
3285
3335
1821
2277
1876
1713
2464
1333
4041
3503
3398
4121
2823
5132
2061
4204
3129
1054
2697
2643
2435
2073
3128
1875
1878
1811
1594
2340
4148
997
2192
1978
2010
4475
4437
1394
2409
1323
3313
3377
5340
2032
1780
1556
1370
1309
1270
2404
1391
1091
1615
1512
2629
2671
5509
2743
1982
5422
5455
1258
3034
3377
1949
2138
549
3224
3574
2139
1425
2140
2031
1903
1881
2115
2284
2337
6090
8516
8632
11817
1196
4029
6086
6134
2586
1615
9684
9672
2656
3498
543
4199
4124
2091
2093
2374
1051
933
3512
5019
2023
4908
4362
3662
4456
3965
867
2887
1127
2326
2257
1185
1447
4597
2366
5227
2835
3428
3164
1629
2341
1343
990
2963
3038
4270
1147
1056
1020
3564
3843
1912
1656
2003
1945
2425
502
2045
2508
5692
5692
5623
1802
2960
3517
1267
3208
2517
1317
5599
2406
3200
3021
1569
1986
1984
2069
2007
2477
2541
2379
6826
7162
2807
2240
3314
3415
3232
3500
3495
3678
3630
3118
3439
3288
3586
3364
3060
3793
3669
3430
3218
3367
3306
3556
3024
3410
3688
3595
3373
3573
3234
1032
801
3871
3719
5561
5646
5499
3679
3658
686
881
767
5386
2709
5494
1570
1505
1605
6744
7263
7110
3989
2374
2904
5194
1481
2356
1668
1359
1351
2790
3681
3502
2896
2800
2630
2120
2196
1959
4428
4527
4302
8847
2499
1282
7488
895
1001
890
981
307
2685
1494
4261
3469
3550
3277
3117
845
841
5620
1929
1690
1292
1351
2110
1353
3242
1641
2293
9723
1900
1370
3402
1383
1166
6252
1496
2770
2094
2748
1916
1514
9530
9392
1812
1885
2575
3780
3894
3418
3661
3386
4743
2910
3331
2942
3404
3371
2910
3372
2742
3196
2639
2685
3147
2711
3277
2726
4994
737
5503
12429
2719
1696
3459
2880
3526
2704
4405
4067
3997
7343
6996
7331
11758
2282
2030
2956
1511
6836
1203
6781
3072
2140
2019
2560
2927
1550
6496
6169
6433
1857
1473
6089
2694
7709
6767
4390
2078
2592
4153
4423
686
2384
775
2467
3307
1109
1521
1735
1380
4755
3702
2717
2293
3846
1042
1733
1889
1628
1686
1581
3618
2261
855
2098
717
885
1007
1104
1344
3140
1881
735
2209
7401
7462
7574
7513
7237
3460
1210
3595
3950
883
8381
8228
7974
3085
1911
836
2572
5282
6463
6354
6327
3893
3938
5957
10834
27435
27744
1539
3091
3675
1906
1811
2681
1427
3041
2454
1582
1579
2091
2251
3877
3852
3632
3740
1457
1867
1652
2678
1500
2178
2184
1576
1404
6684
6856
6813
3227
5002
4711
6980
1508
5915
3976
3754
2667
3087
1284
441
1206
2043
8224
8104
8065
4448
2741
2786
3494
4200
4026
6738
6599
6147
5102
5158
3969
7476
11117
8616
1033
1031
1098
5396
695
2277
2343
2139
2735
2531
3148
3114
2212
1184
2175
2193
3358
3191
1316
1066
2002
1253
1022
905
1593
2042
1725
2119
1569
1627
3703
1715
2452
2366
1975
132
140
976
1920
1821
1132
9089
3131
1904
1791
2148
2509
2225
5623
1968
6488
2748
5483
5333
2206
2526
7879
7709
941
1841
3437
3691
4072
3988
3625
1619
1502
1544
1300
7903
6956
5677
6932
4727
4703
1819
1063
1837
8316
8188
2044
1816
1765
2314
2518
2251
2704
688
3895
1171
5817
5735
5786
1246
1966
1250
757
2445
1884
1824
5385
3173
3477
2110
1984
2877
2381
1273
3214
4518
3867
2311
4981
7551
7734
1926
5189
2791
1405
1510
1354
2650
2863
3027
2940
2947
2914
5808
2282
1983
3588
3085
1336
2322
4145
747
2070
2078
1859
2143
2418
1330
3308
1920
2955
3238
2508
2044
1845
1842
1172
1310
1130
1908
2046
1116
1130
802
700
1475
209
2676
2607
1558
840
746
705
2730
642
1112
3298
1766
1016
1625
1648
4566
4411
2751
2004
2805
2736
1770
1931
1931
1909
474
3352
2658
1911
2342
2183
3812
3733
3466
2974
4038
2088
1857
2093
2321
4891
2304
2520
1176
1293
2605
1810
1933
1757
2971
2847
2644
900
917
1974
934
1528
3098
4817
1508
6974
3095
1593
3349
2773
6888
6275
6199
1387
5806
5698
3857
2222
1423
1301
1636
2738
2698
2701
2360
4481
1726
1757
1599
2522
1568
786
713
662
783
710
771
698
1491
3004
3079
1096
2417
1868
2075
2067
2066
2372
1391
3133
2700
1921
6795
2481
6749
6843
4813
4256
4415
4197
4370
4382
4372
554
10394
3110
4465
10935
1842
11191
974
2888
2353
6007
3574
4161
3670
4255
1356
1575
2343
2415
2428
2255
1049
6551
1257
4488
4455
4434
4401
2474
4294
3611
2889
2886
2844
10562
1165
1437
8228
3129
1244
1849
2042
1760
1808
2776
2215
1834
5775
5604
3400
385
2821
1135
695
1822
2300
3106
2351
2482
2830
2835
1218
4463
4460
856
4465
2213
2397
2340
2391
2598
2909
2326
2355
2896
2859
2606
1636
1395
1461
1330
1617
1552
1578
1913
1622
1747
1410
4949
5063
3328
1738
3106
1765
2078
1775
3988
3515
1741
704
3316
1779
448
1592
4742
2334
2255
2538
1737
2321
2383
2380
1159
1853
3100
2920
1548
823
4259
3406
1982
2076
1758
6474
6319
5583
6891
905
3243
2568
2954
2951
3048
3159
6540
6564
6683
3341
2475
2369
3740
2245
1867
2471
2499
1857
1792
1873
1737
2101
996
1683
1900
981
749
4842
6370
6856
1216
4165
1085
2557
801
4238
4650
4205
3139
4550
4418
2481
1708
1664
1526
640
3892
3230
9149
2049
8773
2246
4374
1596
3728
3632
5798
5764
14186
2961
2904
6621
1192
2425
1182
726
73
6142
6359
2564
1149
1018
3304
3173
2899
1796
1854
1567
1837
1999
1680
2729
2765
755
1597
3073
4158
2963
1838
1812
2472
2387
2360
1471
4202
1363
1189
3268
3260
1059
551
2186
2017
2020
2495
1499
1639
6849
6756
6706
6598
6613
6505
1364
1271
5506
2672
3609
1186
1870
3708
3701
3665
1809
1849
1776
2566
3214
1719
4320
1990
3968
2342
2545
721
1777
3395
2019
1727
1332
863
790
368
3453
2013
2056
2194
2652
2489
1549
2514
2285
1858
728
1976
1966
1815
2390
1310
3338
3464
2915
3196
8186
1143
8530
8211
7770
5051
30
1689
1777
2217
3417
3436
2832
1426
1678
5783
1676
538
581
3241
5267
2247
1793
1974
1788
2668
3561
5814
3459
2743
4495
814
865
1013
1163
1027
1017
1130
3328
3166
2437
1558
1346
2829
1420
1174
2747
1693
1573
1600
607
594
2559
2732
2484
2754
1127
1602
1620
1290
1643
1580
1575
1575
1572
521
3647
2154
4544
4988
3773
1797
2965
2888
3270
3370
1569
2986
2693
2250
2997
2353
1899
1766
3639
1166
3710
1296
1403
3348
1591
3473
1550
1741
1686
619
1118
4019
3914
4004
3899
2008
2890
1168
1055
1650
829
710
1567
1667
1410
1530
543
4864
616
1442
2842
4112
2908
3054
3677
1651
1083
2178
1721
4686
4321
4465
4224
2864
4768
4657
2376
2088
2136
3686
2913
918
2309
2972
2595
2386
1616
1672
1562
1063
1066
399
1018
482
82
1240
1027
1026
1770
480
713
701
699
709
82
470
1277
3478
1494
1035
548
2859
3269
3143
2018
3035
4893
4818
718
2223
855
2792
4643
1572
5387
5207
4511
2408
947
1608
1641
1497
488
2161
2173
1890
2993
2090
1823
1462
4272
890
2995
831
6839
4020
1839
2916
3932
2648
2512
1812
1677
2688
857
1077
922
958
1076
696
5667
4350
3616
3589
3611
3811
1398
1366
6466
2073
1474
2649
1866
475
2912
1810
1662
842
2192
2189
2216
2005
833
2618
2507
2589
1762
2431
1682
2555
4080
2568
2223
1607
1601
595
1285
1643
2558
2434
2733
2765
4460
4214
4586
4142
4139
4064
4097
4025
3935
4094
2153
4915
1456
5046
4965
2550
1790
1795
2484
2515
1021
1956
1751
1247
1761
4251
2002
4202
4956
5140
5001
4637
3195
2275
2342
3755
1429
1315
1299
1351
9067
1582
5519
3279
2453
2616
3110
802
133
1810
1893
1719
1835
1620
2129
4760
3409
2246
1895
1916
133
137
131
1344
1241
1692
12496
3066
2233
30
35
32
40
59
34
1600
1649
2178
2625
2607
2316
1947
7626
7617
1187
9001
661
2393
1296
2943
2143
1350
1434
2124
1908
1837
1817
1776
1217
1279
3363
17184
3340
1891
1224
1754
6186
6060
6105
6004
5286
3064
3529
3522
3967
1953
2068
4785
4705
4567
5144
5437
5032
4862
8764
4914
4813
5309
5339
3836
30
32
35
1269
2610
4332
757
461
465
1570
2238
2864
5599
275
870
2804
4351
2900
2943
2450
29
32
90
30
503
3785
2860
1639
2065
583
1974
1857
1750
2116
2164
1789
1148
2664
2529
133
1271
1896
1902
1908
1857
928
1431
813
599
30
32
29
2741
30
40
31
31
159
2279
31
31
32
635
2884
1558
3643
3050
2288
4369
5503
5234
2760
2583
2374
4108
2283
5429
1447
4412
4323
1472
6404
1729
2244
135
619
2551
31
3113
2986
2890
1419
1722
2000
1765
1674
1527
133
135
1145
3763
2241
1928
2052
1992
1974
2799
2700
2568
2921
2050
4423
1902
1198
4845
4464
4564
3805
3788
2426
4237
4026
1605
3328
1015
380
721
568
743
2134
487
1648
6417
5952
3249
3183
9470
9460
9278
1781
972
1716
1594
5996
3529
1326
1678
1750
1213
1422
1286
1286
2253
882
1501
1982
1256
1179
1178
1809
991
29
1086
3634
3010
548
1622
1692
1578
2047
2044
1570
2341
6094
1670
1667
1496
3036
3013
2002
3215
3272
3221
3278
3127
3278
1921
1604
2534
1229
1280
1425
2535
2090
2044
1468
1467
1446
748
1273
4163
1822
930
854
977
841
3470
3272
3149
3008
2725
3413
3431
3374
3329
3488
3440
3398
3227
3332
3118
3397
2546
2486
2298
2190
2120
2001
1692
1590
1622
5562
5457
1171
3061
3423
5868
1305
4527
4464
4467
4404
4461
1182
2679
1397
3551
425
1042
1626
593
1122
1220
1323
1095
990
5002
4819
2376
1315
3584
3057
1337
4020
3634
1127
1008
1145
5001
990
957
1127
1146
1145
1127
1177
1178
1826
1702
1982
2256
1350
1837
1729
1313
832
5862
806
1007
1323
1328
837
7239
562
1878
1756
2498
134
1027
666
1261
1467
1573
571
823
1245
954
1415
1418
928
1303
1134
2149
893
2045
1228
2805
1476
1299
1854
2818
2698
2533
4980
2121
1370
377
1751
1339
1522
1607
1976
1496
1551
1321
1670
1759
2332
4562
3331
4267
1543
2616
3249
2471
3225
2113
526
2788
872
2623
1997
5082
2546
5107
5005
4993
1557
1965
6879
6837
3318
2372
2063
2102
4726
1808
1983
5173
4649
2804
2789
1289
1274
2009
3218
3822
2651
3251
3301
17095
20288
6474
5653
4104
5342
6256
4259
3334
3280
765
3799
4010
3971
3940
4036
1421
4467
1041
659
468
707
1264
3236
3320
3988
3967
3826
1087
4872
339
4100
3902
3386
1512
3907
3815
3846
829
2434
2744
2636
3379
3441
3333
2761
2010
1992
4448
2345
1018
2018
1312
1377
6919
2513
6695
2141
2307
2641
2315
893
815
670
723
3412
3175
3267
3912
3813
3467
3403
783
683
654
241
5085
4953
4349
2131
2163
1406
6061
12438
12462
11301
5748
2290
3987
3207
3540
2158
4149
4870
4523
4231
4762
4997
6081
3955
4381
1716
4092
2466
2367
2330
6835
6734
7133
6552
6757
6928
2096
2092
1188
3612
3640
3616
3501
3418
3370
3470
3657
3577
1940
1170
1094
1137
1188
628
952
3598
3061
5411
1278
3877
3877
1099
1700
1775
1708
6613
9689
10088
7456
1750
1189
1617
1653
1671
1475
3008
3694
2934
3045
2994
2985
3189
3192
2707
496
2077
1393
1989
1790
1422
2055
1186
1132
1141
1087
2320
2343
2065
1955
1757
698
650
585
5602
737
704
4345
2654
791
3668
1009
2713
2722
3064
12675
11708
3398
5650
5737
5659
2265
1593
1591
1498
1506
1522
1418
930
2382
810
1042
3073
1749
1824
1746
476
494
359
377
531
1603
1640
2144
2017
1622
4216
4343
4124
4747
2446
2399
1583
1686
1662
4736
1197
4563
5801
4349
4326
3371
4921
1310
1706
2206
769
1365
2079
2768
2765
2164
2167
2001
2285
1858
972
3382
3304
1980
1215
1918
1451
5494
5523
4826
1957
1987
1464
2819
2823
2851
3145
1423
2900
2821
2896
84
80
82
1867
1888
1728
1556
1845
1996
2517
2290
2707
2421
2383
2737
1630
1465
1497
612
2512
2048
3163
2539
2531
2124
4205
3549
2861
2737
2193
1590
1568
1903
1518
1429
929
3631
2955
1661
1435
1316
1097
1063
1637
2019
2336
1728
2261
2746
958
930
1004
2381
1533
2161
3581
2995
4810
1325
963
3064
3199
1335
2254
1643
1620
742
1102
1018
1201
1171
2468
2888
1514
963
1529
1546
813
1663
1517
1371
1518
1785
6329
931
1328
8665
8392
8732
5061
4351
632
3293
1909
4130
4923
4435
4464
1746
3013
3001
2998
994
2220
2956
2203
2959
1939
2120
1454
2491
3927
1952
2083
2077
14350
3525
1137
811
3176
5269
1296
2552
2931
2971
1304
1343
1405
2976
1187
4665
1258
2130
1245
737
711
2427
2337
3011
1482
2319
1008
5571
2923
2906
2875
2785
5557
3186
1591
1219
1067
1224
2859
2878
2181
3743
10660
10764
2058
1967
2196
2153
976
894
1611
2927
2789
1527
1505
1304
836
1219
4287
5604
5466
819
1714
1541
847
1219
3116
2953
2855
2268
2215
1037
2629
2524
2452
2850
2521
2347
5062
5363
2906
2297
4088
3696
3297
3195
1659
3918
3922
2013
2211
2154
1017
3076
1526
2474
1947
1404
2334
2508
2438
2658
11566
1924
1284
1690
3174
3222
947
1832
889
2178
3600
2548
6862
949
487
413
999
1059
3715
3709
3649
1833
3480
3456
2690
2976
763
1593
695
5691
5423
1962
2735
1656
1603
6167
6499
6460
5028
2128
2160
4579
3088
698
2442
5205
5147
5372
3660
2828
3313
2370
2645
4880
4817
5666
2964
1987
2248
6019
3888
4926
4265
2894
2610
3578
1538
5744
5846
2977
5855
2819
3223
6657
6294
6321
6285
3530
3376
3418
3245
3372
3230
3425
3304
2369
420
987
1519
1178
3536
3725
3618
3943
6392
8335
8470
2471
3223
1258
2299
1174
2687
2683
2277
2469
1918
2255
1724
1743
1668
3949
3942
4763
4936
1038
1742
3627
876
1143
2509
3708
3691
3633
1483
1408
603
4605
469
1187
1256
6631
6544
2699
244
2280
2746
2584
1949
1956
755
586
947
1155
1231
885
530
1915
1629
1128
174
3300
3112
2704
3193
2560
1437
6621
373
2355
1886
2893
2041
1572
1861
2276
1351
1279
916
1172
1024
2904
2840
1865
6129
312
5967
1305
1355
5333
2562
1754
1222
2195
2098
6003
5319
2270
2827
2188
2875
3113
2540
8157
5556
5820
5869
1954
2104
1027
4626
1443
1302
996
3796
3512
3112
2107
3213
1426
1549
2884
2956
1036
2706
2149
4418
1764
983
2404
2001
2379
2218
1737
568
2956
382
4178
4201
4081
3992
3950
3252
2147
3559
3630
3860
1145
1911
3473
3772
4221
4131
978
1240
1883
2259
1088
1395
3507
2569
3705
3427
647
2120
1660
2809
2217
3678
2306
2611
2503
2581
2567
2404
42
1411
2181
2089
1196
1528
1952
1706
1718
1712
3409
4224
3409
1096
1691
4168
2251
3348
2005
9137
9038
1911
691
2850
2802
2721
2850
880
3669
3830
2014
1717
1917
1687
3735
2788
5052
5046
2877
1034
3528
3588
3511
75
110
1844
2728
2635
1499
1913
4471
4384
809
3545
1281
1155
1327
2816
2011
1868
2573
2127
646
1428
3160
3524
3308
3118
2405
2303
3240
2369
2457
1733
1651
2046
1383
1618
81
2227
1262
2946
3228
2043
11185
9538
2964
5982
5886
7826
13060
1999
3408
1998
1589
1604
1342
2360
1603
4190
3038
2700
6814
1210
1398
1917
1595
1313
2103
1782
1631
4148
5215
4528
4450
4264
4186
4535
2400
2654
2054
1442
1860
1570
1607
1611
1387
4619
3311
3320
2808
2817
6255
1841
2497
2089
2888
2891
1731
1800
3882
2782
2704
2406
2571
2530
2474
2452
2396
2456
2387
1538
1545
1480
1835
4779
4652
7061
7453
2393
1158
2692
3900
4002
1420
3090
3135
3032
12526
1753
7169
1486
3181
1227
1291
2151
2312
2927
665
2665
2736
2382
3619
1543
15046
15127
2233
1993
1830
2611
3791
9176
1903
3309
3007
2736
3130
3151
1841
1679
3728
3693
2364
2091
493
2750
2944
745
687
3747
1198
2925
7294
1716
3061
628
1101
900
1150
1189
1848
945
3511
3508
1143
6483
1583
3538
1123
912
2054
390
372
366
323
453
396
1429
437
359
388
55
323
392
322
342
537
443
392
354
462
376
31
343
518
713
817
1264
53
629
649
428
789
623
428
618
629
445
3976
3247
3364
2298
2101
2894
2486
2119
768
2545
933
1502
576
1057
1225
1910
2113
2362
1722
4126
3908
4035
3093
680
5854
4269
2301
2304
3361
5014
924
1478
2973
2336
2959
4879
2405
2660
2504
2527
1470
4076
4083
67
1089
936
1918
1133
1795
1253
1375
1795
2254
1133
5107
5487
1930
2236
2806
2430
2283
2552
9890
6072
1353
1450
3208
2946
2586
2685
2553
2670
2952
3268
3141
3156
5427
3719
1143
2585
2759
2876
2927
3108
3065
3797
3583
2143
4015
3544
2664
898
2279
794
2683
590
1773
6483
3067
1422
2726
2786
2682
2565
625
1218
1968
1792
1962
2871
2512
740
2969
3187
2876
2275
2581
2043
3942
1228
1964
3420
3644
1440
1281
1246
1861
2309
1220
1295
1184
1427
1038
6556
2428
2485
3187
3896
2442
3151
4337
3551
1421
1627
4681
4732
4444
2068
2088
2009
1896
1137
615
4141
4372
1556
1754
1852
1429
1771
2476
1319
1797
1334
2732
2045
3232
2675
2326
1732
3755
1820
1934
1738
2250
3546
2709
3970
1682
1671
1710
1722
3102
3144
3863
3234
2153
2041
1355
1508
722
733
1231
2075
2230
3136
3405
4748
1776
1776
382
1680
1390
1829
1982
2929
2552
3863
5136
11223
14346
16860
853
3067
2199
1989
2143
4560
1735
4531
2470
4449
1691
1708
3711
3402
2477
2701
2400
894
1925
3007
2715
1551
3389
2234
2946
1338
7058
815
675
1334
1576
2698
2287
548
1740
902
1960
1696
2259
2245
1742
4271
4889
5085
6076
568
1124
1620
2176
937
1860
2487
5452
1558
2475
2474
1930
1936
4826
4775
4739
4712
4298
2572
3949
3932
4238
3985
4377
4705
4709
5957
1960
1854
3771
4012
5626
3943
5820
2773
2826
2868
2798
2439
2412
2362
1888
3512
1884
1577
3993
1799
3558
811
1743
10093
10022
1807
7168
2877
5590
5476
2221
2348
3457
6716
5010
1135
1545
1703
577
3776
2406
2912
8031
5265
5262
2992
2145
5517
4760
4898
2096
463
463
542
498
496
498
496
487
449
707
263
437
755
677
519
443
793
717
529
280
303
389
389
303
280
529
676
752
755
677
553
322
335
263
1433
4626
1951
5255
4615
5553
5633
710
3442
1374
9598
869
2922
85
1482
1706
1631
1098
2373
7975
1036
1228
3215
1255
1047
970
3350
3758
7403
4152
1698
1201
1357
907
1421
1016
1222
1356
4093
1317
2589
2465
1948
2614
3408
1968
2202
2062
2746
2293
2105
2015
2154
3723
3942
3868
3854
3899
3780
3863
1500
1412
3687
234
3331
240
3681
1438
1593
2246
2221
2282
2613
2539
2090
2638
240
663
1017
1170
1339
1265
897
3092
2432
2192
3885
2013
843
2984
1768
3584
956
771
9611
6044
5974
7479
1993
3488
1445
2177
1404
1306
1585
1520
1589
1429
1456
1365
3760
3571
2958
1016
3987
4011
2515
2646
1942
2104
4584
4509
3754
5285
1651
1502
3802
4005
6418
6256
1462
1335
1227
1374
1247
1617
1758
1954
1998
1642
2251
8781
7957
4610
2618
2543
2551
2485
2275
1798
2182
1916
2066
2332
2103
1317
9714
10090
10202
11686
2858
2834
3950
2185
3753
2532
3746
1863
2752
2860
2656
3042
3035
5458
1633
3330
3015
2931
1343
1770
1682
4862
1517
1489
1874
1099
932
1220
1187
2578
1518
2281
5514
5349
1694
3264
1496
981
868
1062
3082
2716
3328
3286
3661
3199
3801
4358
4357
3214
3336
1928
1879
3636
1245
4690
4690
1334
2186
2156
4076
3122
2039
1024
1839
1516
1455
1573
4611
5141
2051
1944
3689
3971
3650
1678
1845
4334
894
3879
5261
5449
1941
3257
4065
4152
4141
2636
1239
1385
3532
1708
1970
3410
2646
2661
1581
1219
3810
1797
4404
2882
2966
2081
1863
2340
2542
1618
2007
740
3877
2106
3219
2348
1342
2592
1868
3270
3586
2150
7554
5469
3731
5757
2172
806
1279
2148
3335
3720
3803
2777
2297
2203
2362
3168
3500
3404
4846
4556
4540
2304
2092
2089
1877
2001
2281
1312
1231
4227
979
4715
4555
4089
3936
1798
1258
2194
2156
2715
2962
2737
2842
3631
1711
3638
3586
3482
912
3356
2224
1852
3619
1447
2001
3885
3151
3217
1194
4762
4800
4760
5694
1291
1255
1229
3910
3678
6172
2759
1414
1781
3173
3231
2802
2910
8765
456
2599
1965
3398
2498
1396
2316
2815
2838
1976
1936
1972
1797
2711
821
1030
1335
902
1412
3154
3034
2948
2285
1535
2262
1435
1209
1789
10110
2690
1960
5745
1984
715
1687
1725
3220
3093
3078
3069
998
2359
384
2083
837
3234
3346
3545
1589
1611
1634
1252
3573
1987
2506
2184
1498
1868
1644
1641
7289
7002
2620
5800
3193
519
2174
965
2086
1523
2395
4820
1750
2622
2568
1084
5999
1976
4557
7839
4222
6114
6029
2644
858
2583
2646
2641
917
782
2182
2074
1882
4708
4531
4059
2181
2126
863
1821
5428
3994
2038
1631
1775
1761
1676
5894
2783
2789
971
2250
1081
7747
6517
8360
7744
493
529
6571
7181
5638
2103
3251
3640
3434
3333
1936
2384
4096
2627
2726
2252
1474
1014
1705
1639
1521
1868
1937
1630
2481
2632
2386
1279
1054
2246
2641
2584
2173
1567
1567
3923
1640
1833
2462
2234
4454
1902
1912
2025
3839
1648
6310
548
3235
3295
3094
5747
8291
8156
8231
7745
8477
9152
3611
3670
1738
1677
3173
3035
1607
3916
3972
1259
1172
817
1428
3654
986
1468
847
1953
2071
2166
1970
3886
3812
4116
4042
1148
14439
1686
1600
1485
4677
1615
5213
1976
1838
2149
2491
3218
2615
3483
1975
1251
13505
13412
3417
3533
1522
1735
2144
2098
1264
608
1889
2392
4800
4328
4185
2033
5666
6330
2843
4542
1170
6666
6657
5099
4959
2387
2084
2012
2152
2098
1703
2102
1757
629
1703
1554
2776
2713
1047
363
2573
2525
1749
2349
7100
3907
2415
2317
2359
3690
3088
3025
1013
839
63
7287
7337
1708
1728
1664
1684
1580
1536
3037
1203
1336
2643
2366
7224
2283
1873
1829
2457
4368
1689
5067
2874
2166
2163
2148
2163
2160
3675
3567
1579
2128
4131
1537
1595
2278
1835
1766
2444
1148
10442
2276
2546
3490
2884
5348
1754
2761
2948
2819
1649
1693
1697
2743
1488
1249
5152
4998
4923
1762
3706
2336
2210
3520
2699
2489
3372
2395
2506
2641
2733
2502
1382
3135
3080
2977
1380
2924
2849
2761
2473
1840
1279
1499
1704
1893
1846
2242
2195
2007
3463
3557
2797
5187
5004
5007
2101
8174
1679
4497
1817
4229
4144
4048
1867
2043
5095
472
76
1082
3591
1486
1463
2488
4143
4468
4363
4363
5874
2346
3858
7212
3179
1903
1490
1580
3033
3024
5132
2278
1599
3651
2367
5548
5714
5716
5554
4508
2903
3607
3733
3788
2205
6157
2789
1552
3173
3866
3971
3843
4324
4242
1795
2058
1108
5189
3580
638
2960
2900
3797
836
1013
3529
3070
3261
2066
2950
2819
4016
4038
3588
2295
2143
916
4037
4004
3901
655
794
601
663
2025
2039
590
4371
4091
1676
3887
3722
2125
2810
6730
7015
4192
1142
401
4225
4091
1709
3612
9766
13822
9298
4377
4345
4235
2183
2054
2009
3347
1334
2077
2021
1994
706
2066
2304
2292
2126
661
706
3852
4243
4028
3959
2027
4750
5987
6059
4303
10741
660
3566
838
483
3396
1793
1753
1843
3208
3121
1516
2217
2185
2898
1974
1679
1372
3819
3613
4494
1732
1729
1193
1912
957
916
1598
3855
1317
1263
1749
1666
1078
2370
1865
1971
1485
4103
3063
4864
4288
4346
1459
3324
6333
1794
1430
2584
2430
4197
4243
4671
4621
1251
2531
323
4819
4549
3471
4245
2401
2078
3297
855
1483
5304
5141
2674
5263
3362
3463
3217
3233
1663
2143
2014
3421
3528
1932
1615
3686
3449
3527
3491
730
588
1620
1191
698
670
5099
4656
4276
4232
3698
2076
2191
3040
1897
1906
1898
5786
3609
3804
3792
3682
3543
3531
3136
3095
6234
1083
2866
3372
2723
1231
1606
2001
5613
5651
1881
1790
2131
1794
2631
2874
2254
3699
4413
1155
1406
2504
2334
3485
1895
4462
7666
2237
2061
4106
4049
2939
504
132
1550
1011
4744
4672
2255
2227
3164
3242
2825
1787
1869
1629
2820
4477
14093
14018
3142
425
3469
4036
4184
4148
3210
3254
970
1594
3747
3852
4330
4339
867
1721
3273
2779
2674
1705
2453
2860
2851
1682
2964
3067
2993
2407
2724
2858
2743
703
3717
3711
3624
3742
3655
3655
3568
3808
4929
3482
2048
2492
9394
9391
994
2774
4347
4201
5703
5617
1842
2846
2679
1773
2491
3760
1840
3752
1218
3023
1511
2639
2638
5592
5215
5290
5748
1932
437
608
4172
1952
2122
3367
4109
4052
4992
4478
1112
4550
2007
1599
2563
2482
2753
4337
4334
1302
2469
2747
3148
2111
1507
1392
1238
1201
2087
1326
3852
3952
556
568
14016
1478
1639
2722
2951
2880
2675
3076
3108
2987
2704
2947
3075
2927
10781
13014
13122
1986
5914
9989
9831
1274
2057
3689
3749
2011
1784
5429
5372
970
3363
2765
2164
2345
1696
2816
2601
2025
3276
3120
5019
2268
2630
6452
2745
2817
1109
1977
3059
2465
1973
25
3275
1639
822
4359
3161
3101
5949
1200
3502
3187
2467
2344
1664
1647
4596
3699
2927
2253
2030
1158
819
1286
1253
4919
5014
2164
5562
5792
3182
39
36
31
1348
891
3475
1196
1514
1834
1592
1469
5322
6050
2315
1746
2217
5639
3311
1036
1148
1144
718
3737
3792
4932
5007
5019
37
69
2713
3579
3112
3273
4163
2213
661
1212
3630
5325
5232
2131
566
930
790
1420
1583
3296
1023
2364
482
1737
2165
2054
807
1165
1289
2713
2194
1928
1841
1739
2012
1879
1288
5493
6041
1179
4100
5294
1695
4567
5753
3096
1581
1681
1593
2079
1947
2075
1818
3237
2264
6261
1694
2765
8451
267
3458
2796
1019
2004
2150
3988
3081
3478
2810
6768
6971
4685
4526
4599
4758
5468
939
1954
1871
7026
6960
6856
2530
2426
6345
2943
1303
1441
4474
2947
4299
2519
2500
3724
3498
3178
3268
3714
4159
4116
4441
4452
4244
1848
1411
5441
2883
4487
2956
7478
3376
795
1524
1332
1257
4164
1828
1904
2113
5527
2943
3577
9115
1657
1019
2264
2279
536
533
581
1288
4591
4706
4949
802
722
2844
3534
3336
2936
1760
1176
1171
1141
1875
2057
1866
1619
2280
3712
4785
1341
4682
1906
2026
3714
1062
3277
1428
1797
1744
1537
1998
1694
1655
1777
1936
2387
2467
1245
2350
1242
1173
158
2264
2658
1294
1358
4046
3947
2285
2925
3063
1886
5586
2737
2199
5218
5143
1836
1789
1885
1834
2066
3693
2899
3489
2570
7516
14797
14689
14720
14646
15249
14751
14683
14798
2709
3517
2812
1856
1968
1911
4009
699
1016
894
1487
1094
2066
1831
1209
1814
1689
1775
7119
2098
2057
1848
1728
5362
3764
1993
606
2098
3673
2556
2373
606
2151
2192
3705
3552
1597
2006
1726
1744
1766
1938
2055
2192
1852
1959
937
4493
1418
570
2781
667
1741
2317
2167
907
944
1062
1670
1198
1476
1162
3247
1539
2181
2717
2625
2273
1885
1446
3801
5323
5390
1771
2517
1987
1932
2168
1579
5143
5050
3006
1937
1933
905
711
919
874
2335
2536
1383
2250
1915
1132
5641
2377
1303
1458
1405
6361
6346
1333
2614
2528
5429
4032
3235
2616
2377
1682
1577
1129
530
581
2183
1722
1820
1665
598
2785
7452
1873
3962
6788
5576
6891
5062
2975
2992
3042
2942
5242
2266
1761
2220
2184
2869
1963
2166
2925
5754
5700
2239
1841
1797
3167
3764
883
3636
3552
3487
3429
1882
2219
2216
2955
3275
1464
1364
5293
6666
7650
2449
1969
729
1677
2281
1713
1921
2215
1937
1729
1600
3722
2595
1837
4119
2959
1697
3920
2642
2423
2169
1993
79
1878
5284
706
614
889
788
967
914
1565
1538
1158
2417
3603
6436
4095
6325
5341
1227
1524
7202
4599
3506
2684
2638
1076
2295
1513
3619
3718
3286
3505
3807
2015
1937
4602
4669
2377
2484
10073
10046
10034
8840
8843
8251
8248
8221
8248
1697
1959
2875
2689
3028
3092
3968
7603
2245
7612
8158
8380
546
3685
3196
1203
1647
2478
7371
1944
2410
1394
2443
2428
1499
3094
2403
3375
3372
1970
1664
1863
4040
4357
4543
2971
1833
2421
12182
12297
12850
12925
3800
2070
2678
2863
2886
2890
597
375
764
2214
4870
5512
5088
2726
2381
1853
7815
3900
3371
1860
1648
6320
2579
1934
131
1979
1681
7022
6971
4775
2352
1380
829
497
1500
2852
2988
2221
2170
300
387
3439
2110
6095
4202
1501
839
1514
1024
981
986
737
963
939
980
876
729
2751
4411
705
1142
1039
876
2148
2024
1472
4919
622
1433
1159
1150
3832
3980
3857
2302
2347
4804
3760
3747
3805
3802
3763
2463
1234
29
31
2582
2713
4953
2278
1564
2155
3600
4758
2514
1035
718
6524
4715
1138
3233
1851
2084
6875
2336
2792
3546
3614
3792
2056
4755
4147
3952
997
862
817
6216
2582
5381
2108
1998
2113
2021
2110
2105
1965
1808
2068
1977
1820
2018
1766
2124
1982
2109
805
721
716
1538
1178
7091
4199
367
3632
3872
4014
1672
1517
1605
3544
3200
4602
4605
1079
1255
1076
2907
1873
1820
2288
4852
3511
3194
30
30
42
3912
1093
965
647
807
4455
2839
2508
3749
4284
1980
1808
3671
33
36
24
2734
2857
2535
6226
1059
988
946
4198
558
712
1170
2342
3593
3560
3552
2520
1078
894
2038
1927
1318
989
884
1082
878
924
827
1742
1549
1655
1562
1608
1332
1207
1780
1610
3013
1452
1722
1552
446
682
876
6129
5815
5847
2502
2357
3257
3182
3390
3285
3859
3863
1501
2631
6655
4065
2912
2441
5453
2091
1273
1390
1200
3040
5771
2583
3026
1890
6369
6426
2863
29
5321
5635
889
2278
2515
1548
1484
1236
1100
265
816
1110
4496
3763
470
1552
1525
1182
1881
1326
8434
1969
1850
3610
1669
1519
672
3429
2007
1578
1700
650
970
3137
2152
1750
3440
1219
3713
5243
950
1546
1733
4411
4547
4594
1301
1881
2262
1941
1193
1157
1103
1926
5087
4937
5254
5104
5202
4985
2438
3650
1868
2683
1219
1233
1235
1936
1895
4647
1854
2228
4791
4574
4653
3226
3238
846
4916
5465
2292
2404
2183
1581
1070
2096
7912
6876
3723
3696
868
30
1698
1404
1418
6020
3022
1716
1092
2478
29
1713
40
3795
3683
1725
5227
4984
5337
1621
4224
3369
4112
4224
30
2802
4025
4223
4224
1106
1022
3369
547
4706
1352
3962
60
40
4237
1542
2840
2249
2231
1253
2968
3107
2054
527
2251
4111
1542
3511
983
2392
30
2642
32
3223
702
1400
702
1353
3223
1168
2643
1944
1860
4223
2638
32
1873
2876
3120
840
1026
1478
1240
2054
614
771
3180
1438
1401
2483
702
3962
1596
1482
1510
1044
2045
2545
1471
1971
1641
2725
1718
1922
592
3516
1541
1305
2029
2973
3109
1813
2252
1725
1572
2833
1106
595
2904
595
1725
1929
1042
2218
530
3337
3865
1241
2653
3295
3646
2222
1584
7176
7168
1269
2554
3823
4601
4160
2423
6584
9891
10050
973
850
3618
3614
1560
1924
1817
5965
2707
5206
5599
5479
5996
5957
5966
5927
5921
5891
4597
6269
2077
1356
1281
110
4449
2643
1611
3104
1313
1206
1496
5429
2048
1848
2359
2078
5448
5728
5868
5731
3201
2903
2866
2662
2095
1179
1399
2207
3602
3043
5151
8271
8425
1695
1157
2324
1807
2191
1191
1448
1119
1544
1312
1265
1218
2871
3350
3246
807
3024
2707
2811
5476
5605
4950
3900
1245
1299
10169
10053
11260
11143
3066
2490
3775
2160
2335
2749
1744
2186
2048
4747
4844
4881
3780
28
31
30
104
33
31
58
37
61
72
40
62
40
38
35
67
38
39
3267
3297
5149
1614
1381
1446
27
35
34
4923
2208
31
35
37
31
4832
2759
1716
964
2085
2522
1614
921
4167
4083
1013
1872
1719
4649
2471
2067
3610
2942
2882
2870
2939
2879
2886
2977
2917
2842
110
3311
3489
3565
3213
2007
2209
7460
5808
5608
5560
7111
6405
3465
1729
1925
2656
2573
1797
3076
3043
1870
408
2001
5645
5766
5729
4937
5544
2208
1629
2826
5024
3409
1692
5700
5937
2426
4225
1365
1712
1567
1424
1537
1570
657
197
2263
4445
4475
2363
2300
2339
2176
1197
28
30
4532
4922
1460
4837
4894
4205
4630
2407
612
1054
3467
3346
2647
4343
4628
4420
1063
1175
2194
2431
28
37
4107
1727
5063
4994
4912
5057
5249
2745
1586
1499
2083
2993
4091
1644
2780
3526
968
2012
2000
1184
3740
4093
4510
4406
4318
2155
708
1111
3411
2783
3065
2541
2468
2613
3182
3163
1481
2559
4048
4401
2482
2502
4625
6416
2145
2307
2867
2798
3453
3432
3353
1235
1189
1303
905
1007
916
1280
1337
6894
6833
6790
2079
1687
1898
1890
1916
1795
1799
1957
1836
2764
3584
4956
1693
4454
3895
1867
5347
1661
1321
4515
4500
4398
94
89
1312
103
3556
1681
2714
2561
2162
3297
1164
1212
2038
1302
1588
3793
2819
2271
3076
2400
1471
1279
1635
1945
869
4590
2419
2185
7941
7642
7895
1162
8012
3215
1270
4646
2945
1719
2421
1789
1134
1625
1152
1779
3700
1804
5129
5587
5470
5731
1224
5154
5616
3313
4888
1086
784
1493
1825
2260
2606
29
1370
652
2374
6269
2765
5568
3621
3760
2843
2664
4426
4518
3566
5378
1468
1699
1839
3450
1646
3752
1749
2154
2186
1614
1749
1239
1776
1506
1804
1479
4454
3693
4466
4658
5642
5492
1708
3314
2865
3316
3207
5482
6527
7146
1616
1933
2289
3315
2730
1192
5273
6472
6241
381
2829
2988
561
506
506
548
597
2204
1652
417
466
766
818
640
867
410
476
265
361
918
869
1405
449
1693
1544
2587
5634
6381
4982
548
2296
6907
4858
3370
3880
3643
3968
3119
1553
1956
2350
1158
2234
2430
2285
2623
2454
2321
3477
1021
3262
3168
3126
2426
1691
2088
3939
4577
7770
5677
3385
2171
3729
2604
5979
5970
6041
3289
1044
1633
1751
4852
3412
10410
938
4538
2407
660
4295
7455
7363
646
2076
1796
1005
1311
2054
8288
7959
1293
2277
4129
2391
2931
3033
1405
1433
3673
5532
6113
1909
2445
2482
1191
7972
7469
7996
70
1685
1189
1208
1012
5578
3780
8765
8630
6716
4990
9362
9260
9478
3883
7504
7477
2972
6863
6524
508
448
124
491
3257
2223
2146
1046
2718
1412
2995
3166
3088
7391
3721
2425
1247
1407
2551
1561
2266
2504
1447
1243
4611
4618
1908
1629
2995
7276
7262
7271
7067
3246
3210
2941
2991
1235
402
2683
1517
6701
7605
2501
2752
5803
5800
1773
2580
4336
2893
4777
1294
870
2733
2730
1208
2189
2214
2450
2320
2453
2421
2347
1721
1415
1456
3348
2265
1993
2043
4590
2545
4225
3688
2090
2759
1581
2861
3999
4158
1720
3372
9112
9391
1431
2001
2562
5394
837
842
5133
6522
7050
7356
7438
7383
2633
2640
3216
2033
2766
2888
4046
4043
1718
1610
4349
4563
4029
1698
1991
1979
7598
1251
1340
562
10969
1325
2356
1757
4732
4744
4591
1756
733
3719
3716
1390
5649
5769
5482
3196
1677
4225
6229
5992
5069
6317
6297
2149
9109
9186
9371
3384
2190
3791
3406
4287
987
4449
5462
1653
7431
3134
1220
3138
3879
4362
3458
2655
2649
2823
3073
2577
3748
3699
1755
1486
5451
3499
3703
3108
1052
2011
1877
841
705
3358
3254
3193
3068
1748
1588
1745
1972
4982
5093
5052
1350
4151
936
930
936
1199
2743
1324
3939
3909
3832
3564
107
791
4105
2047
1909
5496
2181
5983
32
1611
3338
3263
3309
3201
3660
5641
4800
5041
2132
2088
2981
798
2416
2582
2586
2753
2585
983
2198
3095
1887
1902
2237
70
88
6538
5957
1251
460
1132
1024
4881
12169
12100
2140
4238
2456
1470
1317
1614
1245
1430
3965
3186
6888
6973
6616
6598
4530
2677
3394
3066
2976
3286
3253
1585
2872
2630
2517
2545
2096
2679
4818
5750
5771
2479
5970
6561
6336
2037
3572
1761
2112
1868
2085
752
631
532
136
3117
3151
2849
1997
2140
1296
3948
3759
4492
3967
3841
737
1722
814
2884
2453
1530
1402
1264
1136
2508
1580
2682
2794
2653
3024
3153
578
2472
345
2487
2468
2475
3059
3195
2055
2264
2424
2398
2394
2343
2395
1690
1603
1103
1546
3643
3844
4382
1500
3397
3432
3292
3328
3239
3263
3842
2063
2067
1585
1492
1585
2104
822
713
1662
2749
2746
2991
2751
3031
2863
1589
1935
2264
1582
110
27
1487
33
1336
623
29
980
1439
1570
1504
2947
1647
1370
1411
97
4698
2686
2147
3707
3325
3555
2283
2285
1624
2255
3341
366
7857
7872
7797
1071
1879
1818
1734
1791
2845
2918
154
3376
1143
1308
4283
1144
1855
1707
1956
2499
1924
1956
1774
933
4352
1815
2115
2137
1182
422
2203
5689
2991
1983
2010
1450
4345
3600
3586
2532
2175
2046
1961
1801
2573
2764
504
2863
2649
2824
2719
2593
1888
1929
843
1772
1213
1386
1308
1128
1670
1511
2449
838
1618
1002
5143
4618
4509
1307
1786
1790
2769
2105
2272
1725
1519
1817
2390
4511
4334
4371
1834
5928
5425
2377
2347
2548
5227
3048
4720
6934
7078
630
2211
3258
4991
4420
2254
1344
1847
1785
1728
1539
1254
3157
2979
2492
2194
5879
5384
2439
3256
6098
3388
3410
3466
3317
3497
6600
6570
5198
3656
3935
2095
1083
11057
9006
5440
85
85
2713
3079
3145
2927
3319
2178
2279
2083
6173
6084
2269
1384
1276
2046
3091
9821
11015
3133
1759
1788
1680
1907
3285
2408
1333
2106
2113
1894
2203
719
2241
8616
8613
2257
1685
1714
523
1790
2418
2439
1555
3631
4619
3595
3691
3667
1911
3738
3913
1947
1984
2640
688
1577
2316
1436
3871
890
743
1001
1037
844
2968
2778
3351
2358
2011
1842
2971
1750
2544
2261
4602
4509
4933
4765
4672
2225
3689
2312
1073
2629
2545
2359
2476
3725
3421
2760
2266
3375
3216
4733
4850
2028
5733
5627
2523
3154
3069
5215
5522
5992
5665
8436
864
1057
943
1281
1177
2874
1097
2898
1918
2921
875
4932
676
722
1279
1504
1702
1647
1116
652
779
688
753
811
840
830
859
2638
2497
524
1983
108
4065
7503
7630
1808
1866
1994
2572
2077
2844
2332
2401
2364
2264
3633
2118
724
2123
4649
2378
2309
2159
2079
3341
1992
3372
2087
2291
3079
2653
2932
3389
6842
8726
9041
2572
9294
3719
2117
556
2124
1528
1530
1909
1281
1548
1452
2333
3077
2357
741
966
858
851
133
2008
2486
711
2702
631
918
1389
761
857
1703
2386
1783
3123
3315
2972
3361
3132
3355
1189
1194
3658
640
538
2276
817
2344
2424
2363
877
684
1799
2019
811
1868
1836
811
813
8155
8143
3527
1913
3815
2414
1421
2200
1528
1593
1433
2100
2031
3199
1872
1991
2731
3946
2939
1616
4483
4437
4375
4264
3901
4075
3964
1195
2501
2700
941
2532
2448
1554
4849
4876
4725
1069
2907
739
2448
1317
2124
2064
1591
1124
1173
1189
1024
2565
4068
2621
2881
3023
1482
1068
1684
1632
1611
2221
2110
1213
3640
3646
3556
3571
5107
5164
4731
603
1846
1306
1847
2128
1842
1382
1370
1670
1616
1597
1692
1644
1537
1587
2387
986
1451
2706
2677
2421
3222
9783
7380
445
582
1548
130
31
2554
709
1560
31
2308
1127
572
5302
1451
1180
1232
2059
3757
1950
29
770
664
956
1853
1829
1674
1456
1588
1709
1443
1654
1788
2318
2107
2059
4234
3206
3276
1333
1030
2567
4507
4575
1351
2788
3071
1736
1235
1250
1232
2929
3395
3302
3299
2947
3121
2893
5158
2034
2236
732
2219
2144
2012
9790
1242
1498
2181
2181
5590
5689
5655
994
2140
621
347
6375
966
814
659
6313
1516
1281
70
35
37
5585
5714
5668
1607
7445
4677
5009
6453
6786
4885
5213
4990
5282
5198
6006
6216
6102
6008
6138
6146
1099
1910
1757
1643
459
767
628
677
1254
1101
1140
987
2014
1839
209
1113
882
1111
874
997
760
959
823
1095
2286
2344
2202
3947
3883
5304
5118
3632
834
792
744
3524
2343
2260
2287
6352
2517
2508
4991
4332
4195
628
3534
1137
2381
2384
1850
2850
1079
3650
3664
4392
3543
3530
3527
3215
2949
1779
1659
1513
3258
3170
3088
3443
3008
2887
3169
3169
1650
1639
1670
869
970
972
3191
3603
2945
2111
1311
1277
2597
2582
2520
3458
3507
1568
2419
6031
1874
1509
2087
2282
2680
4320
3933
3830
453
1662
2003
2045
2128
2002
2017
1990
7953
7950
8758
8226
8163
8872
2907
2826
2674
2677
2531
2337
2419
4630
3139
4198
3429
3425
3024
2786
2870
2684
2529
1293
3125
5324
4454
4768
4764
4731
4702
4620
4725
4701
4683
4659
3347
3461
2053
3989
4697
4453
4765
1300
3399
3353
3183
3532
564
4430
7709
7706
3928
3281
2845
2840
885
2319
4524
602
1687
2859
1515
2118
5290
920
1118
1726
1699
1697
1601
1726
789
1062
1172
1441
1106
949
1547
6273
3463
1620
5789
5801
1521
2148
5548
5491
5223
5445
2399
2324
130
2872
1808
1948
2715
1879
3131
1945
1566
3457
2679
1610
2303
2138
1864
1781
1707
1584
1808
3637
3619
6786
6670
813
4623
4584
4591
4552
5623
7050
7048
7410
7378
7339
9914
9771
14000
14083
13993
14069
453
4023
2554
4052
2104
3605
1956
3270
4583
4492
3331
5084
4318
2215
500
4816
4725
4704
1852
1792
3110
3071
2646
4718
677
1646
1805
1680
2006
2440
1773
2691
6319
6421
6336
6390
3711
42
33
2034
1534
2783
1332
6766
1518
893
2687
12399
12351
1837
5394
5391
3396
2629
7398
7834
8294
8225
8222
1927
1851
1854
1416
1962
2142
868
2228
36
4072
2594
2002
3251
1169
884
5768
4656
2513
2924
1961
271
2426
2441
2470
2212
4090
1847
2310
2200
1049
3827
4684
4931
2235
1615
1123
1093
1006
3384
3151
3382
3380
3526
3598
1006
2498
3112
3289
3289
1695
3800
3760
3776
3926
3902
4374
4247
692
676
851
3171
3209
915
1597
1713
4054
2916
2038
709
575
1897
2375
3581
3487
3586
732
2514
2560
1281
732
1384
1261
1253
1273
787
1217
1081
1213
1077
2097
1414
1446
2051
1951
1945
891
1867
1849
1778
2168
1761
1743
1155
1100
1129
3812
3657
3790
1857
1588
1672
1759
1725
2096
2062
2092
1828
2727
1256
1477
1748
4099
4105
1863
4712
3625
2478
1266
972
1021
974
948
912
1045
977
1056
965
1110
1168
589
572
961
871
1451
2619
1725
1981
2185
2682
2923
2908
3306
4720
3032
3162
3241
3393
3328
1379
3971
1174
1080
1261
1356
1625
1628
1520
2610
1952
1895
1651
1907
2127
2622
926
1990
2433
1853
6069
1844
2715
2276
2381
2941
2009
2369
573
573
539
537
561
517
542
517
537
542
498
537
517
465
537
465
465
465
526
526
564
540
931
953
810
662
493
2289
2697
9849
10108
9505
9673
2845
1732
2881
4693
4507
1195
1374
2001
6007
9560
3002
1993
1910
1921
2533
2647
2910
2742
2410
915
2669
2549
2600
2570
2582
2493
2570
2600
2669
2549
915
2410
3845
710
611
482
775
787
483
620
710
3845
611
482
775
786
482
619
786
482
619
1340
1448
1302
1448
1302
561
477
483
514
1742
1712
2028
2942
2247
1697
2637
1697
2247
1712
2028
1774
1681
1396
1697
4934
2814
1668
1889
6861
6858
329
5237
6004
956
860
9723
621
1949
1412
963
936
10769
14725
1044
80
83
6057
5733
3119
3614
2839
3527
8081
1140
3228
7744
7573
1323
1232
4273
6826
2567
4968
2055
2060
1805
2154
2101
131
4640
2304
2319
2595
1404
1113
3486
3714
1733
1976
2026
2022
1915
491
480
1048
1045
1099
739
539
739
1461
2490
1925
2206
2122
5419
3298
692
1630
1816
1686
4459
1206
1203
1258
1318
2010
5638
2870
4111
2886
2713
892
5171
5302
5450
5378
1803
8442
1069
1130
1265
2638
1549
2155
2363
4070
3886
1960
2464
2413
2287
1774
3969
1815
1852
1570
2190
1708
1260
4405
4228
3367
3072
3423
967
4314
1765
7529
3232
1193
4098
4857
4939
4822
3328
1835
2174
2663
2337
2173
4017
1233
1059
840
1140
1089
5272
5278
2124
1689
1859
1658
1708
1398
1639
1265
1309
1026
1246
1485
2169
4446
2165
6000
5068
2158
3139
3017
2246
2222
1075
1448
642
3321
1345
746
1451
972
6968
6965
6382
3893
3380
1903
3153
1603
1654
5492
5517
6006
1790
1815
1759
3102
3216
3045
2166
1235
1492
7691
7628
5255
1916
2379
2277
1227
5454
5424
5392
5196
3178
1623
551
3818
3978
2268
1062
2603
4325
4207
955
1241
893
1713
2092
2090
6160
6121
1099
1099
2021
2199
2175
2044
2530
6907
6847
19271
37027
2212
1664
2524
2597
844
4372
10627
10565
11716
2385
2382
2145
2203
2195
1661
2109
6041
6014
1312
2249
335
1195
3628
11304
11181
11067
4345
1089
456
2407
5356
8487
1678
2421
2688
1513
2648
1789
1597
1258
1830
2351
2248
6662
3106
3011
2546
6003
6030
5902
5679
6112
6097
5746
6256
6120
6070
6090
6031
5845
5657
1747
2126
2058
1507
1957
2011
2547
2870
2832
3109
2151
4165
4419
4842
3948
1993
5441
2814
2834
2417
2425
4885
4855
2547
5855
1564
1627
845
1947
3446
4723
4603
9176
9146
8351
8321
8264
2006
2680
3156
1625
3781
4982
1435
9604
9607
1346
3031
2069
2188
2076
3906
3854
3761
4852
2014
1963
2528
2381
1672
2851
1309
2840
2836
3308
2938
2915
2634
2896
2068
2561
2107
7118
2110
2340
1028
1442
1186
1077
2611
559
2215
2291
451
1418
2309
2297
5399
1861
2703
3842
3884
3205
3250
2131
2128
1842
1760
3395
3367
3356
3318
2662
2846
2795
2834
2062
1973
2037
1848
1967
6121
4003
1100
1530
818
1747
2230
3848
3958
3262
2322
2322
3263
3848
3958
2230
1747
665
3615
2895
2940
5877
5968
4197
3571
3483
3985
2101
2011
1028
862
1893
1274
1166
1211
1138
1168
1049
869
1133
1084
1087
1005
1008
908
955
891
1345
1343
1283
1279
1644
1124
1112
1204
1204
1192
2760
1983
1952
1981
1830
1932
2014
1812
1914
1965
2079
730
988
2918
3023
1049
994
2293
1668
2194
889
1881
829
6223
2305
2999
2287
1468
2985
1370
1352
8053
1558
4172
3957
2174
3901
3610
2675
2838
4114
2589
5708
2048
3152
1031
890
2959
3801
3763
3540
2583
1659
1761
1566
1651
1642
2155
1739
1944
2260
2177
2191
7253
7343
1248
3127
1546
1467
2273
2575
2087
2068
6697
6571
1887
1761
6427
3619
3881
3697
2692
2569
2563
1463
5335
5023
5026
736
1307
2040
5416
5305
5600
5425
2710
3857
4100
3770
3942
894
2407
2754
2205
4937
3568
9405
9121
9068
9053
4582
1327
5840
4275
2799
2958
1573
1764
6944
6513
1705
4751
4656
128
1372
4873
1726
1607
1756
3392
3135
1003
2079
2897
4535
518
5331
3124
3282
4138
4114
6638
6056
1096
4005
1799
2196
2146
2605
2482
2764
2527
7823
1915
1501
2773
1874
2006
1284
493
983
904
1794
1704
1798
1586
2639
3734
3217
2606
2561
4694
3384
1343
401
132
2381
2342
1295
485
468
839
659
2335
1574
2102
1297
755
1307
2418
5209
3496
3424
3879
3891
3751
6587
5180
5347
9786
1833
1661
1291
1291
1293
1292
1291
1291
1291
1291
1291
1291
1293
1291
2333
5176
5176
5291
5609
1915
1263
8412
6091
6267
6042
6176
6065
6000
2499
2444
2490
2435
12871
1421
3388
1440
4084
4048
5152
5128
3115
3333
2691
2895
2931
918
548
2487
1948
6740
3160
4177
4095
2212
2200
1351
2272
1107
4637
1602
1269
1595
1586
1645
1527
1643
3416
4180
4091
3947
3086
2850
2685
2446
4536
4551
5415
1916
2927
1662
3336
3105
2859
3200
3221
3932
3971
3307
2477
2465
1575
2659
2695
902
1680
3714
1790
2309
22
81
1208
4178
4431
4761
1413
646
1333
1126
1054
3523
3466
3737
2320
3559
2701
889
2048
1339
1343
2109
2357
2033
1236
1153
1255
707
2808
606
412
1874
2161
2771
2713
2987
5537
1613
2063
4058
4142
4817
3455
3847
2403
1007
1007
1007
1007
1007
1007
1007
3045
3648
4629
4725
2506
2136
2888
2477
2442
2319
1895
4441
3027
9931
1413
3019
2770
1214
1720
1832
5267
1729
3893
2068
1896
1826
73
2222
3937
2908
2675
1938
822
2219
2420
2802
2688
3772
3820
3819
3754
5243
6117
6012
1278
590
2074
1381
3294
1299
468
468
1371
403
407
1713
384
384
675
440
1706
4278
1992
430
593
3356
3073
1376
1183
613
4405
3996
2441
3759
4225
4830
1014
1876
13745
13715
13628
13640
6410
609
1095
1172
1876
1379
1398
2083
976
1805
2011
2011
2193
565
1882
1883
631
1805
1777
1339
381
3348
3182
2509
1599
4605
3434
1427
4352
2731
2942
3314
3604
3457
3388
5011
3554
4958
3639
1569
4687
3248
1594
1067
3285
1660
1722
1725
1719
1710
3151
1689
1594
1503
192
80
2000
1698
1762
846
795
756
705
788
1981
1965
1979
1804
787
1646
664
873
657
1981
1965
1979
1804
788
705
756
795
769
1723
1078
1076
1563
1630
3553
3655
3876
3197
3213
3361
3751
1251
1709
4973
2539
2421
1540
1877
2128
1695
2380
6574
6420
3330
2379
2433
1977
1558
3565
3535
1817
1643
3664
2070
1416
6211
684
4538
1947
1845
1944
1253
1473
1711
1475
1713
1793
781
738
636
4006
3617
3745
3763
5026
5014
1227
1282
1600
1624
1730
1613
3235
3355
882
837
1470
8424
1667
3481
3571
3334
1620
10241
1696
1232
1997
1997
1524
1546
2651
2578
2695
8510
1337
2318
2273
2155
1309
741
737
2569
3147
3008
2750
2665
1901
1859
1917
1811
1769
1507
565
1796
2099
4582
2080
2479
1174
1339
6745
1816
2303
2127
1892
1805
1606
1704
1653
1671
2395
2270
2262
2258
2105
2102
747
748
1162
747
977
4737
4740
4239
2576
128
128
2000
2131
1176
2598
9029
515
1116
2963
1012
2320
2913
2838
1626
1622
3482
2684
1700
348
1116
1116
348
1700
552
2855
1661
1325
9038
2654
2586
2531
2157
2153
1740
1538
4019
3648
897
895
5239
859
4710
4879
4964
9032
3223
512
1160
1171
940
305
1365
1109
530
801
627
2406
2375
2311
7214
192
1031
976
221
269
829
427
258
1171
1160
934
1171
1160
1151
990
475
1160
1171
475
979
990
1151
1140
475
979
990
317
530
1365
1109
307
940
427
512
29
30
5241
10040
4648
4488
3311
6522
4921
4324
1662
548
544
5079
5702
5409
5631
880
482
1579
1960
1960
1579
482
1426
1494
1036
1637
1637
1494
1036
1443
1494
513
2178
3461
3668
2102
864
2754
5486
1706
1628
1389
1338
534
1879
1707
1879
1707
658
516
1887
1709
1885
1707
1238
470
1879
1561
2040
1879
1878
470
591
1238
164
1202
2262
4419
3821
3271
3285
3755
3756
3387
3268
3194
3900
3612
512
344
2363
2220
795
1061
31
164
1345
1202
2255
3387
3243
3818
3756
3387
3268
3194
3828
1202
164
1059
34
36
26
27
795
30
2220
2363
344
512
1636
2005
842
2648
2705
3181
3517
1189
1134
1097
1022
717
1101
806
868
2750
4295
510
517
2814
896
673
1741
1542
2153
1932
2880
2069
2193
812
966
1741
1116
1497
2590
850
1629
2236
1231
2279
848
1557
1504
2595
2625
1108
1120
1150
3127
1431
2981
2572
1745
1212
1253
1826
3939
1671
2754
8720
1403
2248
2673
1091
6356
760
956
3151
3114
3196
2505
2773
1349
3128
3137
2198
687
1199
5038
4515
2257
2265
3475
3979
3524
3414
1683
1644
1453
1448
1276
1154
1539
3934
1440
869
1574
1125
1877
1924
3250
2689
759
1543
1183
1151
1017
1202
1076
1040
1175
4531
3561
5671
1262
4049
1002
1446
2100
2123
1597
2100
2123
1557
1597
2699
2541
2020
2301
2357
3905
7099
1847
1349
1741
538
995
905
1984
2482
4268
1512
1966
1397
2026
1668
2614
1080
2086
1551
3667
3075
4093
2916
1032
2049
2025
2088
1715
2514
2719
453
4475
2632
1452
787
2135
1978
3834
4949
2198
3729
4264
14290
846
1328
718
2094
8368
4032
2574
2451
540
738
1607
1570
934
1190
1411
1076
2853
5535
1413
1269
1271
1097
2393
2510
4146
1664
434
2828
2624
2848
2678
2059
1966
1436
3255
2862
2472
2550
3326
1968
4138
2529
2514
1404
824
1552
1650
1922
3191
3778
4251
2344
1992
1249
3629
1739
2229
4304
6458
5493
1075
2384
2115
2004
1812
1068
135
2274
5928
5739
4271
1674
5575
5554
176
1227
1481
1530
1086
2001
7012
2293
1917
1457
3480
1969
687
1726
4311
4197
1784
1315
2291
2796
1881
1172
3999
7055
7010
4185
6138
1271
3404
1652
2236
906
2086
2218
1956
5510
1959
3864
814
1987
1842
6979
1797
1717
1294
1964
2760
2574
2455
2087
1814
1715
2117
1279
981
882
3098
1201
2025
1138
514
3749
3623
3228
6410
1038
2005
1860
1974
2004
1748
1943
1311
1212
3208
2162
1555
1826
1572
69
3627
1258
1844
1929
2391
2672
3027
1009
1076
2848
1753
2151
711
2074
5497
5019
1278
2549
4281
4528
2392
2589
1135
4056
1428
2112
1282
2741
2447
4215
1959
1206
1715
2193
1062
4818
3072
3225
1336
2928
4201
3045
2302
6600
2539
924
2409
1515
1736
604
3531
1179
3897
1667
1979
2198
1979
2495
2003
1629
1276
2589
2084
5701
7719
4859
2118
2607
3196
1144
2813
5021
1934
407
1265
1643
4063
3872
4074
2393
2138
3044
3474
3875
3006
1253
1117
1015
2525
5484
996
1282
1192
5561
1079
1401
1662
2054
2613
2700
752
1691
84
71
1836
4341
2135
1941
1722
1189
5608
594
1902
1544
934
1149
1721
2889
4710
542
3610
223
3099
1083
3206
3097
2949
5959
390
5086
1234
2455
2680
3312
1985
6453
3701
1945
3174
133
4126
3955
2271
1574
1561
1151
1157
3439
3285
2260
1311
1227
860
2025
1170
1896
3815
2709
1570
1033
2358
4393
2788
6942
1700
1412
1965
2499
2221
2134
2054
1349
1157
2617
654
730
2910
3087
462
1607
988
5009
2354
4085
975
1242
1460
2096
1828
1221
3537
6400
2241
2385
1186
1241
1958
2249
1869
1282
1381
2802
1389
1366
2116
1150
1945
3414
1518
2372
2481
810
4127
3237
3244
3476
2767
2386
4460
3775
3416
8685
2498
562
3546
3527
618
2045
2671
2467
1175
2348
1645
2373
1581
1166
3490
2772
1127
1195
982
782
1079
2924
1658
2703
1963
1188
4740
1548
1794
2884
4363
1084
2823
2726
2411
3620
1568
4363
1065
852
624
4845
1660
3649
1144
1104
566
540
1230
1175
4848
1906
563
2356
1514
1994
1545
1003
2012
1479
7816
1981
1769
3352
1810
4190
2002
2934
571
574
4865
4818
4776
1496
2406
3848
2290
2412
1939
1102
851
5376
4487
1526
3615
1525
1960
1622
6332
5099
3294
2916
1330
1155
2329
1098
7172
429
382
220
708
674
649
1378
692
981
1682
1545
1030
4161
2369
4141
1220
1785
3408
1348
1090
2528
2223
969
3694
2485
1018
868
2332
1107
1871
1253
1307
881
1102
945
1075
1138
1029
865
1107
813
1092
1101
977
1033
909
1095
836
1224
1495
1151
1237
1309
930
609
1087
468
3118
1223
1144
2070
2022
2666
2218
2197
11788
5242
2363
2866
2730
2589
2708
1733
4500
7685
5095
1486
2516
1473
3032
1474
3278
3655
1021
1913
2201
1383
576
2022
5511
1721
1604
2022
2197
2478
1716
1674
2438
1981
2646
921
5379
2608
2798
1671
2845
1426
3286
1203
1764
1067
1022
993
1610
1873
1845
1368
881
199
2193
1066
4109
5638
1987
745
1043
3166
2606
2477
2186
1146
4829
4771
461
4960
2310
1673
1217
2413
3395
1011
2148
2169
883
944
2291
937
1612
1942
1792
1639
1809
5559
2811
2537
876
1549
3370
2923
3054
5654
1848
1624
1622
2351
526
4795
1651
5245
3444
1588
836
2588
982
2206
3166
2802
2416
938
709
2587
2278
2163
2467
5464
3347
3398
1824
43
71
81
53
61
81
60
2300
1941
1171
4584
5190
1993
7090
2906
3288
4896
1745
1501
8393
2139
1875
3373
1297
1664
2965
3086
9386
1713
8299
2427
538
1440
9233
7388
738
3758
2157
4235
1850
1648
1311
1399
4913
2072
1446
1514
3959
4332
4763
4640
4382
2136
2125
5241
3213
1388
1747
1630
2029
8558
4595
280
575
1033
1974
480
4900
988
2319
9318
5140
386
332
1309
1100
496
772
2076
1440
2329
558
3447
1038
1694
1700
7248
6490
1477
883
6344
2769
1644
2535
2378
1603
1230
4176
5101
368
284
889
835
748
885
808
754
685
2852
1782
3297
2225
6953
1439
857
431
613
1919
1289
3053
2952
2086
2460
1618
3150
1725
288
1144
4441
1889
5316
7089
1293
2887
2602
2014
3780
499
2412
2590
3735
2062
888
4033
1141
2343
2011
8498
4984
2003
3558
3425
3451
3956
3402
4411
133
1611
410
182
4144
1389
3409
3154
5531
5262
776
1233
1738
1717
5278
1282
1036
1946
3937
1848
2099
5253
1323
817
1532
2159
2298
2295
2793
2052
10421
929
929
1466
1469
615
24030
1959
1782
5672
5644
1929
2495
2404
3542
3116
3531
2173
983
1531
8522
1218
2496
2560
529
3374
3451
3663
2846
4978
2332
7271
3351
5473
1560
1868
3003
4182
4528
503
2028
1801
5014
3118
1282
7071
913
3337
2107
2798
2738
2741
434
2829
1393
4089
3619
2440
1360
831
269
4614
4514
1580
3653
2619
1324
1955
3290
1773
1311
1352
1295
2127
2727
2494
2356
1671
3637
2090
3971
2982
3005
2713
3005
3258
4259
1804
989
1111
930
1042
1771
3276
1274
2402
2535
969
1828
3484
3575
4051
3590
542
625
1298
4866
3652
2091
1818
330
7137
264
1744
2097
5461
5460
3328
4119
831
1355
6594
325
504
3404
2736
2192
571
3941
1452
3532
4217
2574
1065
1979
6779
3399
3545
3520
3575
5067
5139
1363
2211
2488
4423
2865
3293
999
1042
2442
2891
1030
1432
1273
2941
5650
3941
2065
4031
2041
4272
1848
758
682
801
5796
2974
3878
2943
669
5252
2042
2000
2755
2027
1904
1018
2453
1835
1314
2454
3372
2684
2385
1691
1799
2387
1295
1082
4325
1295
2387
2670
2258
2684
2385
1785
1213
1618
1220
2214
4735
3472
3734
1949
2115
2795
2679
3737
3577
1477
4325
2311
995
1593
2204
3037
2252
818
5068
111
157
2450
2004
2383
2206
2846
8347
8031
2792
622
1350
3174
1630
3829
3109
4282
2294
5754
3441
923
239
2579
1021
2805
1754
721
2129
2533
1501
1059
1534
5016
1722
4285
2076
1121
1053
2884
1945
1003
2141
2335
2107
3131
2242
3703
5651
1405
988
1990
2497
2425
2703
1616
5819
656
1271
1728
710
1297
7989
1635
4027
5501
1439
5071
3834
956
972
1310
1355
3833
3957
3807
2130
2048
2497
3275
5209
4632
5682
3664
6283
887
1898
4526
434
2465
1420
1328
5543
2749
1143
2755
4276
1909
1369
1484
1670
10499
2651
2655
219
3494
1955
2796
4119
2352
4103
1312
3616
3310
2912
4989
1651
2514
1370
2176
3776
2228
2804
2708
3142
3236
3010
3033
2901
488
1854
1404
1331
1344
1434
12617
12470
3247
1384
1587
491
1886
2930
2720
5557
5375
4905
3414
3492
4125
1538
947
1770
1588
2220
3053
1350
515
3397
3374
1571
1792
2363
1957
2754
5807
4212
2121
1030
2094
929
8737
3073
1788
2227
980
5001
1836
2390
2381
2541
2648
4101
2102
3856
3778
3064
3859
4010
4152
1351
1204
2130
1869
2251
2349
2113
10997
1567
3301
7001
2358
3083
3156
2057
4131
6371
3030
1520
1629
3443
4304
6889
2816
1254
1580
2276
1720
9216
1132
1445
1585
3941
1967
2167
6119
2390
2327
3167
4627
1559
2606
3695
2287
1332
2430
1507
1363
9325
3846
7683
1692
3889
2623
2053
2020
1412
963
1364
1192
3293
3427
632
1372
2263
3820
4896
782
3178
5545
2432
8075
7026
3574
1895
2987
2717
1209
1288
2302
1675
64
3098
904
3267
1357
1184
1452
1600
4613
1413
904
1992
1280
1965
4281
3618
1558
3630
3459
1423
1752
1274
2958
969
2084
1315
1820
2313
1016
18744
1270
4026
3420
2486
1824
2265
1116
1429
2117
389
4515
4838
314
567
2262
1020
1320
3932
677
1463
1091
1756
1774
667
3683
2223
2338
1193
1097
4075
3164
1022
3276
2425
1501
3137
2694
2217
1263
2976
1559
3748
1279
2455
2286
1016
901
944
1603
3044
1205
1945
2664
3403
2116
1221
1175
5569
5412
1395
889
1209
3083
1484
2942
346
4336
988
4298
4082
4064
6011
6208
6155
140
3799
4056
2706
3825
1124
8306
1422
2417
1432
1159
2152
2059
996
3389
1656
1920
554
581
517
1276
419
2179
3134
1575
1618
1536
2078
1868
1194
3115
2205
2090
1105
937
869
517
4334
2811
7841
2557
6619
1373
1406
2722
3329
2232
5249
5127
1816
4774
1556
1405
1563
1487
1308
1466
1390
1632
1485
1112
1334
1492
1561
1416
1237
1395
1319
1403
1561
403
4119
4053
3770
4170
2578
4685
3805
1574
2996
1778
1348
1125
6879
3182
4378
4107
4772
440
7676
7611
7555
7733
3750
1401
2017
3548
3723
4452
1884
2847
3362
895
1640
1565
1867
1877
3663
5375
4065
7289
3666
1857
685
609
4966
4721
1737
875
6552
795
1656
2512
1156
1227
1718
5698
2013
1379
2419
1454
1450
2438
4111
5397
2731
2638
2260
2087
4495
2650
1507
1015
2062
1841
1594
1677
1836
2944
5075
2178
1514
1036
2102
675
1106
1790
476
993
983
3291
3504
913
803
746
1175
1959
1836
1211
1145
3155
1112
1781
2831
1026
849
1471
4754
2886
1409
1409
2497
492
1595
1680
149
1365
2038
1059
2025
1804
1736
68
75
1819
2156
2096
1796
2565
2868
1816
1101
4634
704
3927
3334
1483
1829
1019
987
4071
3870
4362
1398
691
795
743
399
4134
2392
2187
1892
3104
1147
2283
2243
2309
1154
2031
972
1165
1296
2893
2975
1470
1914
3581
2594
1228
2678
279
944
1380
1554
1589
722
912
1573
1356
889
2737
790
2272
1834
3935
4046
2082
1610
3597
1505
3444
1485
3940
1508
1346
1998
1955
1914
1062
805
1135
1045
888
1479
422
691
381
4427
4454
5146
3402
3548
1538
1423
2380
2454
487
1682
2086
2089
2442
1736
1038
5780
4768
1965
2818
2211
846
1553
1124
1118
1112
2949
4731
791
1610
1494
4489
521
1449
2146
3089
1232
1097
637
1589
2200
3327
5000
3295
2471
1000
1485
2246
862
2313
987
4387
4424
4458
4508
4461
2952
2842
839
2468
1702
937
4197
3447
983
1833
1741
937
852
3555
4998
2311
7926
1265
3931
3668
4601
4115
1179
1647
1647
3088
1950
3328
8044
121
130
138
73
132
126
2671
5278
3451
921
1785
2758
2660
2864
2593
741
2040
2979
12600
12868
4263
2904
3749
3531
1316
3517
1049
1270
1165
1472
1392
3213
3168
3784
3047
2850
4066
13235
356
511
2741
8805
2558
2760
1813
1548
5892
794
195
167
1480
2879
1046
4007
1247
1133
2777
1008
1541
2243
1386
2313
2106
1854
2833
690
2074
1778
932
1006
981
1571
1690
1894
1907
1734
151
896
1482
1607
850
975
274
3840
1621
3172
230
3356
1914
2435
438
334
1174
510
2394
1732
4177
1699
2930
1760
1095
7722
2041
2142
1309
1592
1898
3609
3954
4187
9631
3011
3211
2871
3900
3082
747
1889
1438
1700
5059
4881
4624
1791
2425
2264
1536
1922
2747
2289
1743
1471
1334
1001
1868
1811
8114
1709
2541
2418
1884
1050
1749
1734
1648
446
4913
4594
4149
2986
3593
1319
9798
10110
8275
2992
888
1858
2863
1867
3742
990
3512
5531
1169
1298
1772
2943
5621
3170
1019
2107
2338
2657
330
425
4469
1823
2281
1005
3449
2733
13729
13471
13603
373
676
607
3466
3463
1292
1992
1591
4551
1388
1708
1037
2074
2364
1307
2961
330
1314
1993
2695
1299
1375
1338
1280
652
1779
1135
1360
1261
1082
3147
1218
1709
622
425
890
2426
979
2389
95
407
811
2300
1087
2600
2549
3364
2689
4206
907
2098
1164
1030
1182
2320
2807
1654
1887
593
1616
2187
4493
4513
1048
1286
4388
1039
2130
5857
5138
4980
1089
1096
946
983
833
766
916
869
1425
1875
674
3194
3207
1575
2267
879
1880
2268
888
833
3176
960
1974
1941
3266
1626
2621
2586
1554
3665
734
662
3738
3944
942
3926
3642
3578
1686
4242
2072
3178
4048
3720
3438
3180
3001
346
440
9603
2421
7159
1522
5383
5632
519
2792
1638
1828
6571
2592
1943
1867
2825
1241
2616
2088
1975
1032
3466
3109
6475
1125
2918
3411
860
3025
2566
3304
1704
7777
7386
2129
2599
1004
1240
5981
5751
1420
1500
2357
893
3991
4607
680
2404
1531
1109
1526
978
1836
1440
2887
3880
1661
4900
1041
3326
3859
3571
3305
5721
2355
7137
1669
2170
2228
1542
2114
4184
1797
1261
1265
1432
1146
2215
2109
3388
1516
1797
1849
2126
1771
1470
1261
3313
2026
3153
2115
2700
1061
1851
680
2766
1496
1280
3042
2331
1483
1707
1767
1728
1288
1892
1775
1981
2198
1180
2826
747
553
580
683
1970
3548
1231
773
1195
3565
1457
1963
1790
2576
3132
761
4816
3361
3306
2571
2348
1297
2695
2089
8342
5684
8646
1640
6630
707
1462
3620
3955
3962
3853
132
219
2041
2065
1150
3974
1135
486
356
3396
230
1176
1066
1713
1820
1768
1644
2245
600
1487
1121
2784
2826
4520
4499
3660
3677
10439
1581
2440
1436
1097
4741
4509
1956
1769
3224
2604
6546
7198
896
6991
6544
381
6483
6642
6318
6293
6243
6399
7228
6795
6656
1850
1812
3151
3628
3404
4395
2624
1113
3308
1327
2360
736
2889
3009
865
3184
3697
6283
2303
2560
3853
1019
2557
2122
1880
4638
173
2789
2516
3580
2166
3682
1663
2551
6862
699
965
1031
3060
3324
3394
3472
3545
3151
2070
3055
985
2405
1835
3298
1800
4744
1604
2534
3076
1584
2661
1096
1251
1685
3832
2205
1586
977
1158
1725
2393
1462
3601
2387
1390
1693
3317
5674
914
3650
7461
7489
1804
5953
2901
1747
5282
5109
4359
1271
3923
1998
895
3035
3810
2779
2072
1513
2332
981
1526
1421
1298
1959
591
3119
3882
1523
4106
2170
2870
2603
996
14088
1216
1981
1450
1560
1274
4491
832
2618
2896
2254
4031
2094
1581
2291
2214
3030
3008
436
983
3381
2013
2064
1945
7443
1014
2407
3752
896
2024
1397
915
2646
2427
1899
2717
1323
1637
979
2527
1506
2906
309
1396
2451
3125
1926
5777
2884
3645
1804
2007
1662
1927
4514
1398
2805
7027
6934
6916
4662
1485
1380
1820
1498
1112
846
5463
1806
1684
700
1801
3582
5091
2801
2335
5322
5086
2227
3269
4846
2183
522
3973
4159
4372
2968
598
618
3923
390
3542
1328
1360
4211
2730
1103
2269
2482
7467
7448
2094
6625
6619
895
811
815
1843
1840
1531
2926
2889
2915
3449
2987
1167
1097
5257
1561
3711
1736
2006
4262
4085
2338
3975
3472
3202
2262
2079
3445
557
582
2470
1660
2835
3228
3205
3099
3076
3026
3003
2936
3660
1705
2821
1119
374
731
940
1034
1051
1304
1421
1045
5351
2432
2336
2084
8006
1325
1253
2725
2579
3223
2582
1472
3026
2353
1702
11003
6339
6174
1863
6237
14664
3376
2118
1968
2530
859
3621
1958
1504
2395
3739
2234
5701
2306
2266
969
1233
1710
1221
1392
4607
7964
1468
608
1894
2413
2346
3200
763
2823
3951
3895
1146
7437
1093
1205
6872
1005
1264
1551
3439
1443
2643
1142
1032
981
3814
2182
4142
906
99
3014
8682
1046
1014
1135
1246
1211
1136
1100
1083
1048
1765
1916
1685
733
2021
5484
2936
3580
2371
2751
157
374
416
467
338
505
448
332
310
424
583
373
445
766
618
412
404
484
523
761
476
202
355
624
709
394
323
964
1210
332
332
480
1038
322
226
1638
2380
1894
3438
4896
2480
3561
2004
1533
1400
1085
953
2192
5652
1238
1477
1745
2133
3160
2770
1354
1039
880
1248
2189
1914
3624
1555
1027
2048
1540
2091
2660
1119
4133
1958
4587
2452
5539
1968
5489
6146
633
644
508
939
790
498
1556
1755
1854
1709
6499
2952
1280
5329
1259
1155
1457
4339
1989
7552
2674
1717
865
4407
1475
1819
3714
4251
3914
6231
3524
97
7049
4817
2418
3652
3321
1852
1040
944
1679
1783
2135
799
2981
1831
1403
720
4197
554
1293
1050
4742
3172
1784
128
466
1719
3318
2831
1379
2380
1472
1300
2236
3648
1254
1018
2917
1664
1850
586
648
752
2443
866
800
1819
1803
2663
8154
2190
1626
1118
1263
2486
2841
388
1435
3223
11112
2362
5318
1669
1518
620
2323
3356
3836
4414
6112
3637
1743
1688
1490
940
1643
1660
3525
2273
1671
1387
5583
5145
6921
12586
9464
985
4062
2271
4362
6335
5537
3847
3113
2839
2806
2986
2953
3526
6786
6630
3491
881
2347
2341
2315
2767
1116
1073
3860
4242
2044
3783
4597
475
833
1637
1318
3407
5399
1039
1520
3502
1711
2737
4812
6171
6370
3769
1137
1803
1606
7116
1571
1030
2310
2230
1467
7785
4550
3791
3344
2964
4298
4094
2729
1497
1031
1402
126
7486
3752
2596
2193
4647
2205
2755
5751
6877
6724
4214
3772
1931
1992
1277
3310
7829
1512
1640
3494
3235
3531
3302
3491
3339
1546
1978
1460
1889
2658
7158
3259
3508
786
6725
4197
1513
4343
2314
5670
3461
1301
1777
2108
704
1988
1762
1486
67
61
68
74
75
82
69
557
640
3319
4317
1632
3279
3525
1727
1294
2879
664
3540
1850
765
3666
2584
6680
18317
1023
2343
3581
1505
1767
1036
534
206
166
5222
5339
2326
3256
2403
2355
2235
963
1156
1573
1595
4100
93
4496
613
2412
1189
71
76
74
52
33
5232
3064
1023
1946
1559
3113
1939
999
967
3023
2693
4707
6720
1069
3032
1626
1124
1126
1308
2841
5127
5053
1633
546
549
539
755
1965
385
463
280
684
1857
1212
15543
554
7447
933
806
803
966
4270
4029
3876
4324
4784
1923
3878
3795
3900
4664
4514
1273
1085
7685
7607
2175
2300
2487
942
864
801
1534
1040
2302
1709
2221
6399
7040
7751
6089
447
3179
2734
2900
1494
3394
3331
1494
779
7236
469
5477
1850
2199
2423
2513
2421
1977
5396
4440
2686
1302
2377
4362
1502
3340
1180
3228
1385
1326
2346
1368
4264
2158
352
1401
2610
6345
1868
1849
1499
5359
1330
1109
1104
984
6019
1436
2618
1716
6778
2555
1169
5783
2231
1336
1230
1209
4818
4115
1105
2318
8669
9264
1474
1965
6946
3046
4333
3054
3560
1316
7173
7194
1841
3592
4470
2456
3187
4045
1913
7332
4546
4462
1671
2154
1528
3901
3589
1128
676
1073
3867
1668
1409
1492
4256
4254
2247
2493
795
1351
8133
1342
3863
2917
2718
1716
1651
1229
993
1376
2189
4231
1180
3538
137
2585
1417
67
98
2047
3124
1583
3008
4273
5004
3611
2394
5507
1793
1952
1685
3224
1098
3207
5322
598
4254
5191
1094
2406
1602
2659
2988
1974
1839
1555
1039
839
2441
1683
1772
4384
4259
2843
2379
1939
1848
1614
1685
450
1051
1085
654
2018
2766
2414
1825
2523
1033
1455
2221
1971
1502
2809
2635
669
3218
611
611
2955
1160
1006
766
1115
1788
1207
2476
1909
1744
2074
991
1517
1557
3117
6014
1892
1026
847
1142
330
2466
1228
1352
1157
4123
372
165
816
4040
3305
2700
4372
2448
2377
2352
2721
2067
2067
1554
1452
2375
2446
3632
2350
4372
2446
2375
2350
3632
1554
1452
2067
1174
1815
1505
1059
4995
6875
933
467
1646
465
2742
3234
2631
4113
3836
1501
3346
2324
2288
2255
2078
1283
2152
2040
1082
4749
1367
2324
6052
5621
1309
1831
4133
2271
3646
2467
2217
1851
1764
2627
506
773
534
3455
8037
7454
2009
4066
11238
445
991
3629
3297
5464
5083
2199
2690
699
950
1564
3156
618
3172
703
3720
4502
1129
1510
1075
1320
4240
1652
1391
1070
1626
1006
2332
2294
970
1545
2965
1723
1864
1594
2036
1488
2415
1888
4507
2134
2598
2135
4110
1211
575
4226
860
462
2240
943
476
3533
3539
1033
1241
1760
1548
1581
1545
1876
2198
5562
3880
1662
5695
960
2520
2041
6449
3798
3160
7024
1843
3176
1840
3367
5551
1363
7720
3982
1578
1857
1745
1059
1046
1761
702
1214
5970
3264
3303
2118
652
1652
2627
6393
589
2255
476
1712
1752
2366
1350
6406
3869
1485
520
1470
253
1288
1871
4048
1815
5487
4907
2145
1468
776
1462
3339
1211
723
3128
5132
1217
7172
1117
846
2071
903
2162
2598
866
6939
4087
6561
6384
6393
6366
6216
1591
4741
3872
2344
2519
3814
2146
12144
15453
2365
1038
2962
1910
2143
3734
1653
1558
1399
1394
1467
2438
1409
2906
1252
2304
2267
1347
1025
1514
2451
3428
907
5009
3706
3527
3126
9025
1666
3462
2056
4314
8268
2549
1029
1097
1732
1721
3534
4494
4769
3052
3264
1534
1394
1237
3528
3261
3049
2032
2050
373
2171
1751
1991
2612
5132
1314
3903
1588
1837
2045
1637
1316
1483
999
992
4182
975
1814
1737
1403
1318
1121
2289
5088
4227
3930
2022
4544
2434
958
2005
2082
389
925
651
3076
1146
3915
1668
1954
1422
2029
2034
5194
1190
966
1849
2280
668
2449
2152
2152
2068
1984
376
628
460
3140
598
6074
6075
568
2974
811
947
3377
3237
2037
994
5410
363
2005
171
5538
5562
2019
1699
4507
6231
4118
2323
2145
428
474
618
2044
2696
1117
2387
1675
3337
421
5627
2390
3222
1002
2937
2755
1420
1505
3063
3763
1079
2374
901
1821
1477
2766
3879
3659
1711
4379
4015
4566
4480
1661
2575
4081
2825
3219
1374
5295
5757
1412
5230
1417
1509
4644
684
1074
1734
1739
1748
4051
1088
4790
663
5000
4640
4632
4285
1653
968
966
4227
2452
1210
1036
3024
2914
3924
2980
94
2943
892
4619
3004
4026
2980
2052
8436
6837
2506
1842
2158
2022
955
1254
850
832
5073
4786
3160
3229
3135
663
828
893
336
4322
2351
1092
1593
1910
2892
758
1107
3471
1740
1979
5074
1887
1531
2707
2376
1283
2454
1893
774
2429
1934
1642
4673
2184
2532
756
1327
2284
2766
3358
1599
72
1647
1797
1431
4467
4693
4684
1756
1560
1733
3100
2898
2079
1826
896
1478
3294
1381
3220
2681
756
711
2320
2124
10284
1950
858
2974
889
3556
3635
3185
1186
2072
3053
4186
1688
3558
6662
6617
1211
1350
4164
3764
1359
1995
1304
7838
1826
1039
4846
2391
2498
2989
8182
4877
645
2418
2827
1858
3385
4047
5871
5665
2904
2898
5748
7042
4286
1557
3151
838
1358
3525
1832
788
917
3443
1561
2004
2254
1454
3209
2931
2009
517
2527
1195
2195
137
1012
829
804
667
507
1174
966
941
804
644
1311
966
610
932
907
770
1363
2331
2404
2646
2719
294
675
1863
3637
1867
2846
2995
1802
3232
1257
2155
1063
6901
419
7644
445
923
1587
1625
2381
4066
3458
985
750
8033
6082
2383
3465
1536
1296
11355
470
4227
565
5456
1589
1868
1913
4446
1899
1852
1879
1011
1191
47
71
2785
4235
7136
3901
1414
1351
3348
2844
1447
1642
5672
698
1448
3431
2124
4156
2623
1085
2400
4774
3539
2045
3282
967
998
928
818
2373
2570
3809
1997
983
1926
1773
1946
2786
4204
1233
1080
744
2118
4487
2405
2065
3536
825
6993
2864
1566
866
1390
923
5978
1359
2225
1613
4196
1449
7531
2794
1523
4021
4377
3165
2683
1097
3953
2414
2765
2667
2216
6792
7371
2068
1083
1916
2872
3350
4637
4560
4640
2530
1640
961
887
686
1703
1683
4190
1790
2322
456
277
2457
5338
5192
5274
5114
2301
7515
2882
5638
1268
4399
794
708
1062
893
809
1064
814
994
895
656
738
1604
881
534
486
2030
5421
1364
5380
3968
558
1188
2088
1606
2139
2139
2639
2049
1556
2485
2436
3010
4278
5193
1184
3008
2308
8289
1740
2227
2219
4866
4370
2251
2005
2032
1888
1771
2173
790
1471
1347
1320
1178
3675
1460
2651
631
2050
2877
3727
766
5393
4741
5485
4039
2094
4070
1115
757
1462
1684
1938
771
711
1014
940
783
1634
1455
1366
2895
2007
838
2012
1622
1176
1065
1870
1400
1200
4398
4116
4119
1140
1076
1980
3107
1348
2292
2023
1496
1647
1690
2439
2311
1009
1202
798
983
2320
7114
4257
4444
4250
1855
1190
4654
2817
3023
2255
1414
781
1367
1112
904
2095
1466
5069
2670
4682
4996
1271
4162
2079
7563
1216
1963
2123
294
785
2241
1182
2087
905
990
4027
3485
1376
2095
2490
2663
2491
2534
632
6811
5108
1672
1672
1829
807
1649
1490
3328
2917
1974
1927
8350
3249
5026
4884
1017
3370
2294
1438
1694
1705
872
3231
1077
2176
2307
1013
2190
5980
5036
1892
2357
811
5804
919
1954
3946
1123
2320
2729
2087
1941
7510
1837
1828
1799
3094
1228
1754
4945
4846
2075
6335
2970
1927
2372
2403
1710
2043
2690
6379
3274
3396
5500
723
3053
3214
3200
2386
2581
2131
3505
2603
1249
2323
2770
2695
1334
80
1327
3555
1870
2161
2094
1648
2317
3021
1146
1129
1127
2191
130
1173
1923
6056
6331
2109
1553
307
3029
5402
3703
647
10721
5386
1549
1990
1440
1299
3044
1650
4744
820
3614
1936
1700
2176
1300
1470
3494
9403
3088
1126
3509
3683
917
2797
3009
1220
2206
994
1570
1475
4505
2450
78
86
1681
2449
2287
3013
3637
1577
3228
1838
1014
1456
1634
726
698
2271
1775
4817
1838
2678
4292
2953
2805
4743
4348
2290
3027
5307
495
2846
1884
1606
1911
517
723
1784
2344
5207
1473
922
1379
1440
2139
2131
1068
1754
4383
4973
1583
1481
1334
2084
1808
3185
3157
1890
2235
1023
1092
2418
5487
3497
3904
2690
1395
3586
5599
2682
5092
3402
1895
1634
1540
1475
7340
3864
4380
4240
3627
1895
2111
2242
4617
3335
2958
4022
1492
1819
1510
3403
5017
1097
4696
4696
2971
2930
1791
1315
7642
3494
3882
2700
1511
4397
4363
6343
3612
2639
1350
1042
1086
3796
109
4324
876
3619
4125
1629
1778
4659
4048
1156
3033
1141
9897
3658
4128
2184
1070
4852
1706
2274
1713
1641
890
4195
4245
4113
1789
1706
1820
1715
1670
1661
1711
1728
1630
1729
2054
1538
1726
1793
1665
1705
1858
1818
1729
1480
1530
1651
1353
1837
477
3065
1668
2915
4359
5154
4998
4887
2545
1005
4337
5265
8332
2576
2093
3496
508
847
6077
1079
2941
2519
2855
2173
5197
2040
1972
1284
1619
1554
1276
1222
1420
1075
1941
1908
623
662
3157
2813
2498
5706
1534
1234
3472
5844
5338
1238
6532
4820
3494
1786
2079
3583
2623
1534
1157
1317
1026
1137
4874
699
1495
990
1552
1640
2136
1553
1153
2295
1440
1482
699
1075
3824
1472
1591
4894
2455
1571
2613
2256
2451
1104
2849
198
920
2617
2167
2477
3651
2063
1286
2130
1331
1208
756
1695
401
3577
2008
2707
2490
4269
3446
1395
1001
3152
2810
2046
2134
4021
4026
2456
1250
1618
1348
2694
520
3801
3712
3942
3808
1837
3178
3062
2208
1978
1094
2689
3334
530
1549
1647
632
859
2078
1846
2029
1862
2822
3065
2927
952
774
1187
282
1864
1839
1168
355
1133
4241
4308
3618
1862
1796
2073
3501
1238
361
1550
2786
1155
2412
2529
1083
3467
4078
4086
2884
2662
3157
1016
3186
3537
2798
2402
1950
4450
1453
3761
85
92
1005
406
2077
3496
1762
1851
1618
983
4516
3630
1089
3011
5580
5770
5311
5308
5317
1984
2845
5404
680
1013
3134
1981
1699
2287
1574
1536
1021
2818
2003
2268
4441
2773
1552
1155
1627
1701
2648
2531
2434
3221
1195
1570
1199
1960
7137
8623
1356
24
2829
2122
564
357
1383
808
2157
2047
2144
1151
1175
5136
2501
1037
2151
702
3251
1594
1551
2873
1698
2007
641
400
513
2465
3293
2334
7610
681
2386
1238
3134
4710
812
1173
2571
2077
1290
857
652
1662
1756
3121
1035
2717
2739
837
764
2844
3859
1654
5123
6116
535
4404
804
4085
1604
813
1792
1558
6991
6387
1948
1287
1849
1768
830
2718
3655
4744
832
1824
2369
3324
1036
2982
1054
4732
2079
2159
2597
3868
3849
4058
1881
5594
121
3518
3639
1777
1255
4932
332
2966
2499
3692
1354
1932
3579
3115
3388
2584
2587
2653
2367
3283
3006
3151
2612
2051
1550
3300
1963
1487
1367
1319
8459
1929
740
2003
434
1370
913
1030
3423
3040
1714
3739
3780
5679
5335
3261
2787
3478
2589
2233
2756
1901
2341
2410
5126
2005
7119
1912
2375
3009
2266
2664
8947
635
3250
1581
1564
2104
2062
3176
1691
1060
560
1550
1990
1922
144
2601
164
1699
666
1352
1432
4955
5132
2045
1512
6854
1895
1015
391
2792
1391
1003
1041
1226
1884
4736
4709
1578
4044
3710
3703
3301
737
929
906
918
1436
1232
1334
557
1445
1044
2131
499
1112
2472
2383
2432
3438
2674
1823
1533
1664
1822
1741
1449
1299
2482
1376
1095
9687
1524
1620
1132
2256
2174
3930
2788
2771
3097
2818
959
3734
5419
4835
3045
1809
1773
1530
1494
3016
1642
1452
391
1522
1790
2334
3518
3635
3206
3527
3550
3658
3346
1839
1452
539
1619
2021
2055
2138
2833
1139
1364
8878
2691
2318
1538
1347
1434
1984
1958
4927
1112
1540
3852
3252
1433
1344
109
321
122
122
122
122
2566
4882
2549
1949
3216
1508
2328
3098
1034
1181
1740
1464
1096
1140
2786
3425
1558
128
1647
2019
3618
3708
2168
2119
82
83
66
86
1742
437
1360
2818
2882
1307
1916
812
1012
1622
1365
4669
2259
2048
2028
6912
2066
3343
3469
1043
123
97
1290
1393
921
3028
996
890
1795
1386
1532
1038
801
2106
1063
966
4880
1085
4891
1710
3260
1329
1806
1867
1508
1400
1217
2066
2009
3862
4797
2026
1294
4483
1338
431
3311
1066
2878
2940
2850
2726
2824
2515
2599
2962
1437
4509
4429
558
754
2592
4335
3505
3291
6087
4211
254
4067
2619
3346
1929
631
1039
2137
1007
2863
2478
1483
2886
2630
2783
1382
603
815
2341
1625
1827
2626
2598
1609
1936
1903
1600
1676
1370
1193
1615
793
1825
1423
832
3383
3831
3436
3499
3442
2206
1286
1870
2365
2424
3393
875
956
2024
2480
3456
2802
3876
1925
889
3555
3415
4740
3423
1642
2260
8683
434
1288
1240
4555
4495
2366
2327
2324
2228
2225
5605
3716
2746
2471
2263
2081
3133
2853
1234
3508
3075
2175
2713
2129
1036
3342
2268
1807
731
2064
3189
1503
1215
3663
2380
2354
1157
1215
1143
1143
1071
1442
2695
2133
1813
1674
3500
1580
941
921
1707
2143
5045
1941
2162
127
418
4473
1423
3947
5363
2523
2867
6813
1342
1591
598
1412
2202
1140
3776
651
1972
2196
7071
3295
4692
7457
4578
5555
4118
8037
1146
694
3839
1949
1950
1721
2561
6918
2083
2147
2050
1801
2136
2180
2763
1793
1018
5051
2315
5030
1614
3546
1866
2093
1900
1040
1540
2381
2235
1368
15700
2617
2620
3367
2325
1255
2266
2696
1412
227
130
153
1572
1751
739
1138
1435
2232
1741
5373
3728
3687
3012
1797
1170
1209
5211
4200
5229
4999
1071
1195
731
2561
518
578
4150
2625
3842
5887
2303
918
5574
9550
2367
6948
4787
4529
2444
3777
2863
2430
1964
1933
1631
982
656
3040
3630
1107
134
4508
2398
2023
4968
1127
1476
3958
4636
4088
804
1113
229
503
710
1270
863
2847
1387
2927
1361
776
3657
2872
125
1093
1537
5424
2002
4470
4467
3744
1913
3644
1887
1963
2986
3245
1285
2228
2174
3535
2119
6952
7003
6982
6910
6940
6678
6708
6615
6720
6771
6750
2593
3609
3491
3598
3937
1763
503
1012
1893
2444
1936
3158
4417
1205
1570
1140
2412
2568
2894
973
3331
1979
1887
1441
1655
4027
3646
4318
803
1260
1228
805
1519
12793
3401
2501
2597
2683
1016
1269
1011
2739
1971
1114
1790
2072
987
2469
137
1411
923
1771
6767
2200
640
494
6767
1583
1692
1728
5360
2110
4290
286
2484
3668
5573
2158
3765
850
1628
1932
4745
1720
1559
5202
6476
2034
2001
1453
1342
199
161
3577
4738
8376
918
2518
841
2887
1714
2096
1129
4146
517
4972
3519
2193
2790
3586
2190
761
1655
774
5138
2177
4422
2327
7165
2071
1098
2762
1882
1293
1260
2366
831
987
3329
2503
4670
4450
1156
1065
2161
1897
7244
344
5241
4860
3974
2022
1075
2226
2028
1416
1971
1047
1117
2169
2053
4099
747
1738
1251
4207
1800
6408
5905
442
1241
6768
7954
9089
1149
3098
5284
1888
2533
1482
1000
938
1406
2447
1402
4173
3113
1086
4337
2352
2212
2212
2352
2247
6236
6172
6169
6249
3945
2973
1863
3871
1135
748
1567
3826
1405
4185
4160
3506
4681
2264
1772
3346
1757
2605
2320
2000
3052
2628
5307
3796
1536
2625
1211
20584
2779
7790
1751
3726
1646
4348
8760
8404
2864
1568
1668
1534
1564
2466
3483
4396
1561
1670
3595
3341
8744
2818
2570
2515
1559
4805
2230
2172
4130
1585
1562
1488
3267
2086
4007
9753
3347
3391
3292
3221
12269
2890
1204
1787
2970
3093
2654
2485
5024
3998
2150
1450
4751
3879
2539
996
1115
249
4576
979
1270
979
4292
3994
7239
3028
2069
2039
5770
785
2107
1816
1281
3384
786
1180
3279
1538
1004
2987
1867
2013
3817
5210
551
6923
4829
3288
297
5433
2152
959
2018
4154
4011
3312
1928
5095
5304
8743
1260
770
1895
2995
2798
2760
5013
4617
2600
5214
6377
3592
1850
1797
1374
1499
1130
5705
5403
996
354
470
2305
2012
2109
1754
2328
2325
4706
1442
1531
1791
2297
112
10789
2208
1756
9915
3449
1582
1519
2556
3013
1671
2257
2310
2561
1376
2326
2216
4805
1258
3604
879
2396
4507
5720
4768
2726
8832
9045
9446
9084
9051
4796
1023
1130
1599
1053
3263
2929
3359
2852
3130
1342
1796
2520
2377
3536
8032
6060
1583
1635
1915
4530
1605
64
2480
2041
4519
1883
4336
1512
10648
3211
2437
2351
5839
3945
4244
1969
2016
1096
968
4040
616
6471
7431
3193
2500
3504
2868
789
862
2075
3170
2668
1707
1886
3510
3950
3694
1677
2529
1890
75
978
1861
3501
2749
2966
1630
879
2106
1596
2812
2902
5468
5547
3260
606
5241
604
2114
1453
1995
2833
2459
3768
1328
8104
3158
3144
1196
1369
3405
2660
3297
2364
2134
2248
1113
9118
4551
954
1627
1909
2906
2202
1901
1811
1875
1798
2735
1322
1267
1808
1250
1353
489
619
2246
2412
2573
1642
2158
96
1396
3551
86
70
2167
635
418
1243
1517
1609
450
540
1391
1409
1201
809
1230
1564
1613
1269
3551
3864
3649
977
4919
1212
1137
3267
5619
4410
3803
2308
2004
1760
2850
2592
2228
5108
4640
3388
1448
3158
1402
609
1881
1668
2445
2274
2287
1383
2945
4078
1142
5298
1617
4914
3857
1366
1293
1185
2559
2452
770
1546
2665
2708
853
3925
3178
5110
594
833
2609
3770
1494
1607
2151
3386
6310
6073
1907
4369
4332
1990
2039
558
1129
2132
1858
1859
1055
1844
3141
3241
2486
1222
6502
1184
1562
1145
3018
1550
1613
2244
1758
3704
1068
2118
3186
1957
1842
1621
359
4536
1851
1473
6761
2440
1196
1580
2090
1396
1550
1333
6036
1371
1001
1253
9862
4365
10119
12693
959
3350
2049
1572
2487
2415
3329
5928
2719
1466
5137
2129
1521
6423
6163
2017
2893
1076
1078
1028
1196
1332
476
647
2786
1604
3899
2513
2960
4057
3961
2463
3527
4422
4102
4124
2528
1645
450
3268
2573
78
103
925
842
5004
4138
2286
7217
2171
3535
1207
3241
2854
1733
1844
4031
3833
1163
1886
1912
803
655
2499
4036
3692
2969
3785
3935
3564
3664
2814
1709
1498
2318
1645
2278
1974
1502
2293
2487
2512
1653
1601
394
1440
3684
1119
2594
1020
1194
1593
2195
2374
1608
885
1962
1828
3406
1824
1725
1158
337
1910
765
2760
1384
3153
3405
717
512
759
1379
1883
1638
3239
3626
2451
1715
2096
1506
1475
1905
370
273
317
4224
1924
982
4120
2272
2785
3569
2341
5101
4895
5329
5264
4880
4770
6021
631
3374
3181
3320
3292
3854
5920
5966
2444
1052
1878
6736
1620
1934
2103
8991
646
588
557
499
1148
3170
4006
3307
431
555
573
715
458
858
4693
5129
5057
273
1706
643
1015
6836
1441
1814
1840
1915
1751
1803
2075
1449
360
252
1328
1566
2790
3241
1901
2076
1948
1135
1148
1124
947
590
1760
2534
2893
2159
1378
2132
1268
2167
7313
1745
1828
1353
960
7083
1489
1700
1963
6026
4029
2787
4003
2029
2842
1570
1937
2657
3019
1831
1697
463
827
2931
1080
2740
1824
1192
2037
1053
1381
2209
3255
3981
5646
5628
1676
3136
3079
2293
2112
1831
3805
6800
8073
1324
2337
2210
934
3392
3789
2995
1189
2314
1545
1459
1925
2430
1491
2103
4267
2831
1055
1422
2249
2359
1975
2489
3875
1869
1952
3640
3963
3203
1662
2267
1697
1948
1186
2722
1687
7703
374
1631
1879
1200
2829
2956
3179
2030
950
848
931
1069
3756
1019
2280
1419
1077
619
202
524
909
642
1262
1254
1173
283
783
2736
2630
3477
6011
943
1342
1714
8279
8273
2300
2100
2875
2335
1292
2956
1519
1339
650
1730
1815
96
2433
1099
1978
1237
1047
1954
3552
368
1004
738
1741
2929
3856
2944
1309
2331
2306
2795
2741
7700
2556
1907
1539
1213
1895
3981
1442
2543
880
847
6655
3517
3050
886
551
946
1762
1590
2114
30
4201
1957
1064
2360
1012
1019
3653
3971
3917
3193
2107
1146
4969
1855
2415
835
1495
3202
4500
4340
2573
1445
2464
2304
1520
162
2616
1579
1212
937
533
2275
2172
1186
1185
1735
1478
2036
1181
3423
880
1777
2133
2701
2107
1447
4499
1872
1486
1598
1530
1694
1930
958
1669
2556
1936
1526
5867
6264
661
2408
3677
10342
9619
4045
3894
2279
2623
2090
1344
1575
1332
839
1017
1750
5995
6078
1097
1994
2644
1061
2391
1186
1598
2601
1537
1691
441
1440
2437
959
1171
1521
973
1489
1147
2346
1653
1983
2213
2067
2173
2088
1481
9813
3136
2911
1481
1522
3213
3026
1937
2113
2606
5468
1422
755
1903
1693
814
2773
1072
1499
2396
2345
2339
3517
1327
859
667
360
251
886
614
811
889
477
474
1763
1935
1487
8230
1739
4493
4557
4277
4327
3425
3182
3783
1008
426
1331
3132
611
1011
1164
6492
1920
1166
2391
6522
2249
2095
3246
2902
1304
1068
2694
1031
5086
6518
2375
5995
2696
1607
1345
1092
1556
5365
7536
1814
2534
1277
1775
2052
6512
1499
2765
1289
732
1636
2762
1527
994
2550
2251
6521
3764
7285
1342
2315
727
614
816
718
1461
619
993
988
879
702
423
4926
1452
2071
5623
525
2326
1695
1672
1693
4518
1946
3270
3116
3213
1620
8449
3244
8405
413
876
2222
1487
153
3255
4825
4667
4725
961
2844
2417
2514
1242
1438
2936
1895
2092
1132
5263
2163
3501
3435
1907
4792
2501
1246
4008
2630
2027
1926
3654
1514
1592
2354
5104
1647
1861
945
6800
3776
2242
3602
774
1230
3135
953
1471
1209
3958
3017
1495
1815
3460
3376
2625
3763
5939
1278
1612
1648
1598
3599
1360
4473
2481
1008
3368
1542
810
1698
2362
2620
1410
2146
2466
1727
1367
1851
2375
2358
2198
2157
1080
2777
1622
1737
1758
665
2344
1995
2267
2456
1417
1073
3511
3353
1312
865
1365
1140
3339
3019
1502
2046
89
2286
1775
1739
2104
7553
93
1058
2906
1661
902
1126
2873
421
1826
5558
5731
3525
8737
2268
2294
1657
9560
9395
690
3499
3401
1928
1500
1582
3119
3346
2642
2659
955
1425
2639
976
7290
917
1055
2694
4385
4692
1594
6168
2876
3458
5598
1183
1340
5770
3169
3231
1004
920
483
3677
1695
1291
1252
1289
1027
1920
873
2519
3024
422
2831
8911
3690
3480
1148
8896
2318
856
2439
558
1478
1584
2153
6125
2509
3976
941
1168
1365
5314
4069
1662
4100
4929
3427
1499
2945
2752
1385
2100
3431
1009
727
3352
1727
1043
1856
4354
3131
1501
11213
6785
2594
2484
2523
7012
3159
4229
8315
3429
3240
5903
2786
1823
1277
3501
1250
4180
2439
6511
2409
1901
2456
943
9460
1044
840
1161
2874
2305
2049
3584
3307
1125
1743
3273
1256
1082
3884
5267
1675
2091
2301
4541
1224
1824
3253
3993
1411
2217
5468
944
9226
8878
2802
8469
2502
2956
653
3219
2305
2852
894
2923
2364
383
1530
449
5702
1623
2940
1793
1794
3241
1856
2467
3200
1126
1737
2438
7839
7741
7445
2604
1279
3068
1152
8391
3703
3391
3429
3033
1998
1968
3264
1750
975
1993
820
1275
1292
4188
3568
5734
4431
2820
1419
3114
2193
804
3915
2052
5103
2971
1361
4705
3147
2646
2297
2812
12666
1338
2646
2437
219
1574
936
2298
3384
2641
3571
3853
1070
4146
512
2943
4139
5602
2049
1897
4772
1258
2138
1944
1325
1997
2882
5468
5411
846
2824
2905
4771
3283
3547
3177
2371
3490
3472
3408
3343
4152
1192
1062
1460
1786
1415
1438
70
178
135
137
4627
3597
4670
4424
1033
1603
4890
3194
1328
2452
6193
6444
2077
3351
4105
1227
3193
949
4880
1513
1855
1299
1208
1581
4335
967
1877
2238
5731
3090
5036
2605
1466
1207
7152
6920
2642
1031
2860
2605
444
1660
5039
2850
979
5681
2068
3126
2753
994
1181
4596
3213
2628
2469
1786
1206
1597
2449
3284
1964
1746
2139
2695
1223
528
2086
8537
8565
5954
1318
4354
919
2784
4982
4855
4685
1043
1691
1778
1182
1678
1814
2111
3179
2057
1598
2821
1927
3334
3011
2456
2224
2642
4152
3974
2926
29
3316
2122
1263
8089
4531
1571
1806
5240
3037
3368
2355
1935
4588
2792
1935
1079
999
953
2153
2159
3866
1222
2117
560
527
4158
2110
3976
2747
1318
3617
4798
2808
1012
1854
1056
1302
5147
6711
6902
6193
7446
3276
7529
934
750
1297
1815
2415
1374
640
1903
3833
3709
1751
2021
1937
3038
2469
1212
2612
5174
5162
548
3985
366
369
291
388
1461
6832
4481
3140
3192
3692
3374
2148
6124
1819
3053
3702
943
2952
2626
1501
3066
1666
1524
1587
2523
2654
920
432
993
1456
6631
7440
7595
5754
1606
1777
1578
4422
1900
1763
4166
4191
1362
302
4105
4273
4335
4191
1132
955
3971
1058
999
1472
1580
650
1350
1350
2123
4395
2028
936
2212
1527
1719
3134
1993
3703
932
2143
1908
847
5860
5786
5214
1843
1662
1244
1119
1516
3389
3492
737
556
4009
3081
904
3840
2287
1604
3004
2160
1794
1287
1353
2934
2925
2686
1225
1576
1417
5169
5431
2497
1853
1263
1012
461
2997
2592
4520
3980
3044
1603
1142
456
5073
1588
2354
3006
1377
3541
463
1962
1624
1518
1941
2099
1203
5228
1146
916
2030
2831
1045
5724
2722
2539
2336
2296
2125
1241
1919
4850
7286
6811
2300
1411
2394
2426
1000
2347
2478
1197
1466
1418
1298
1316
782
3094
3483
623
8533
1942
1380
1406
1514
1152
1588
4941
2356
1178
5485
4535
1789
917
1697
432
619
2620
2464
417
4403
1019
3177
5836
3120
1715
3894
3744
1939
1621
689
3491
3363
5372
2672
10342
1943
5273
5113
5017
4405
615
1151
1772
1537
1529
1251
1916
1249
2354
9435
9172
3149
3563
2775
3249
1857
2495
2423
2312
2351
2267
3349
1161
1264
1788
519
2840
4798
1635
1902
2442
1078
1679
1373
765
839
560
357
672
562
882
3195
3272
3290
2646
2529
3243
1593
1147
1037
1237
1882
8806
7748
6657
2708
2895
1310
294
3158
1296
2384
1483
1791
1509
2404
3576
1671
3626
1611
1611
1611
858
5314
5634
1614
1293
2122
2086
1447
1977
453
1188
1337
297
3463
4197
1014
3207
88
480
1795
3221
5220
4877
542
658
9898
747
3716
564
645
1796
498
1618
2690
5024
4856
2053
1159
1365
2439
4699
4898
1404
432
1158
685
3306
3652
4163
1501
10258
9417
5290
2068
988
1208
985
775
2681
2462
3469
4145
2400
1938
2832
1476
4559
2352
2791
2025
1810
2804
1525
1114
323
246
3587
447
2572
3829
2797
2890
624
3188
2793
1977
492
1976
1614
3084
1883
6797
4132
1061
1177
1976
1331
971
2118
1073
364
1643
1496
2089
1469
1261
1073
469
1252
1061
469
1178
2597
1256
7304
7285
7006
950
1198
3862
1756
893
3522
5782
1906
164
3211
2954
1257
5990
459
2279
2138
3833
4330
4255
1121
1740
1847
940
1104
1125
6083
3864
3823
3691
3248
3523
7932
7843
1379
1362
2936
2535
3614
3725
3646
1481
1445
2178
2511
7154
4529
3741
2693
3380
3867
885
2671
3165
4719
1610
2137
3395
2051
3991
3449
1832
1654
2488
3083
1414
933
941
2260
2397
6479
1958
2137
2023
11024
10915
8997
8438
1771
2625
2108
1562
2495
4879
6859
11236
2686
2394
779
2659
2869
2872
2147
2403
3166
1928
2620
2212
2359
3894
2960
2498
2447
6925
6811
3777
6391
6076
3111
2946
2940
2952
351
1039
848
885
757
2135
2011
1392
1959
2377
2382
1330
1767
723
2422
2603
2404
2239
2022
6805
935
1645
1290
899
987
1233
2867
1013
559
6323
3680
667
1211
352
2507
3783
701
842
3352
1447
757
1104
2077
2034
3396
2007
2293
476
949
1568
1699
1450
703
4508
1623
451
338
1825
3974
2293
4992
4059
3325
2382
1693
2631
518
1086
2755
2489
801
1511
3224
25547
26557
4081
2326
3072
3713
5747
1632
375
3907
892
1657
2449
2517
2420
2322
2222
2125
3143
209
3322
1471
1646
3730
1210
2742
2069
5049
5596
4641
2091
2445
2344
4426
1285
1493
1382
647
5273
3491
4706
7203
4374
4261
4410
4065
4221
4020
4076
9644
7615
1203
5400
109
3343
2259
2367
658
4655
509
708
2166
2079
1933
2724
1041
3460
7717
727
969
1974
1684
774
2662
2053
3057
1290
2029
1825
1668
2367
3687
2457
1105
2321
2432
2358
1015
1114
4333
6250
6002
2645
2856
3082
2868
4113
2206
1749
1690
962
1074
72
2749
4369
351
2072
2232
4094
1907
1909
938
821
2089
1592
494
745
1142
1606
1846
1140
7312
9863
2741
1126
2460
2370
126
1852
1351
776
1077
742
464
3400
3328
1906
4520
3525
1064
866
1586
3934
4140
1828
2549
4731
8361
937
2293
874
1814
2077
10586
1136
1619
5561
1633
995
1226
2408
1688
2135
5315
1051
4391
5302
5419
1350
2374
1600
1294
2198
2213
442
1600
1262
3726
844
2861
574
496
1158
1162
3342
1342
5456
5376
1787
3551
2560
2411
1117
4137
1739
1612
473
984
1283
495
857
1428
1264
1321
1812
2217
3597
3338
1564
1641
4458
1405
3598
1379
2293
2101
5670
466
2304
1520
357
907
1191
78
433
486
284
400
502
603
1489
1339
1375
950
863
990
2510
2077
1877
2632
2441
1567
1278
2093
784
1437
1226
1271
845
846
738
375
1040
752
671
635
1368
4601
994
3489
1153
1987
700
858
586
2321
3637
1245
2645
1833
2329
5961
5065
2303
1970
596
2823
2116
4164
3947
1004
1693
4923
9570
7433
3624
215
339
2219
2006
998
2534
2861
1731
409
2340
5014
5488
2711
2359
2478
1670
1489
1394
1666
4514
548
1239
2574
1974
3045
1504
888
3522
1410
8620
8554
8748
1106
2342
3575
3804
2540
31
1304
1464
1237
1517
676
2231
857
3758
1699
2362
266
396
1726
1084
1210
1169
928
1005
759
3249
903
2631
1804
3183
2543
904
2040
8149
1619
652
4588
2638
1622
1568
1504
1283
2251
2830
976
3367
916
2468
4782
1447
2947
2097
6726
1838
1268
2929
3087
2126
2241
1851
1803
4560
118
803
1066
1375
842
1909
1387
2565
2315
1974
2694
2556
2230
3036
2912
3726
1492
1646
5464
2077
2204
2074
3336
3148
5389
4714
2276
6553
3042
372
2326
3415
2640
9221
915
4786
4600
1769
5803
2362
8106
2524
2111
5137
1240
3905
71
2310
1829
1723
1656
5537
5371
4183
4628
4814
844
1317
5495
2895
4708
4216
2197
3807
3063
1024
1594
1363
2394
2303
4570
1273
4679
3212
4775
3931
5336
3238
2872
2264
1434
4535
1550
6570
2900
2749
715
3072
3504
3678
895
3384
5289
5658
1101
1167
2356
1972
381
693
676
1377
2704
1359
1067
1934
808
3351
1549
1117
514
3112
2996
5627
5201
3028
1934
2014
2115
2062
3924
3789
6155
382
990
3448
2914
3460
2363
1471
1540
1525
1323
3095
944
1253
1586
1423
1521
1230
1469
1772
1340
1635
1570
2420
3204
3210
3576
642
438
1549
1793
2203
1000
3921
1067
4058
4061
2355
1589
767
6959
6875
6913
6829
2343
9290
9632
1384
990
3680
3225
3073
3817
3217
3961
1428
6939
6854
5287
2155
6325
2018
2185
1828
2493
1041
4661
2653
852
1107
1212
7333
1806
3186
6311
6317
6308
5661
5544
574
470
10834
27744
1726
5809
7370
10197
723
1576
2949
6816
2785
4600
3173
683
1659
2147
3455
1510
1887
6550
4323
1668
1549
2288
1165
987
4526
3690
1600
1246
1578
4126
5583
3214
2184
2557
1016
529
4156
3466
3570
1898
2566
575
352
404
903
1849
3414
1309
2347
2476
3742
2522
2029
2774
2301
4125
8064
3133
2393
2140
6356
531
1130
4662
1602
2177
1439
5756
4734
1642
3222
1632
1805
2786
2028
3222
2405
1201
1936
946
1416
1352
2289
2028
3065
1325
5524
5374
2611
1579
4501
6533
4138
1506
8940
5400
2907
2769
1196
1358
1050
4133
3512
1122
2250
2265
2486
2367
2317
1223
1648
477
2502
2345
3380
3004
2588
2658
2694
2520
2616
2376
2255
2185
2514
740
5302
2095
2172
1668
800
635
1143
1804
1690
1604
286
367
676
2689
2556
3184
2487
2506
2662
1821
2034
503
4163
948
798
833
1463
1473
1369
1377
506
1405
3366
2513
4654
2495
3520
2065
694
486
1112
1197
4626
1577
1652
1818
2730
1522
1913
1170
1024
1336
1195
2157
1774
2427
4096
4864
2364
1909
4738
1940
2432
3070
1520
1282
2911
1001
7096
8437
4312
4505
2893
1221
5301
3361
1640
5121
1737
1198
1318
1285
3832
2754
2827
1331
2169
2436
671
2744
2065
2751
2590
3702
3017
979
1331
986
2141
1952
4265
1229
4660
4053
3275
2210
6338
7011
1099
1899
972
1091
803
2055
1969
1971
1297
1511
3094
2905
900
809
3271
1820
1945
1713
3474
271
1215
2312
1126
1747
1683
3540
2055
1969
949
4820
2054
1968
2236
2236
803
1100
1025
1446
1286
1206
1581
1570
3613
525
1228
2391
244
148
2447
3220
4926
1322
3316
1529
1788
3978
4526
6388
1605
3192
3651
2795
268
1042
3920
1134
7032
927
3900
3510
4836
625
2104
4534
4167
4210
11715
6493
6361
6111
2071
798
99
270
10517
1600
2817
1228
1233
1470
929
531
1685
1592
1847
4278
1370
4841
1410
4668
4344
5728
3852
542
1834
2571
1525
1770
1362
1693
2235
2368
2738
2948
1514
1245
2278
4152
2857
1470
1364
2219
1504
1478
1307
8468
8533
4195
1119
3010
51
1146
14198
1202
1639
1024
891
1986
2500
2991
10769
3007
2439
1724
386
5683
2439
1233
1340
1516
2804
2275
3820
1191
3913
3671
2052
2252
11563
2246
2083
6714
760
1902
1470
3209
474
3287
1865
1854
1076
2450
5858
2656
1170
1767
4040
4826
4933
4296
2722
1145
605
999
3240
2880
2422
1653
6675
1984
1092
2474
2500
1614
5773
5671
839
4297
2936
2133
723
3940
1918
4129
3221
837
1878
2010
2400
478
3427
1297
1360
10263
1105
1582
902
1204
3731
836
826
2574
874
764
1109
1513
3771
3477
1415
4162
3419
2062
1953
3448
2393
2433
1970
1504
6764
2428
4525
2810
4995
3933
1769
1207
3684
1644
2475
3388
3385
1191
1287
1980
3649
8127
3261
952
3455
3830
687
2526
1902
1562
696
3442
3305
421
383
196
563
623
621
569
3076
2008
602
389
4174
4376
2624
2624
3384
3800
3764
15551
1508
1882
6896
1961
573
3292
3167
1853
1769
1827
4606
1886
1497
1748
2358
253
1796
1641
2722
1380
2270
10325
1123
1893
5012
2220
1229
1289
1459
5180
1457
3109
2867
5422
4277
1328
5786
5682
4012
2457
4365
7872
5109
1084
1207
1060
501
866
1122
1437
1428
7455
4174
1290
1086
2361
3749
2323
2437
2171
2273
3374
775
3091
1109
999
816
2889
9586
9296
1376
73
3680
681
912
6159
3352
2731
2630
1948
2008
2854
1724
1400
4889
958
4818
2592
2491
2564
1750
1558
3192
3997
1742
2057
2283
2183
2438
1692
2513
3817
1625
3243
3377
4429
1918
1703
464
1253
4108
633
4066
3933
1920
2098
2192
2109
2366
2500
2951
1503
3864
2844
1739
3253
1972
1662
1515
1326
3590
1636
1585
1623
3211
2425
2374
2342
2291
2229
1206
1585
3740
669
5348
5673
2547
2581
770
5281
3699
5962
1004
7801
7178
3954
383
1455
561
1086
1884
2174
2294
1977
570
9284
9240
3591
3404
2741
2465
2833
3854
3329
942
3979
3610
1076
3765
2381
1549
1800
2163
451
698
2239
1963
1703
3680
1123
5133
2028
1608
1524
2105
3393
7232
6873
3184
2905
922
3254
1566
7040
5185
426
1202
1498
1948
3574
2183
5710
3412
2261
3291
3283
4290
1071
563
495
507
4207
1442
3424
1739
804
1888
1526
3941
6053
3393
1772
2865
1131
2264
1583
1044
1041
1338
7124
2092
3947
2547
1323
1432
2548
3636
3531
1111
470
1479
1613
1364
2037
4358
2420
4428
2677
4527
1468
1292
6428
1733
2923
2493
951
1125
949
1558
2646
3059
2899
3010
1555
1180
5227
1951
1471
1440
1252
5532
993
2578
4285
1149
2711
3303
1082
1213
4044
1276
1106
2877
3079
3111
2990
2783
3069
3230
3233
3618
1480
9975
5315
8869
8784
1421
3194
1016
1015
4974
5030
1235
4305
920
2463
1561
1900
1016
3707
3060
3241
5105
258
1214
1171
1407
2255
2341
2061
2975
2964
1456
4268
4765
4413
1080
1369
2373
3305
3396
5096
3125
848
1073
3511
2978
2642
3747
2084
1179
2313
3248
1725
2211
2113
1001
3611
2990
3421
1311
1387
2404
5222
2404
3208
812
3107
1793
2029
1005
3385
2283
2054
6339
2156
1837
818
2932
1409
9329
7139
2556
1991
4048
2713
5526
1976
2216
2888
1502
5351
1469
1435
1227
3883
1921
1448
4903
1327
560
555
5213
4684
3407
1417
1526
4004
7432
7426
5523
3600
6171
923
2422
1767
1290
2776
2874
486
344
638
437
4932
1657
4156
1416
777
4936
1356
2660
992
934
2119
2163
902
2911
2676
2662
4960
4602
2360
1814
7097
6923
695
3203
1143
1350
1602
4843
672
1308
90
1818
1989
1741
588
3937
2519
2428
1039
1608
193
3948
2513
2509
4996
958
2432
1805
1114
1133
1061
1014
1327
1921
3357
2946
1592
220
883
4910
5305
5283
5077
2352
2235
3548
3563
3520
3418
3331
2703
1013
1274
744
1220
7393
2579
776
1876
889
4027
4222
1883
2260
4182
4027
2566
2581
1523
3959
1261
4237
3961
1009
640
1068
1261
3959
984
981
3182
3251
1246
781
1261
3107
1261
1020
2938
2107
1587
792
741
2090
6334
2255
2386
2116
5152
5451
2509
2610
8521
5278
4924
4066
5374
5972
5594
5512
12584
1227
3735
3600
2157
2701
4843
4541
4927
768
890
4451
4358
2242
1435
4418
921
2288
2969
2015
1137
3778
4717
4880
682
1175
3429
4249
1661
133
4287
3229
2021
1899
2951
2910
1012
1153
687
3059
1480
2422
4390
1487
1011
4817
7815
7741
7659
8049
1348
779
392
695
687
2396
3564
5265
3832
984
2789
1484
1361
2687
2372
1503
1577
1459
1003
2773
2015
609
1371
1296
376
522
364
160
852
757
6911
5158
4755
2200
3891
2201
3376
1081
1089
1478
553
643
2690
7569
1685
7962
2836
5318
1779
1422
2331
6737
2633
6481
12341
6042
3441
2220
849
1493
4506
3030
3060
2955
1426
2154
2786
2222
2710
2929
9305
1277
2890
6996
6700
3132
8991
976
4330
2965
2205
2040
2491
2726
2717
2734
2729
2767
2562
3380
3162
1099
1726
5153
3991
1991
3614
2440
2448
2537
5710
1371
2891
761
1890
1173
4234
1049
12018
4349
4172
7027
2783
2755
3517
1032
640
4719
1132
5847
2706
1926
1966
3036
1826
2070
2681
2654
2372
1204
1636
2264
1144
1170
4772
1205
1604
1350
3192
1113
1529
2875
3332
3878
3503
3592
1782
1918
1795
4245
4621
2062
2525
2710
1956
853
4531
1908
4860
2227
1949
1430
1208
2139
2695
3233
2240
1969
3426
2073
560
1227
2779
527
497
818
821
662
9635
3066
3863
3901
2499
1652
2102
2384
1984
2718
794
1576
1452
74
71
70
65
3270
2831
2139
125
1138
2781
1378
737
619
733
1182
1262
476
813
1526
1411
4695
7328
1132
4527
1040
1068
2077
3369
8732
3754
1749
1972
2050
3395
2392
816
2201
1958
2944
3364
2706
1038
2176
1151
1464
2714
4806
547
336
1749
454
2659
1981
1717
1787
2219
1340
1187
579
2588
6041
5726
5800
5962
783
1910
239
1084
5595
5450
6815
5969
558
405
646
656
993
196
173
2267
2097
1749
1228
2005
1955
990
2348
2848
2706
1594
3647
1004
3015
3443
1947
1090
921
2448
3058
574
2291
1649
1553
2225
2130
1624
2346
677
528
494
617
687
4298
3170
2997
3321
2992
3655
347
1955
3690
811
730
2202
993
597
815
4615
1800
3706
3525
6586
1570
359
809
383
474
526
3735
1818
3507
1792
1620
1902
2330
2117
2524
1233
1965
2056
1208
3417
2485
658
2186
2019
3154
127
1578
2869
2810
4703
7933
1316
1254
879
1988
1882
838
4795
888
1178
574
4261
4030
1377
2150
1922
6036
1392
549
252
562
515
515
512
428
2850
1515
3897
449
2387
127
127
1511
1133
5263
4729
797
4403
7164
353
1851
3832
1164
980
941
1023
4695
1323
1955
1503
3088
1887
965
1607
1564
1431
4789
3246
821
4727
1047
1047
6989
2356
3180
2265
2262
929
1044
88
3881
3855
2461
1596
1426
2615
2355
3878
5741
2198
2221
1939
955
2406
2496
1764
8212
816
9748
1215
3015
3737
2074
2417
1425
1128
871
744
1379
990
1162
1411
2248
2753
3116
860
1189
1189
5809
4016
1222
2032
1837
3133
1175
2785
665
829
5324
1777
1434
2056
1119
2041
2087
6526
2192
1190
72
4097
2577
2504
2268
2223
1269
1665
4842
1705
4924
1272
1247
3582
2378
1589
5311
3172
4073
4086
987
1501
8410
7503
2380
2014
12892
1225
2534
3738
2158
1986
1847
1818
3264
3347
1273
3665
2378
2147
1809
1205
1421
2151
2281
3746
2588
2533
9175
6175
1769
195
1933
3549
1341
1171
3922
3932
2484
2380
4363
4801
1330
876
1357
2329
2329
1765
3262
2196
2010
2785
1902
1628
1856
1902
1618
4312
3113
3199
1223
952
3797
1102
1758
1216
3326
6377
1778
1661
4999
2817
1212
978
8486
2102
135
1609
1067
655
346
4623
2561
1940
902
888
886
3326
1542
1843
4997
3574
1632
934
1140
1921
979
1479
431
934
1632
981
9170
1090
4054
3370
5315
1774
1774
1776
1881
1774
1353
590
1874
1353
1277
3612
2255
1488
1595
1148
2373
937
937
78
1316
496
436
775
1149
1040
1870
90
83
2278
3517
1181
2242
2558
2299
2914
1148
2016
491
3311
262
1966
1920
1277
3021
2032
1849
1530
3951
2525
3322
722
2697
2601
2598
620
1817
5724
1585
2655
1894
5892
3099
1279
1421
1294
4725
2864
1357
3219
1702
6336
2592
2012
1942
2398
2411
920
958
3115
5336
5134
1383
5548
5400
1870
2051
1839
1795
2316
4052
781
2918
2688
5627
5577
837
957
660
467
374
934
3144
3593
4219
897
1106
1007
1826
2164
3833
1942
2834
1904
1853
4120
11900
2564
2770
2745
1894
1928
1166
2406
903
1097
892
1631
1498
2030
2001
2216
1404
1586
2635
1403
1171
4395
1078
4014
22
2600
2474
2455
2011
3691
6052
3241
2535
2888
2311
2114
2084
968
888
4419
2073
2015
3139
4775
3797
5160
5786
1915
5000
3555
2554
2430
2314
4498
2302
2343
3883
4629
8421
2617
2388
646
4088
4102
1576
1394
953
1842
2924
2703
2725
1846
1961
1814
3969
1489
4110
1171
1343
2185
4326
4227
2027
3653
2237
4255
1367
1351
1418
3782
1897
1635
3192
2967
2089
1701
534
663
2372
4110
3755
3115
2131
2332
1871
1943
1728
1965
1907
1555
1624
2479
3034
2224
1745
4953
5220
2446
2587
1844
1559
2042
2059
1173
2142
1624
1310
995
1982
3901
4874
5018
1938
1664
1227
2106
1816
1580
7485
7324
2264
886
2323
1517
1011
898
2025
2907
2688
2571
7621
7841
3413
5228
2651
2554
2551
3582
1100
764
4975
4112
4452
1523
1486
2185
1749
2519
2325
3189
2149
2478
1157
2451
668
1185
1303
2675
1918
1330
1672
1853
2589
2583
885
17806
1565
19256
3156
4071
4036
1253
2126
274
1593
1901
415
2602
2076
2195
926
2497
2206
2161
3182
1392
1973
2627
1240
2324
2637
2187
1600
1677
3517
1651
1503
137
2160
564
834
1137
2334
3798
2317
3033
1401
2977
1670
2274
1950
2359
3167
2916
1617
1218
1100
976
956
1555
1088
1666
914
2419
2796
1002
2755
2651
1145
1572
3623
3424
3224
1096
1417
1709
972
2151
1079
2768
1256
1497
3031
2220
2247
906
4364
5073
2356
2418
2348
1848
2671
4611
2702
2557
1175
3965
2257
615
4263
1967
627
1095
4975
5062
2782
2852
1511
1240
3262
2993
1697
2960
2997
3934
2131
2833
3099
1554
2726
2717
2714
2672
2143
3141
7930
1847
2211
2243
2389
2613
2599
4140
3065
2583
570
2399
2262
1664
1856
1656
625
656
2094
1974
3033
4375
4220
3224
3400
3515
3626
4117
1352
2952
2164
2257
994
1041
5623
9214
1583
1546
2615
3370
2421
2347
2542
3117
3503
5863
3692
431
3815
5625
1747
2307
2303
2373
2066
2790
2533
905
507
815
741
2289
2203
2052
2057
2096
1896
2265
2053
2214
2270
2109
1950
2096
2451
2167
1963
4027
4023
3528
3177
3244
3185
1254
848
1708
86
5664
1378
1451
1165
3335
3182
3521
3933
2481
2474
928
1883
2513
2331
2080
2956
1620
4395
5262
5148
2945
1909
5872
5384
5139
2037
1570
4299
4242
4208
1560
1404
2843
5456
5447
3638
2694
6527
6503
6504
2135
3411
1835
1785
6757
3038
3342
3135
3142
6055
5802
4899
3119
4526
4146
3047
3134
1361
6513
3357
3207
3012
1344
4555
775
7434
2617
4046
3845
3068
3656
2843
2239
3129
3687
3578
2188
2284
2234
2051
1506
1871
1861
1926
1444
2272
1953
901
1775
1610
4794
2901
11001
1194
2065
2914
2982
2092
2089
1883
3265
1981
945
793
2641
3245
3213
3062
4853
2463
5339
3782
2430
1833
3032
2800
5609
3808
6806
1303
6991
901
3586
4804
4842
4932
4998
4894
75
3512
1374
1477
4384
844
3590
3842
2396
1529
1333
2286
509
2265
2215
3340
4052
3629
1791
1313
1120
1100
7286
822
3327
2356
1473
7116
7680
3591
2485
3341
3763
3572
1394
1621
1449
3242
3510
3324
3877
2769
2633
2718
1094
1917
1886
1406
1033
2589
2670
1234
1950
2940
434
2973
434
1211
477
2658
616
2652
966
841
431
1111
3810
1859
1756
1462
1736
732
974
974
1014
2703
1014
1014
841
2703
2580
6257
1594
4852
4815
2837
1235
280
1703
1813
2012
1987
1561
1206
4630
5598
583
629
6896
3255
5254
5133
2896
2478
1299
4279
1531
2163
2138
1994
1206
4630
5598
1975
1127
1990
2665
616
841
2703
783
1847
1847
2787
616
1746
1746
616
841
841
827
616
2703
1950
2019
3176
3073
1068
25
783
3831
783
664
586
1072
12267
626
1336
1809
998
1049
409
1814
1099
454
2222
2836
1042
2301
2534
3128
3329
885
1641
2018
2053
2399
2315
4591
1499
1431
1410
4004
3757
3039
3947
3188
1526
2140
2238
2430
1115
3407
1839
1004
1114
3686
2438
2799
3491
1913
1518
1284
6590
6431
5394
2953
3249
3027
1951
1097
455
1103
850
885
1911
3270
3029
1713
760
287
269
907
356
332
479
1630
3389
2201
3795
2723
2583
1917
1498
1066
5424
3033
3078
3448
3994
526
3167
1197
2774
3828
1688
2204
2059
2720
2850
1776
1696
1071
1033
2880
1175
1148
1143
1178
1492
994
1530
1696
1768
1469
1396
1327
1021
1087
1060
1210
1014
1332
529
2785
1850
1964
2156
2230
2444
457
1961
381
701
1961
2528
2195
2741
2892
1702
1159
1457
1478
824
1540
2517
4422
3276
1145
1783
1923
936
5166
3446
591
1396
1944
537
3304
2993
2865
1826
1932
1911
2227
2258
2209
2034
1316
1484
1787
1170
623
2218
1431
4146
4365
2861
2606
2081
3120
2408
1170
3310
706
1503
1440
1170
1293
943
937
940
1007
976
953
972
941
994
938
953
2621
1281
988
962
928
1226
918
923
1956
3883
4405
773
3583
2520
2223
2586
2403
1633
1926
1921
1836
2374
2263
2215
2159
2111
1700
945
1160
4451
4600
584
2172
2405
1587
2229
1761
1620
2353
2212
1670
1936
1456
2056
645
2472
1447
1295
1709
2493
3161
1359
4562
984
1948
6609
1530
972
2551
2402
1518
1101
2172
1360
2125
3626
1289
2374
2900
4753
3411
2116
2170
2954
1848
22
1684
1811
2197
171
1585
2504
2931
1962
1177
3164
852
2195
1896
3016
1974
2427
10383
7424
5233
2866
1919
3214
4077
4483
5436
1659
2378
2888
10967
3555
781
1527
1231
1887
4721
1807
1077
5753
1131
1854
11554
11917
11854
12163
3266
3311
3263
2561
49
30
31
3678
4532
4267
882
2416
3222
992
879
991
1388
2360
4491
2865
5913
2276
2168
1732
5111
5001
4616
2604
6630
6697
6678
3938
3607
2177
3823
3796
2740
2544
1080
1316
1911
1120
1126
5063
4723
3323
1960
3791
2687
2494
2379
5011
1768
6865
7277
2105
4154
9279
1613
1129
6140
1936
1960
687
3812
2621
2752
2917
1161
4095
475
7601
3302
1734
932
5303
1748
2622
1226
51
36
3005
4231
1602
1890
3474
3343
1848
2486
2349
1290
7521
1393
2206
886
2490
10135
9942
10034
3939
2021
3339
1935
97
1133
3458
1852
2042
1918
482
1352
727
325
3421
1928
2654
5970
2494
1361
977
1552
2747
2980
3041
3764
2881
1061
2708
1338
189
4217
2362
109
2321
1921
5105
5189
3636
3147
3486
3552
3418
3486
1684
4470
4032
3681
1573
3315
4285
437
2659
2142
886
1988
2225
13011
2575
2609
2525
2510
3987
4689
4573
4195
4190
4175
4214
4069
4009
4076
1682
2850
938
1014
4001
5658
4818
5122
3382
2331
2351
108
83
7329
131
1757
5230
34
35
32
1214
3130
1585
1183
1247
3180
692
3264
2676
3676
4656
5310
2632
2581
2324
943
2042
698
2025
1917
1188
698
4084
6161
778
2260
2023
10445
40
30
901
7534
2686
4551
1434
4459
3146
3192
933
2691
2568
3429
3294
3048
3557
3454
3091
1788
2832
1793
1863
2277
2761
2658
2603
1553
2603
2673
2522
2601
2354
2381
2710
2363
2494
2564
2503
2217
2574
2327
2342
2375
2423
2112
2408
2161
905
1521
2063
7005
1101
3421
1029
10444
10404
10119
1896
2660
2655
3123
6423
6435
1058
2289
1821
751
2352
2250
2121
3040
2933
1177
3772
2799
1187
829
1123
1070
839
4391
953
953
929
943
943
937
1007
938
1042
938
935
962
962
938
937
1109
938
953
2545
2536
2065
1604
4403
4297
4238
4148
1876
3553
2058
131
1921
2276
2409
2628
1305
2434
3155
3030
4537
4507
4535
1086
1211
943
1266
1064
3182
3312
2626
1510
3751
4268
3199
3868
1572
1691
953
954
2789
1369
1665
1690
249
1534
3868
1110
5351
3830
3897
1453
4900
2462
3470
2118
2326
3851
1315
993
2324
997
5081
626
3216
1648
1325
1284
955
5195
87
5196
87
2461
1217
1382
1492
4208
2426
1119
642
948
2948
3287
2785
2317
2942
6046
5971
2335
6531
2943
1849
2433
928
3031
3306
3129
3408
3321
3755
3876
3755
3551
3984
2721
2596
2567
3168
1256
1973
4429
1683
3344
3245
3164
3106
1450
2212
5905
5603
2241
5172
2178
4070
4061
3959
4022
3932
3821
3800
3734
2788
2010
3816
4589
6064
851
826
6660
3380
1047
1491
2054
1831
3006
870
2379
30
4400
3380
2983
2499
30
3288
1743
1351
6052
2153
1853
1815
796
1288
332
30
808
3292
1748
1856
803
30
332
1288
1815
2153
1853
332
1416
2619
2580
1950
543
2975
806
5274
1983
3590
3385
2339
4184
3833
2487
1047
2487
2845
2343
3648
3307
3166
1055
979
4608
4485
2419
1185
697
2159
2371
855
9242
9227
5761
5746
5793
7012
6901
6814
7042
7027
6961
6952
2517
3456
3547
2172
3987
7480
2881
2822
1250
1110
2791
2874
2697
1810
8665
1332
3587
5946
5479
2087
2613
2008
2724
3261
2606
3639
2218
2609
3191
2020
2565
3065
2995
2885
1286
91
1586
1580
789
621
2182
1727
929
1283
2235
3144
2012
1786
1164
696
2937
2790
2175
2068
1996
3129
3030
1121
1933
1942
3689
3395
1960
1168
4374
2319
2232
4444
2199
3794
2180
1451
2660
2347
3176
3063
4964
1846
2027
1605
1547
2461
2029
30
35
31
36
29
33
3013
671
1267
4299
4567
1594
701
5918
2103
2090
2597
2803
3689
2375
2125
3116
7591
5887
4621
98
640
648
1024
1713
1565
5375
3512
351
2649
820
2403
1093
1578
1398
1198
1195
3649
1246
1668
5975
2579
2516
2441
2378
1940
1707
4033
3662
1142
7078
1022
4822
5798
4000
2293
2293
3744
1568
1188
1140
2221
2333
7671
2264
1472
1961
2132
1798
1634
5761
2967
3247
2992
2294
12514
12386
12560
12616
12588
1175
2113
4136
3326
3553
5995
4242
1794
1922
3555
4397
686
2656
2756
3095
2914
1063
3710
570
1398
6020
7604
1040
3558
3112
2367
4552
1834
1875
1253
4053
2071
2278
1781
2739
2805
1312
1498
1663
1763
1958
1256
5043
1084
2024
691
906
4544
1389
2671
1080
2796
2807
5411
3101
1395
10702
10829
11003
2060
1178
994
719
1650
2957
3592
3240
2015
3528
2118
3009
653
2973
2623
3928
3950
3946
3775
3877
4026
4014
3521
3389
3389
3217
3104
3108
3391
915
1219
2618
2228
3212
2606
4134
6838
7585
7692
7608
1191
2119
3145
5791
5245
3888
2400
2190
1154
2565
2078
5249
2379
2045
2062
2126
1892
1105
1962
3710
1854
2561
4720
3800
4082
3687
4636
4633
4291
4288
1339
994
1103
950
2104
2081
2376
1488
9472
2240
3846
2171
2619
2112
5769
1073
2569
2404
970
4752
1031
1017
2259
7366
5942
3278
6813
4047
1039
1890
1776
2229
1615
2134
1784
8052
7354
2411
3264
2992
1579
3282
3009
1179
2267
889
1598
1611
2170
1141
488
2763
2658
2955
2739
2902
1603
2678
2675
3267
2955
1233
1151
1125
2773
110
2077
5521
5518
5512
1881
1743
1830
1227
1801
3019
1221
4284
937
1000
754
677
862
785
1154
1607
3404
3537
2764
1416
1706
1066
991
725
733
700
1080
1015
1903
2861
1828
1623
3950
2622
2479
2762
2676
3523
2416
1477
2006
1939
964
2036
1806
1841
1853
2139
1805
3012
2546
943
953
653
1052
974
2648
974
938
1184
1027
971
1064
937
964
940
940
946
927
977
950
937
965
932
938
980
953
944
938
956
962
1006
3021
2921
2825
2755
974
962
965
940
952
937
946
940
1096
956
958
971
961
3422
584
636
1042
746
1067
984
747
953
2698
2270
2477
2358
2717
3215
1583
1612
880
5678
947
926
992
3524
3428
2727
2438
2453
3029
3797
1487
2987
1694
935
944
944
1605
6085
5861
5896
2284
9751
2775
1533
1435
1354
1564
980
1828
4926
3101
2852
3994
2188
6035
6366
5748
1467
2461
1326
4448
3704
5327
1219
2544
2348
1342
2196
1463
926
5935
2937
4064
3831
3541
7291
2309
2106
1098
716
569
2034
2158
1954
2052
1869
1044
2251
2903
3001
3666
5854
2543
3074
2665
997
5868
5432
5497
4517
3871
3994
3912
3760
1707
2251
2515
2336
3027
3110
839
1224
1165
2632
1711
1062
1593
2291
3825
1090
2658
2306
4523
759
525
753
2305
2399
3125
2822
2938
2267
1011
3572
949
869
604
3830
3768
3601
3477
2570
1327
2805
1048
3396
64
31
36
37
29
30
40
41
32
32
29
29
29
27
39
30
42
28
31
29
41
30
54
3116
4202
3602
822
2948
3382
3582
3611
5293
4474
2207
1954
1606
1578
2307
2676
2279
1004
2115
2106
2013
2131
1189
730
1695
1493
3279
1327
2627
2569
2721
1176
929
917
929
988
915
928
2179
928
928
709
928
1444
985
1034
1111
931
931
938
928
944
944
941
985
1625
1265
931
944
905
1833
944
973
932
937
946
923
937
1075
1022
934
937
958
949
973
931
922
917
931
916
983
928
895
2693
1260
1262
1893
1981
1653
1291
3047
953
943
977
977
959
943
943
928
943
928
1877
1917
971
3541
1596
3347
3595
3782
3759
935
973
944
943
1418
2825
2725
979
1389
1412
2829
509
1374
3588
1423
3209
1137
942
2213
4152
4414
1098
3085
1877
2334
1933
2258
2495
1835
2012
1633
2904
3145
1112
3579
3513
1344
1062
1634
842
990
2649
1549
1831
1042
252
1904
566
1193
1023
3063
1009
2271
2384
2326
5581
3281
3399
2860
2013
2021
2129
850
1058
941
1040
472
645
1582
1384
2061
3090
1723
3363
2796
883
3291
110
85
878
1284
1390
2796
1128
1530
881
2937
1563
1683
2074
1856
3647
17357
8705
4556
3705
3607
2601
3269
2610
2157
903
1404
1009
1362
1577
3098
3016
2895
2723
1973
2503
2274
2300
3192
1117
2594
1075
3079
1279
3084
952
750
1284
1184
1555
850
1759
2166
1455
1201
1108
1119
1548
1213
392
2849
926
2569
892
4447
4033
1264
965
2242
497
556
1116
3675
1060
1419
8843
377
918
2147
221
983
2920
2501
3822
3601
3220
2936
3014
4131
4181
4311
3966
4914
2353
4416
612
1037
2261
959
2534
30
274
962
630
1795
3904
4067
94
1004
1531
4906
4401
3902
6791
1506
5451
5409
5133
3183
2188
995
4276
4334
4375
491
4051
5564
2180
2934
2705
2028
3447
3281
1500
4398
2773
6122
6164
7290
7709
7667
2892
4618
4505
2307
3267
4055
4052
4275
3905
2614
3421
1979
467
1003
898
1956
1852
1604
3559
3991
4059
1351
1673
1531
1734
1532
1181
603
731
2054
2339
1889
1779
1657
1544
2123
1865
1541
7417
4909
4322
2333
4061
1069
2709
3144
1903
1388
1577
944
1488
1449
1275
1023
913
1346
1067
1283
923
398
1281
1402
1209
613
2739
3017
3277
3791
4000
2990
3126
2757
3205
452
1263
9828
9877
10142
4981
8757
8836
4117
1414
1908
1898
1953
5545
5470
5224
6157
6127
7034
914
4593
3941
1735
2590
1012
2491
2002
1899
4324
869
1785
2331
1994
1795
2563
2228
5032
5107
794
1119
3286
3784
3861
3475
3525
3510
3420
3509
3385
1325
4514
4175
1894
2442
946
771
1082
814
791
1050
2529
2238
3749
1233
1047
1117
1248
1229
1411
1214
1198
1036
1084
2353
2603
2029
4555
4269
2519
3215
3396
3273
1966
1063
2599
2302
765
2289
1772
27
2296
2256
3012
3012
566
3789
6466
7763
7110
88
701
2045
2029
1003
2614
2675
937
941
943
971
934
934
2102
913
926
935
941
940
928
935
931
980
1049
2125
1048
1645
3630
1015
4195
908
1842
1773
1692
3619
3548
3588
1389
2385
2222
2114
2680
2523
2645
1506
1611
1985
2858
1729
1707
1930
1966
2025
5242
3427
3978
4032
3762
6035
3811
3345
922
999
921
2852
4025
4081
3894
3194
3074
3009
6325
6339
5746
57
2030
1217
1343
2030
1429
934
1786
1271
1115
507
1683
1790
452
866
792
1327
1332
1571
1323
1375
985
1167
1128
1909
696
3618
1370
2284
2311
944
1080
2469
1169
2428
700
3953
2315
1059
9515
1845
1931
1387
1842
1100
2929
3106
2749
1776
1647
35
33
2795
2234
2162
2155
842
857
2616
1083
965
2956
3124
2009
2049
1586
3198
2007
4747
3272
2714
1787
3178
1389
2822
2800
2835
2895
2034
1592
1497
2294
2036
2497
962
1033
1226
2005
1264
2262
1112
995
2086
3305
3331
4610
880
1955
2143
381
381
2142
5000
3783
2006
1623
3499
1143
30
3888
739
1019
962
1236
1501
920
2106
2376
932
1054
1063
970
2207
2145
929
953
899
1428
4889
1930
1183
659
1036
4387
793
2863
2803
2159
3265
1937
1224
3498
3578
4847
4928
4921
2075
3679
4411
4391
3183
3453
3203
3170
2310
2127
1921
7092
6821
7416
4243
4427
4558
4552
4339
2005
7928
8153
631
2727
3063
2657
2400
2311
2334
1661
556
1848
1283
2662
4341
4826
4449
4254
1845
1271
2850
1095
4661
5828
5466
1986
1577
4184
3024
3107
2632
2317
3478
8236
1198
1309
4651
4208
4296
9963
6255
7001
3274
4193
3967
1440
2309
3337
3297
1388
4253
4252
5732
3977
3385
3271
2139
46
3591
3448
5876
5951
1442
3998
1088
3527
1903
2255
4144
4286
1005
4722
2606
2148
395
1079
640
2209
1040
2555
3288
543
986
3426
1838
1219
1188
978
1691
964
3849
3098
2628
1597
3083
1726
747
940
3792
3795
7479
2083
1189
293
4116
1776
821
932
1532
1918
2087
2068
1219
2233
733
2231
3905
3032
3901
3561
4648
2584
1051
2170
1220
1889
1780
4042
3910
906
2694
1176
2009
1753
2555
2484
1538
1220
1196
7592
1663
2184
2178
1937
6623
2790
2942
1819
2349
847
904
489
1828
98
2161
1354
3947
3763
3236
3021
1731
1790
2010
1007
950
938
943
938
935
938
937
938
937
952
928
941
1503
3657
1463
1316
1377
2985
1887
2112
3161
4721
3692
5360
1972
684
5316
3116
3299
951
1992
1963
3063
1513
1621
925
8259
8319
1161
1815
1851
902
27
940
658
931
3201
5355
3838
3836
3699
2385
1803
2131
2110
2345
1239
1258
1637
1217
2212
1435
1459
2831
3630
3164
3074
2542
1438
1003
1926
2448
2322
1691
1305
60
1306
2296
1940
4165
4132
3816
1023
707
10456
10291
10360
2518
8475
5222
5066
2006
5051
724
1508
1216
1873
8151
3478
2903
1163
2864
2773
1070
2044
1984
1975
1960
3165
5814
2185
3268
1020
10389
10389
2824
1424
1592
5835
2688
3159
2303
878
5036
4899
1751
8021
5336
5581
1603
2535
3666
3875
3779
3898
4267
4351
1696
2822
1224
4811
4527
1193
1317
2248
1383
3433
3072
3069
2065
1982
1786
2258
3713
1375
2737
1601
1690
1232
3982
2148
2002
1401
4225
3052
3093
969
3719
3860
3871
3824
3803
3211
912
1012
995
909
3311
2160
1629
1130
7214
4515
2029
1227
3100
2771
3828
3663
3900
3553
3790
3543
3569
5807
5408
3029
3248
1239
2275
4262
2112
2550
1163
2207
1075
1172
2225
3700
2438
3309
3743
944
848
2979
5328
4258
2106
1512
4293
1916
1180
1427
5397
2030
3903
1255
8231
1036
1567
2069
1471
1696
1840
5085
4482
3473
2257
1121
2763
4544
4174
1206
1159
2971
2449
2299
1513
2500
2735
1049
2544
2467
2162
2229
2610
2445
1183
1573
2171
2291
2531
2771
410
1286
3745
1192
2455
3257
1790
1500
29
1251
1106
1878
1853
1660
1641
3019
3609
1496
2214
2243
2082
2111
1444
3708
1051
2475
2088
3340
1966
3262
3380
1572
4178
4181
1483
1623
2712
968
1425
2618
2447
2789
8708
8522
5658
5634
5651
2657
2347
1687
2628
2939
3528
1000
1023
1015
5478
3401
3952
3877
8524
1689
3278
3005
2915
3661
2720
2615
2519
3004
2848
2816
2721
3700
3364
3787
3894
3664
1757
37567
3725
1099
2200
3268
1738
991
2872
812
1431
1267
4051
879
1001
1070
1886
2790
3209
2815
3348
3843
5093
5288
2088
6475
4748
4968
1551
1072
1628
3718
2443
1911
3375
1218
3310
1280
30
574
10714
2513
948
2527
4888
3331
4864
1654
1575
4089
1118
7064
2648
934
938
897
1018
4698
1763
2230
1121
1347
2087
1788
2510
2330
2246
2023
3011
1997
4099
3839
3521
2268
2272
2437
4274
3731
3085
3449
3300
3306
1258
1301
927
881
53
1522
3724
3547
994
4356
6470
197
2714
3318
477
2102
2260
2478
991
1927
3108
2551
1184
1237
3164
1476
2918
1348
2603
1273
4126
706
4257
6446
6497
6407
1898
2394
2344
2243
3674
1818
24
1847
1847
1847
1847
1847
33
6614
407
6100
3966
5233
4789
4627
1555
2666
2628
3926
3767
7235
5772
3098
2346
2394
3581
4588
2431
2018
5018
2878
2195
2838
2601
3894
1842
2157
4567
4426
3472
3656
2250
5356
4096
3979
2598
2439
2653
818
1449
2350
3210
2882
2604
2675
23
1008
923
2955
1359
2518
2232
2123
1878
1566
4838
4645
3860
5226
5218
2872
1703
1671
1868
3724
3786
3019
2381
1410
1616
2410
2732
2096
2579
1116
3249
2928
4174
1242
1807
1244
3778
979
27
27
27
940
941
923
970
1045
932
913
926
1036
992
974
1072
8319
8129
2821
1361
650
1250
1957
463
5146
1525
1088
3128
1310
2854
2927
4453
4118
994
1566
4723
3491
3678
941
932
940
2572
416
443
407
510
513
721
353
529
156
245
390
136
395
1036
327
31
335
474
1033
55
1048
1088
2346
1069
1330
2442
2351
2338
2253
940
2170
2969
3226
2610
83
5641
2154
720
2504
942
987
1193
2221
2053
2591
3830
4510
2659
3856
1679
1766
1726
1743
1703
3412
1913
1650
5670
4911
5486
4727
4403
4780
4456
4603
4567
4730
4852
4406
4528
5611
3279
4362
3505
4264
6230
814
1188
5540
2067
2068
2042
3836
3893
2810
3105
3102
575
2187
2164
1745
2284
916
976
7902
6635
861
1571
2911
3671
3754
1185
3165
1963
1346
2595
2677
4057
1208
974
5213
1883
1432
1726
6669
2743
937
4901
4361
4625
1060
1098
1592
4613
4125
776
4772
1719
2068
2006
3911
8478
8314
2448
3135
3704
2632
2536
2556
3277
1960
528
6016
5582
4325
3371
3357
3665
1355
2405
1734
2871
1999
783
2020
2036
2687
2733
3351
2645
1613
1542
2829
2758
991
2413
3328
1044
479
4339
4108
3077
1597
5240
3839
976
8988
3909
3483
1736
1442
3441
1812
2048
1364
1227
1103
4978
1841
4189
6058
5852
1900
2415
2522
2371
2518
4369
578
5462
5973
5925
2569
3465
2868
1604
3544
2550
1187
2146
1959
1883
1564
1594
1434
1493
1060
2046
3104
2005
2420
818
2647
1091
973
2699
2208
4198
3805
2048
3775
3989
2772
1545
1180
1221
837
751
2343
1141
2745
2101
1853
1262
6111
6380
6688
1242
2224
2914
6578
2067
3701
4104
2449
31
40
6208
4190
4175
3739
3069
886
3674
897
917
645
4530
3944
7753
1871
2821
2224
717
803
4363
4444
4797
2324
98
1177
2748
1638
1630
1654
1760
1524
1768
1664
91
4193
82
498
24
66
73
70
2099
4481
1290
1408
2501
1843
1048
6157
2179
3694
1000
2274
1226
2812
2337
2512
109
738
3776
1264
2367
1972
1876
864
3371
3437
1983
1585
1200
62970
1068
149
28
4182
3065
1690
24
29
5282
3031
548
1198
2021
29
28
8226
2459
27
35
30
27
40
1198
2021
966
530
941
950
35
3822
29
24
24
859
29
5128
5629
1110
1495
1403
28
1051
24
29
29
1138
2020
5245
114
983
1522
3943
23
34
28
4258
26
32
28
40
39
27
29
34
28
32
959
24
3405
416
110
348
26
979
32
28
34
23
27
564
4875
4916
3200
1856
959
1176
4102
4008
28
5200
23
26
2594
2645
1974
1640
4631
4716
433
2032
5478
680
2307
1425
6096
3187
2230
2737
12040
11413
3718
6991
1611
3004
1511
2815
2671
3228
3849
7371
3307
2406
2214
1541
3512
6098
5574
2872
1871
1346
1822
2281
1119
1519
1633
1776
1871
1119
1696
2725
1950
1193
2394
7448
7390
1950
1057
1590
1371
1660
1844
1842
1724
1552
832
691
1115
1742
2393
1758
4229
3489
3893
3251
3083
5575
5528
2305
2943
5228
1314
1434
1295
2435
29
29
40
35
71
30
30
40
30
41
30
28
10580
3256
6530
3175
1109
8270
3232
4214
1837
1611
1541
7176
3887
1636
2473
2414
3833
3439
3370
972
2512
2536
4312
3479
3297
2639
1403
3024
824
2401
2515
1119
31
33
32
28
29
42
31
62
30
29
31
44
40
44
30
31
39
38
37
31
38
38
34
2315
4815
85
871
1049
1626
4822
1028
2194
1770
2221
3636
1748
3388
823
2680
2422
1376
1381
2304
4215
3041
2664
1853
2171
2112
1995
962
5474
3906
5767
5516
5552
3529
2741
1479
1892
3765
989
1204
2096
1158
5996
5807
5440
2724
1309
614
1069
1957
2417
3281
582
2798
4225
6528
2806
1218
2699
2623
2483
2236
2854
3837
2469
1728
2676
35
31
3178
39
24
2549
2297
7001
6875
6996
1838
3276
1097
2113
4269
30
29
2735
2977
1112
3228
3333
3265
2695
1394
2563
2565
2486
2558
917
1001
1478
1167
1643
3225
28
3447
23
37
31
27
1431
2270
1971
1538
1141
1150
6602
1184
2979
1809
1632
1411
992
1300
2559
2549
2639
2816
2296
1208
1346
937
6297
1234
2991
1809
2158
633
1834
83
1111
6783
1972
6496
7179
2194
8110
2056
3280
3350
916
1208
40
670
1640
1256
35
1208
1817
29
2849
3102
3530
2626
3704
3761
3608
845
2475
2358
586
552
979
990
998
4605
1033
38
23
23
1053
917
1190
1246
7979
5731
1315
2133
2217
2017
29
558
801
449
2287
109
2695
8840
8543
1855
1740
707
1182
2351
4143
3035
2893
1042
1813
854
1648
1471
3806
23
1883
2975
4636
4692
2420
2750
5289
5038
1583
1525
1344
1508
2640
2865
1252
2558
2631
35
30
41
30
29
2131
3075
30
37
30
1394
2595
5108
3499
3960
31
29
32
34
29
2545
818
1160
2137
2025
5284
5534
3831
3075
1018
1283
7628
7149
3323
1289
1230
1282
852
3447
607
41
34
78
31
30
33
29
51
38
34
29
31
33
37
30
39
35
30
31
31
29
53
30
32
32
70
45
39
42
42
29
42
28
937
937
1232
1905
1488
1595
1439
2295
2207
2060
2607
1689
2296
1327
3205
3144
561
3067
1044
726
1335
1765
1582
1321
1551
584
960
2654
1208
1208
874
3406
1053
3867
4533
4449
1251
4523
1069
2190
1421
1537
7671
3766
3623
3764
5626
1049
2198
2057
1403
1884
1861
1363
2729
1072
5322
5266
1726
754
1987
1707
1577
2076
1939
1177
7146
845
1676
956
932
1022
1936
2303
2193
2050
1029
1399
786
3283
2877
938
983
2147
2178
1472
2062
1533
678
2649
2351
2422
2136
2139
3782
3581
2016
2242
2622
2502
3425
3866
6403
3756
2182
2291
2389
784
2170
7307
1352
3739
1684
1310
4007
4021
643
1044
2222
2245
2153
2053
5413
3208
2027
14444
4164
3432
2153
3438
1433
1317
1532
1387
665
4995
604
6726
6029
8783
1933
2990
3077
2939
2552
888
2629
335
122
1231
3827
3832
3925
1006
3325
3654
1013
3221
2676
845
7718
7727
1923
3932
2016
122
2650
1231
1777
1461
26
766
25
766
1442
26
122
2838
2331
1706
4495
4551
4869
1090
2378
2398
3048
1337
2690
2691
3931
2107
3503
3424
4703
12350
1870
1580
30
1227
3465
2828
1609
2012
1777
2150
950
4593
2540
2495
2435
2338
3803
2267
30
26
30
9492
3747
3401
2261
2156
2974
29
29
30
30
63
7135
2268
2521
2211
4419
1324
2011
3021
2118
1717
1753
1377
1328
3018
2118
1345
3832
2073
1970
3134
2066
833
3262
1976
1440
721
835
1256
2312
1209
1485
1313
801
1587
959
1013
2145
2257
2355
1427
1206
2495
639
3550
3418
1700
1784
1676
1800
394
851
1485
3454
3491
996
27
5317
2034
1454
2263
1733
1051
2910
2083
3482
1547
3209
2533
3333
1723
945
1776
2776
2820
2526
959
164
968
2048
2013
3494
3536
2566
982
1758
6113
90
116
1216
26
1214
1306
1312
95
772
1371
1820
7177
3015
1632
2015
857
1331
2023
1056
2209
4377
8110
3304
1763
5253
5143
3123
1940
2101
3137
887
6039
3847
3663
591
674
3125
431
502
242
198
2735
1436
2844
1664
1165
1031
1019
999
1082
3202
3981
3860
3882
2529
3010
3347
3540
3273
1223
2199
462
5102
1631
3392
3258
3260
3222
954
5050
2405
2318
3246
1092
3442
3614
3593
4105
1288
1171
2445
3178
2139
1933
2038
2770
986
1833
1477
2292
75
748
2137
3524
4134
1818
1480
2008
1656
1793
4138
4127
4288
64
2647
5226
5282
2069
1448
1395
1443
2289
2082
2191
1753
2307
744
2256
4635
4747
4670
1820
3868
4018
4122
3586
3840
3736
3494
3644
3748
3499
3649
3753
3536
3686
3790
3940
4090
4194
2596
2439
2121
2105
5027
4161
4669
743
2374
4226
3535
1834
1538
2256
7630
5254
1953
2827
1655
1812
1617
1315
2805
2580
1008
3103
3146
1417
2502
1496
1137
483
1947
365
1642
5192
2490
2388
2389
1076
1830
2317
1149
2539
343
793
3435
2167
1397
3268
3515
2984
3149
339
2983
2825
877
1723
933
2175
4542
4584
4606
1290
2297
4091
1579
3930
3615
3707
3503
1733
3845
3812
3479
3340
1553
1679
5258
3497
2274
1020
4589
3273
7363
1897
1866
1264
1487
3001
3097
3034
3037
1980
3362
2191
1253
2326
445
1324
3798
710
7994
3769
869
1255
1048
2671
2769
1204
944
2267
1469
4280
5464
1456
987
3497
3508
3168
1636
1800
1372
3308
1073
2184
1629
1269
2677
2090
2119
2648
3574
4628
1797
1511
3014
2525
2764
2693
315
608
3184
2882
2092
2212
101
110
3241
3898
3270
2962
4544
992
938
928
965
971
1501
1683
3112
3025
3509
3357
2486
2504
1015
3954
3741
3991
4415
4089
4046
4163
4186
3896
1906
2102
961
2073
2621
2646
2830
2760
3524
1981
747
803
2335
4879
4966
4906
4855
4973
4563
2461
1340
1350
1048
1718
1495
3029
2406
1954
2654
2478
1474
1715
2991
4542
3142
1666
1246
775
87
845
801
2730
3070
4311
2226
2059
2998
721
1835
923
1353
3860
2364
2290
2062
2192
1611
1094
1249
1223
1069
1302
1817
1827
1011
2676
2636
1010
2670
3339
1864
3998
3114
1178
1913
1162
5310
3759
2129
3066
4490
4051
988
7604
7972
638
933
753
1460
3519
3344
4307
4289
4237
3839
2348
2913
3005
2888
2676
2873
565
2005
2944
720
1073
835
5543
3623
3485
1469
742
367
1121
1068
888
1064
932
828
825
635
898
895
1372
1575
1151
1401
1428
1692
1721
1022
5735
5450
5453
1290
2046
2153
378
1362
1250
11862
3030
1009
1423
1866
1331
4267
3995
27
2439
2764
4042
2395
1118
58
40
37
2550
1173
1011
1626
2369
5328
7259
2260
2044
1720
1767
1741
1660
1983
73
920
3754
4364
4367
1264
1369
60
1051
3194
3194
1136
1018
3115
2458
2395
2557
1771
1082
2179
368
1154
37
32
48
44
30
32
46
35
33
74
29
67
49
35
55
4781
1571
2463
1529
2326
656
30
834
3488
2665
1157
665
1921
1477
1351
2496
2502
2226
2733
1044
2099
1314
1290
1382
1099
886
4197
4163
86
1676
3904
6159
3557
4218
4592
3691
9247
1865
3743
3078
2527
2404
2307
7671
6986
4597
2732
620
1360
2026
88
1442
3073
3185
1198
921
1622
1679
2464
2501
986
3919
8390
5646
5115
1946
1849
1524
30
544
713
554
506
1487
1439
1050
2345
27
2528
4400
3151
1794
3601
4275
782
8005
7936
7552
1417
2757
2528
2332
2332
2528
1482
30
6275
3227
2634
2636
1423
677
2446
1281
1162
1369
4023
940
506
2252
1706
8013
4343
1332
1956
2023
2623
3795
2004
1561
1946
2026
1576
817
1545
3132
1729
3640
2769
2349
890
103
563
863
1172
660
3350
3080
2395
2351
2272
2325
542
1545
1619
1740
936
1140
1098
935
1243
1825
1088
1084
1582
1911
4325
3538
4853
4549
1821
2055
2372
2301
2351
2328
4822
3514
4010
3992
3699
2129
1487
1257
1634
3778
1817
5437
4517
4554
4525
4404
4037
1674
1370
3007
2786
1745
3058
1486
3019
2172
1905
3814
1222
2468
3681
2042
2703
1984
3860
1549
2024
4290
3639
3110
4597
4370
3295
2651
2486
845
2656
1592
2995
2883
2785
3818
2064
2147
2280
1206
1265
4355
4293
4348
4299
780
28
1440
2059
2068
2967
1541
1452
1431
6877
2567
890
1809
4396
4058
4137
1126
2572
2668
2028
1925
1709
5050
2847
1995
2360
1271
422
430
1342
765
1355
2258
2694
941
839
2054
4887
4698
753
3947
3943
4075
893
1328
1342
757
1661
416
2097
941
5442
1563
2840
3214
4133
4230
3250
3947
3370
1886
3410
3339
3335
1983
87
3709
4063
2135
2368
2301
2200
2675
3074
2878
70
3453
3344
3091
3353
3155
1819
1806
2046
1715
485
910
2173
3137
3224
3047
3932
3842
2857
2665
788
1223
902
35
2110
2314
2200
1914
1073
2138
3189
3763
3483
3546
1571
1610
1021
1471
1466
1778
2319
2255
2156
1128
1114
2415
1108
5090
812
1908
4018
1531
1522
931
923
2299
2071
2890
7663
87
3675
1704
1798
1701
1344
1290
639
4413
86
3425
2094
2036
2004
2081
1970
2301
1896
5445
5247
5041
1469
42
31
3114
1160
941
2115
1410
3378
3278
2060
31
27
1691
5083
11411
2825
2907
858
1463
2380
2061
3161
3294
5751
4728
4720
1995
2040
1855
2356
3029
3084
3032
1336
1342
630
3522
2581
2861
1425
1880
2938
2531
5999
1064
827
13832
2396
3062
1636
1840
4500
5823
3723
2675
5547
2168
725
3366
1608
1385
993
1803
2636
2800
2689
2540
1758
1797
4260
1827
1927
1975
2011
1762
1669
3508
1777
1939
1790
3310
1725
2062
2217
2253
2269
2562
1274
5408
4196
4486
2403
9651
1475
2063
1165
1408
1154
2696
2108
1172
1072
1575
3630
7397
7674
6653
7023
2382
4800
4861
4768
1589
4271
2359
1825
1015
781
901
1922
1844
5542
5330
2515
3766
3040
3261
3347
41
965
1065
682
2404
2123
1526
2481
886
1327
3411
1711
1448
2032
1579
1922
1608
2455
6382
3143
1987
82
1497
1577
3520
2036
1741
1669
3262
3223
998
2388
1770
947
2033
2195
925
1226
1813
1973
2134
1888
1283
2452
2216
1904
801
1348
1041
1169
2055
1139
774
2106
535
1950
1433
4123
2181
977
3407
945
2423
2507
2393
3598
992
2931
2302
1305
2523
2499
2424
3964
5454
10488
905
4441
616
1360
3508
2113
1741
3643
29
3011
1715
1742
5099
4868
5401
2643
1255
824
7974
6634
1574
976
2057
31
1608
2171
3509
2009
6050
3139
1352
1019
1432
2944
3983
2728
1042
983
898
2166
937
3755
2920
2025
2944
3503
5051
3349
3507
3460
3392
3428
1744
2598
2164
3842
845
3618
876
3427
3037
3686
3690
735
979
3963
5655
5857
5686
3120
3266
3023
2510
2788
2689
2479
1960
2147
896
2876
4040
4057
3798
1386
4360
4127
3895
995
1958
3758
6854
1481
2731
2530
1427
1875
10443
2016
2291
2058
636
3917
3066
1945
2781
2731
3319
4933
1330
8769
1799
3282
5819
662
7447
7491
7717
7931
8166
1777
2456
1158
1316
1233
8436
85
6108
3194
531
1172
1192
5453
5005
1216
1276
3206
2932
2959
1719
2183
2162
1282
1192
3194
2815
4697
972
6910
5593
2772
10271
3055
5030
4340
2714
3505
3914
1400
2273
3135
732
489
512
589
1050
1489
2490
280
1716
1491
687
253
463
2424
2520
4176
4017
2837
913
935
1002
2007
1355
2938
4214
261
2376
1025
2762
1484
2152
1201
3449
3538
1747
3179
1278
2071
1897
2533
2281
1487
2188
998
1648
2246
2424
2270
908
2031
670
842
2696
1059
4963
2989
2946
2889
2942
2858
2816
1465
867
5105
1063
2577
2476
1507
1584
1573
2298
2017
790
110
2840
3077
5585
5832
1510
1449
939
2984
2786
2718
2589
1392
990
3014
693
2628
470
1931
2036
2667
2685
953
2091
2792
2699
2591
2731
772
3339
523
847
4507
4527
1922
1927
1917
3843
1418
1733
1781
1935
3734
1640
3392
1804
964
1895
1116
944
3054
3081
941
1036
938
763
2368
2116
1729
1787
4456
5718
5682
5527
1730
1603
1890
1885
1943
3201
897
5399
5360
2580
1224
1050
1969
2112
71
3241
5139
4898
4728
4758
450
4688
1006
867
1062
987
1015
1217
2057
1951
2280
1043
1861
1852
2334
2983
2643
2424
2843
3340
2792
2138
2635
2368
950
424
1347
1077
1843
1495
2094
1876
1760
1737
5732
846
2006
396
749
606
4505
3704
1146
4146
88
3025
3305
2260
1298
1524
7855
7840
1444
931
2095
1227
2220
2005
1922
6312
1782
1650
961
1047
928
959
1649
1066
1125
1361
1931
2024
1455
2987
2971
3078
2330
1011
1303
949
765
947
2253
953
950
1136
43
36
29
30
52
2155
2196
2340
2751
2823
5091
4098
3486
2261
1491
2961
3000
2576
3861
2221
2507
677
533
1314
3295
3051
1783
1134
986
1554
2132
5586
1362
3882
4744
7031
1631
1760
2292
3519
1765
2145
1228
1365
2242
258
1310
1083
5671
5014
5780
5065
3237
1596
1345
1335
3438
3429
41
34
1432
2694
3109
2764
5299
3870
1243
527
2641
3454
2283
1482
1879
1810
4057
3648
2122
1991
1454
601
660
2618
2948
3205
3852
2640
2506
1292
1833
1123
843
759
778
1578
1456
1450
1117
1008
1952
1294
3151
423
1136
1033
1023
1362
2199
2313
1319
1632
5648
5249
5252
5038
5226
5166
3122
1962
2819
3382
2495
2721
2673
2600
2222
6912
4249
2307
2337
1092
2762
2738
874
3011
3116
2942
2927
2651
2256
1247
1178
965
1550
1075
2114
1880
591
3033
2065
2107
1256
1155
592
629
1305
1540
3506
4174
7606
6908
695
1701
496
2584
1130
670
3600
1816
5225
1402
1696
1825
1990
1285
1871
3363
3472
1099
1053
2449
2064
956
2129
3838
1748
1571
1367
945
899
1971
3464
3449
3588
1098
859
1172
1670
1426
493
1162
2009
644
2397
2418
2685
3001
2980
2896
2380
3790
3705
2662
5742
5766
1690
1863
2498
2457
2047
4686
807
4872
2791
2838
2271
1552
1916
1893
2303
2452
2713
1723
610
1712
1523
5761
2101
2008
1748
2135
212
3215
3166
1683
1925
120
1341
2208
1827
2076
4364
1463
711
4419
3510
1774
4631
3124
2534
873
120
121
120
120
119
120
2492
2719
2879
2990
1518
2393
5280
5239
5227
5235
2054
1903
1083
978
1189
1074
2785
1207
2648
2399
907
2533
3435
1363
1221
1621
1734
119
858
507
2180
4493
2360
3817
3320
1681
1647
1942
972
1003
2952
2875
2696
1083
1445
84
1456
1266
1630
1537
386
3664
924
1694
1156
2119
3163
2875
456
776
1898
1746
1127
4488
121
121
121
121
121
121
121
121
121
120
120
119
2185
1255
2841
424
1070
1854
1187
1168
1341
1081
2920
2674
1369
1778
1000
804
933
773
1572
2225
1532
1233
1434
3232
3358
1529
1920
2027
938
3081
259
3791
3876
3183
3331
2264
4739
4610
2996
4358
4516
4416
4379
2402
2529
905
4311
4413
4780
4061
82
82
22
67
67
69
1475
2566
2456
897
1205
2115
2557
2002
2392
1086
1748
1559
2477
1122
2773
1220
963
927
2765
1581
1914
1731
1393
1504
1411
1401
1365
1303
1793
1294
643
1556
1599
1576
1853
1904
3439
406
2484
2809
834
924
856
807
2181
682
594
894
4399
1046
1025
906
4034
3155
1625
1717
3431
3444
2538
2543
1839
1678
458
2119
2102
2097
10125
9998
3571
4414
1680
5295
5168
5256
3412
2632
2264
2459
2306
2528
3484
1641
1680
2987
716
4893
3914
2637
4130
3388
3199
2219
2574
1946
1645
1921
3424
3459
4531
2340
2355
965
1157
2536
2923
4403
3463
1408
2195
1674
3492
3830
1522
1734
1170
2273
3712
3998
1962
3417
3449
2504
2534
2684
1056
1742
2968
5595
5561
3924
2837
2017
2445
6367
581
2629
2912
2810
1439
5877
6103
2006
2211
2223
2132
2241
2067
4148
6385
8115
1732
1559
1354
4397
4776
2281
2210
1718
5425
2902
1604
477
2270
2142
1742
4396
8126
3422
428
3556
993
2747
1866
643
2028
1744
1904
1850
2141
1999
2007
2168
1968
1848
853
2220
731
2119
3522
3334
3650
1821
3294
1725
1618
1832
1725
1684
3856
1552
1657
3143
4606
987
4641
3381
1480
2261
4876
5258
2844
3820
3327
1741
949
2363
2657
647
5151
4992
3193
4780
2235
2560
765
2260
2930
922
1094
1996
2128
3646
3154
3401
2451
4996
2045
3403
2166
1121
3609
1121
1645
6953
1323
2661
3430
2392
679
1833
4045
889
3018
3829
4055
3043
3620
1566
4033
866
6813
6862
1747
1597
620
3953
449
703
2250
2151
9732
9591
2466
2474
110
110
3640
1899
1054
3639
4007
3746
860
887
4230
3690
2121
2224
2567
2243
2280
2433
1361
1264
1895
3965
3731
4638
2395
5802
2137
2546
1544
4009
2469
2835
1180
1213
2807
2875
1668
2175
956
5592
5770
5554
797
5322
1826
3307
7031
3346
2960
4526
4303
4053
1447
2548
1985
1740
1836
1628
2372
1940
1590
453
1201
2000
1877
2229
1165
1420
2940
1029
1032
2632
1681
1133
1915
2523
1595
120
774
4349
3838
3703
3774
2773
1869
1410
1850
3127
2770
2294
2043
1263
1826
2657
3076
2159
2084
486
824
1125
1119
3653
4612
1038
2964
2859
1186
3984
3778
3616
4620
4436
3372
2343
2497
1009
26
1260
10051
370
150
301
28
29
82
29
28
81
605
1336
1868
3837
1569
1951
2786
1295
3317
1946
1813
4423
4242
1040
585
2587
5124
2676
2357
2321
2288
2205
2324
1590
1222
6266
2757
5986
2009
1791
3157
1566
2030
2894
3323
6634
1273
3709
1602
1069
885
1639
3277
12498
3915
1104
1144
2251
1729
7203
7310
2192
553
3520
3333
3165
1084
1502
1005
5873
1580
7171
5512
5104
4912
914
1256
2836
1071
4306
5608
4480
2938
1300
2577
874
41
35
42
2181
62
8321
4398
3302
3440
28
33
2373
793
2790
5059
4480
3214
1614
475
2688
4054
3975
3865
1439
1660
1482
1388
768
511
2587
2529
2200
1968
1046
700
695
675
740
676
595
681
666
67
2145
2158
2177
2049
864
5201
6865
6995
7761
7910
7886
7908
7423
130
3325
1875
2253
1443
1854
1816
1851
2015
2117
2598
2533
401
30
33
36
30
27
39
2459
1493
3516
3562
4106
3963
3731
3416
2269
1717
36
27
30
2039
2039
30
30
2070
4262
4198
4174
39
27
37
27
29
26
1293
1165
1304
30
39
27
30
975
4577
1561
3525
82
1871
1715
1169
5486
5163
2718
2564
2550
1226
4479
3640
6927
1283
893
981
1658
1790
1976
1895
1321
2575
2673
3405
400
5469
3211
3379
3714
2303
7486
3250
3803
4870
2490
1984
5710
2704
3156
1705
5022
4845
4357
8099
3284
3226
1654
1742
1465
4085
617
2259
7951
4120
551
2602
2523
5060
8129
7977
5321
5622
2578
2538
1800
1038
1619
1114
5527
1595
1748
4634
1439
1385
1324
1162
1200
1209
6988
2678
2447
3911
1455
2376
2267
1736
2509
5858
5578
6131
1615
813
841
1884
109
1969
2718
7442
2469
6565
3677
2768
101490
82575
82387
82012
2651
2325
3155
2614
5174
2336
2417
5316
1582
1755
4293
6747
2979
334
1747
1028
2588
2688
3417
3234
3099
3636
1223
3825
2956
2690
1754
577
721
945
552
4477
1332
1076
2975
1545
2846
1275
2624
2292
748
2773
2644
3726
6118
4029
4535
3762
3066
837
2213
2231
1574
1856
1230
1154
4918
799
2256
2403
2250
2301
2493
815
1078
5772
1043
1300
5024
4943
4822
1053
976
10966
1043
5797
6575
6589
5725
6160
6007
5559
3515
660
3392
3308
3324
3139
3074
2448
1032
1273
91
1234
1029
2812
13562
6173
2685
2408
1089
4512
11893
11845
2054
778
2441
9179
2178
4465
1142
3460
3368
1427
4275
4665
1382
2003
1495
2107
2284
1403
1992
84
1975
8027
1805
899
995
526
765
3716
1684
1179
640
3289
3240
2416
2392
1765
2866
2234
2008
2042
1273
1931
1188
2675
3529
90
734
1118
1748
2634
2247
950
1268
2203
3754
4055
1199
1342
2293
2186
6586
10324
2086
2772
1721
6402
1012
1679
2724
1263
1905
849
2982
1496
1695
1429
1026
2637
7573
3038
2183
1142
4830
4827
1905
5616
770
1813
1180
1492
1466
1429
3525
1441
1470
1441
3404
2887
2794
1988
1372
1400
3065
8760
2755
263
3590
1250
1278
1255
1841
2177
1465
956
2657
4243
1826
1174
908
2320
3126
2127
937
1169
995
446
88
2014
1255
1574
1085
4076
4425
3888
2149
3441
2115
2580
2040
2120
2010
2218
1054
2961
2933
2628
981
1049
2578
1128
1253
1178
1025
256
1506
1730
1709
1578
1840
1788
1845
1818
1151
1654
4140
1354
5365
1965
2491
2488
2116
850
2108
2149
801
3294
3251
3050
1889
1930
3104
2906
2903
2861
2822
621
1956
1872
2332
6602
1281
2303
2370
1903
1154
1198
1401
2383
2201
3210
1644
1132
1405
4471
4414
4134
960
1276
918
1889
4637
2197
2183
2200
1526
1449
369
1482
2880
2352
2425
2126
2051
2066
3556
3377
2016
1789
2784
1946
6151
2031
1941
1970
3319
1974
1849
1684
1600
4909
3432
3337
1917
2200
736
661
2027
3159
1615
2227
2805
2733
2690
2117
3411
1857
3498
992
5480
2621
2160
2060
308
587
1313
2179
1162
1266
3934
5096
4800
1407
5810
1903
1964
3960
3858
3960
1361
1675
2173
2115
2690
5743
843
6237
1098
1961
925
2096
1494
1852
2096
3045
1784
2129
1575
2408
1535
3166
2135
1882
1911
2118
2568
2521
7905
1059
1114
2218
1357
2191
2493
2218
2724
2881
2389
4877
2736
2700
1927
3602
3435
698
1887
3676
3739
1842
3320
3295
3207
1514
4105
4283
3744
3335
959
2641
2262
2299
2068
1875
545
2695
1980
1672
2471
978
2188
2050
2060
2127
1922
1821
2131
1724
1119
3107
2967
1214
2928
1518
2187
1460
3881
6041
1284
2131
2194
2133
2901
3718
3565
1631
2043
2773
3895
1497
4833
4250
4861
2252
7348
1612
3080
6858
3074
2514
5422
1110
1027
943
6092
3616
1313
2010
2399
1032
3223
4224
2626
2739
2651
2973
2459
2371
2420
3064
1433
1909
2993
1739
2061
676
2679
2377
2322
634
1942
1220
3488
3283
4144
2541
2185
1563
961
2472
2349
964
3378
2378
1360
2800
2725
2818
2609
2460
705
3792
790
1219
77
102
711
1068
2383
3100
2980
7634
2870
2855
4171
3641
3289
1667
2385
2506
1083
1247
3682
5481
5110
2617
2614
2546
1562
2200
2263
2211
2040
1805
1319
3571
5233
1634
1722
1001
1198
1590
27
3770
5178
440
461
3273
1493
449
1413
1585
2130
3464
3294
1370
1530
524
2866
1782
2122
1862
1812
2131
3522
3105
1091
673
481
271
157
254
218
191
188
146
170
224
197
250
238
691
6974
6734
391
583
880
823
888
1962
6863
4045
3964
6079
1708
1081
694
1489
1221
7472
2002
2035
3861
457
3020
2876
4551
2000
4719
5106
1007
957
1047
1118
1050
1334
454
2033
2948
2994
2042
4804
1639
1389
4952
1198
3084
1023
870
2138
30
37
1921
2682
1390
3001
1832
2254
1111
850
1063
3425
6598
2608
2315
4225
1003
2622
3606
7278
1687
1691
1515
979
26
1677
81
339
3760
2761
3028
8911
1664
565
1804
2036
926
4352
617
1995
1713
5338
4915
4106
5107
1580
2005
710
1961
2260
1888
1817
2138
2155
2042
81
1585
1340
3223
1632
842
1180
917
2402
3499
835
2556
39
4259
2301
4257
1999
1832
38
762
2390
1722
1176
1172
1832
82
2684
5041
3642
16903
344
359
3136
2011
2227
3104
3995
38
30
1050
317
5360
3414
863
1372
2144
1219
651
1585
40
42
1272
1220
563
970
2265
1079
32
26
6556
488
1932
2730
1756
1424
38
3560
3687
1663
8131
6363
3371
3365
888
1245
2125
2926
3930
3759
3708
1793
2719
6034
2825
1933
4544
2550
3740
1932
3001
3047
1760
4190
4017
2149
4017
3060
2469
3248
3227
3321
1966
1669
686
1047
3512
2628
3098
3838
2393
3969
4086
2587
5107
2271
5471
5062
1640
2025
2268
4751
1029
1890
686
3124
3698
3676
3093
1405
2317
2416
2337
2252
2587
1694
2656
2901
2808
1328
1884
1801
1437
1690
3156
28
53
33
29
40
30
28
33
29
32
33
1985
2026
2681
2434
1163
1804
1651
2463
2370
2221
494
1126
1353
2082
10322
2023
991
3847
3709
1390
1103
866
2149
1597
1961
916
187
887
3348
1515
2232
2112
2323
2295
2062
18279
2399
2766
2314
2042
3162
1126
2307
2620
4377
653
2020
4522
1027
1388
936
30
69
4462
2063
1356
802
1582
2052
3260
3485
3170
2092
62
1068
2507
2205
2023
2761
2724
1065
2126
2547
1603
2148
1967
787
756
1855
1718
3537
3497
1194
5034
3507
26
28
2390
1391
2771
4162
1608
1633
2434
3111
3053
1473
1689
3782
1881
2010
4842
4281
4191
2421
1351
2504
3443
3870
3722
3858
3941
1886
2311
1469
1394
2003
2006
132
7087
4030
1229
2577
2436
1489
972
1915
2345
2186
2108
7311
3392
2415
2261
1722
2052
747
2140
1723
1703
2073
1752
3891
2956
3301
2956
2844
1069
3305
3329
3145
1644
1477
828
1401
1853
4423
2338
1226
1181
1560
1031
1389
2190
2484
4877
2504
3065
896
1192
464
1789
1706
1451
1710
1591
1695
1934
1440
1946
1850
1713
1458
1645
1299
962
4804
3553
1718
1106
2697
2218
2634
2439
3160
1798
7211
2579
2816
4282
4323
4182
4580
2258
3718
3594
3607
3212
3425
941
5767
4477
1168
1127
1275
2364
4350
1906
1946
1847
1781
2055
2252
2259
3646
6382
2674
1391
4139
3952
2869
1067
2484
975
1441
1395
5056
2747
2250
3829
2528
1072
870
873
900
796
7707
7374
8041
8002
7882
7482
7549
7894
2084
1441
2479
3473
3098
2134
2400
2743
2732
3456
1694
1650
2379
2229
1783
1507
1603
3114
1976
1555
5282
2352
3191
84
2780
2431
2456
2456
2374
2886
90
1265
2847
2666
2531
2712
1245
1501
1936
3532
2996
8342
6500
2688
2636
1890
2772
4111
1162
4635
2541
2511
2346
2192
7798
3547
3504
4809
5053
4638
1089
2681
2427
2713
1620
5783
945
4456
2736
2400
99
10012
10070
1967
1322
27
3267
3173
5138
3897
1042
1858
3747
3579
5431
5320
3797
6961
1000
2137
1106
881
916
828
1012
2395
1831
4594
3879
4113
5135
3767
1277
2316
4255
5529
4733
2779
1910
1153
947
3030
1817
1473
3445
941
479
2533
1301
1304
1582
2439
2156
2082
1928
2107
2603
3983
1534
87
824
2347
2396
905
4641
4704
2004
615
2696
899
1178
1594
1970
2002
1934
1371
1575
1339
973
3993
1003
1169
2990
1854
1766
1095
1919
2990
2208
1890
1751
2028
2032
2369
3023
1260
1011
2112
2031
2107
1491
2169
8754
4703
4120
432
1270
511
2242
1610
1878
1588
2424
2164
88
13109
5176
841
1082
3438
2461
2509
3266
3161
2030
1850
2125
1991
2916
814
2018
3800
3563
2175
2184
2873
3071
3019
2986
985
1961
1461
1222
1171
3981
1829
2468
2394
2407
6340
7226
3188
2670
2058
2138
4191
3763
3354
4178
6886
1951
1787
4528
4683
6083
6205
1127
3359
3325
3315
3067
6374
6247
3641
1866
2535
1407
1220
4261
1400
928
940
940
964
965
950
1081
1016
1694
2255
2254
4571
4799
4234
3733
1242
3621
1668
597
2228
3598
3702
2520
925
2458
2622
2024
3335
3044
3636
1463
1982
1672
3985
4458
4657
4489
4582
2185
2543
5020
809
2939
3321
4599
3843
1288
3068
2251
1976
3629
3531
1600
1842
480
3345
1715
1960
861
1437
3673
3018
1549
4196
4466
2444
2812
3734
9292
1921
1310
1124
6446
5430
2657
2371
1037
6896
3235
1749
4437
4084
7552
4303
6481
2481
2309
2755
2601
2211
9455
2401
1451
1978
2822
3157
2525
2348
3449
3344
4522
2750
2326
777
2617
2689
3326
2193
2168
2716
3758
1678
3670
2907
5166
968
2116
9156
4880
3517
3604
2722
2605
2564
2688
3446
1597
1813
2293
1571
1436
2580
3587
1648
5511
5639
1177
4308
927
3895
1874
1457
1658
3663
3555
3586
4242
3882
2586
2642
2190
2093
2045
2110
3211
1711
2306
2791
530
3034
1130
666
1486
4583
3104
2912
1892
1744
1965
1201
1049
1754
518
1651
873
3400
3648
1991
4150
742
3956
3256
1938
2361
943
3803
3695
3485
1327
6776
1348
2105
1961
7871
6648
6637
5181
5116
3106
6473
6445
6128
2157
3628
3415
3101
2539
2930
845
988
984
729
2044
2097
4286
98
1171
1432
3306
2263
2841
2757
2754
2136
4811
5533
5195
931
3001
3776
2222
6029
2595
1564
3019
1142
3176
869
4280
4314
4061
6292
350
1899
1109
3631
3526
3436
3505
3400
791
2611
2517
2753
1045
3031
2250
1973
1083
819
292
5846
1608
1758
5010
1936
1788
1111
4019
3531
1496
1433
1606
919
1236
2290
2478
2626
2637
2788
2743
1769
833
644
885
2601
3909
2811
3050
3019
3125
5624
3062
1361
2145
2961
1448
1371
2096
3083
6672
2266
7202
6715
3697
3624
121
400
292
3365
3655
3015
1144
1012
3011
2341
366
1382
1505
723
1121
1262
1333
2391
989
3779
3803
3977
3887
3963
3935
3731
3807
3703
16722
1296
1225
4684
963
982
935
750
2159
3391
6167
2473
1591
4788
4752
4473
4931
1769
925
1514
3654
3600
3824
3091
2689
2383
7041
1275
1498
32
2764
2637
2179
1975
2675
3203
2781
1740
1530
1984
2189
2275
2625
1620
2932
5410
2195
3166
4144
4020
4798
4825
4917
9210
13474
2561
3279
26
3412
1197
1088
990
1468
3461
2276
4926
1881
4249
4145
4089
4886
3864
5712
4679
7770
1274
650
1593
1592
1592
1593
1593
1195
212
596
27
43
41
44
1789
1749
4464
1444
3846
4457
2547
2496
2453
2355
4551
3294
109
1846
1589
2059
2069
1966
2353
3291
1543
2002
31
8561
8702
2754
7476
1705
3238
3036
5660
575
1940
375
1609
4403
6050
688
1045
1004
1647
1528
3020
5058
1613
4576
1499
5781
5620
4074
3377
1716
1909
2275
1758
2527
1748
2141
4679
4739
2353
1940
1919
1291
2387
40
4426
4269
4069
4203
7927
8130
1654
2439
1782
122
2337
2068
3062
3274
2962
3383
1189
3926
3597
1239
7860
7794
2654
2780
2137
2502
1598
1850
1932
3152
775
715
2540
2479
1891
5674
4317
3821
6331
7069
2679
4526
3437
1986
2114
1510
399
379
1405
2357
1238
1257
634
750
4945
1424
2906
2126
2209
4319
2602
2247
11017
504
3879
5774
1714
1678
8842
845
2584
2458
3369
1739
2015
909
4077
4111
4191
1391
1320
1627
1681
1453
1574
660
4537
1912
1659
1517
9260
8359
4705
2530
3011
1813
3666
3320
3586
3888
3780
3693
3474
2375
4639
3431
3102
4835
28
4343
3281
2996
964
3934
1919
5948
1100
3406
4842
2650
2124
1052
2444
1469
2515
1309
3927
1073
3996
3786
4676
4080
4084
4081
4213
3139
2575
2367
1396
2493
2180
884
9658
922
3388
4634
4673
4586
4496
2521
1194
4948
2208
2566
3142
2139
1998
2020
4735
4642
4537
1270
2183
4750
4753
1119
5202
68
69
23
10826
5729
6145
2391
2234
1308
4291
2097
2407
2223
3388
629
560
7258
10832
3303
3038
3716
3664
4407
1207
958
879
5804
3399
3265
9648
2598
5489
1866
1999
1915
1956
2820
998
995
1817
3747
2287
2991
1727
7471
1988
556
743
585
428
333
389
651
244
2742
2560
2694
3822
1740
985
556
3295
3958
2413
2553
911
3680
7254
3314
3400
3264
2494
2811
5429
478
707
653
497
686
768
3028
2372
2464
2435
2492
2333
2205
1911
1088
2026
704
1406
3013
6723
6692
2718
2931
2796
3060
2933
2818
2694
1060
5859
1211
4065
3893
3636
1454
1395
707
2663
2566
2757
3137
3108
1051
566
3954
3703
816
1101
983
5487
1567
2894
3992
5528
4355
4938
1970
2517
1962
2178
2277
2175
1711
1275
1302
2084
1611
1611
1611
2305
2243
2750
2680
1235
2606
2520
1425
1026
1150
2259
906
848
833
687
2948
2764
2095
2064
6012
1788
1380
3237
3481
3316
4467
4296
2298
4754
4482
4871
4949
7023
7677
9284
9457
29
29
29
29
29
29
29
2930
1012
3711
453
875
719
679
570
3124
1922
1039
3787
2395
1785
2006
2690
2947
2687
922
27
47
47
38
5043
4917
1123
1597
1114
1005
1539
2278
2176
2239
1809
1347
3707
2617
4011
6538
8276
11199
2842
409
663
669
680
855
777
835
2429
819
4793
5422
2087
2123
2205
4197
3323
2173
2114
2085
4207
2494
1213
4176
2853
7909
7860
7747
7765
7726
1328
5375
90
3998
2421
3121
935
2317
2383
3719
1962
971
4448
2249
1268
3574
2130
1990
7060
6841
4633
3055
1467
1192
1378
2066
1729
2024
1771
39
51
839
5137
981
448
1761
2048
39
981
5794
1912
578
5171
296
660
747
1822
721
732
628
2115
2821
1494
1905
1775
1056
2729
1365
4881
914
3623
3598
3482
5704
4825
5380
4736
5394
4153
3277
1141
2384
2393
1307
1057
6165
6005
2880
2792
2344
1799
2040
1555
1721
3707
3773
4109
65
1887
1881
1758
666
1353
960
3871
3790
2060
2725
935
641
3358
3273
3501
2817
4595
4403
4426
4747
3932
7240
1072
3403
2799
2620
646
1589
2581
2522
2345
36
32
701
30
31
3881
5927
3433
5194
3159
841
1516
2529
2508
2061
2103
2013
2006
2103
2097
2066
2090
2199
2147
2117
10787
1857
1768
3112
3484
2947
2977
8666
2832
4211
3365
4586
2240
2737
2618
2808
2296
3008
2504
1845
2357
2136
1148
4851
3938
3830
2783
1073
2975
2820
2862
2517
2594
3359
2247
928
809
4551
6336
2403
2358
4338
1821
9596
2077
1745
1114
1528
1406
1982
821
1166
2717
6375
2711
5619
27
2123
1408
2040
2700
5884
6013
1979
741
1789
1920
1680
1316
1783
2291
3008
2916
3416
2282
3821
3533
4317
2173
992
3627
1821
3564
3597
5628
1958
2925
3251
454
733
25
3010
4481
2391
1062
1029
1008
1843
1783
1741
1621
946
2414
2367
1973
1775
98
88
88
3052
2473
2496
2437
2368
2533
3290
2504
2653
2600
2590
1973
2092
2367
4622
2471
2655
2488
2431
2434
2440
2443
2455
2410
2456
2486
2552
1972
2630
2614
2635
2428
4199
3711
2585
2204
3506
9040
5212
5643
650
919
1325
689
4711
4730
4768
1984
2015
2209
1746
3132
1283
4174
4022
2276
2664
2775
1185
1439
1129
4984
1378
7945
756
500
1757
1289
3287
2853
3202
1420
1568
1102
2899
5476
5489
5318
5421
5421
2668
4588
6101
6086
2947
2197
2077
2182
2287
2271
5401
895
1005
6418
5908
5665
3221
3109
2162
695
1209
3479
4883
5276
3450
3538
1163
2012
3888
3366
3130
1202
3017
6916
1099
4053
1113
2202
2912
6737
2027
1057
2430
6146
1779
2503
2204
3119
1051
1338
4218
1494
2731
964
1591
2703
1079
1421
7693
2066
32
58
2037
536
1102
1682
3906
2604
1323
2975
2777
2210
2819
739
1657
12476
1500
2947
2157
2857
913
1311
1071
1762
2182
1381
856
1704
2171
2821
1700
1284
1205
4951
4889
2913
2830
1278
1113
3265
1253
2369
2376
1013
846
34
58
2891
4023
3950
1800
1600
1743
947
1603
1007
937
2333
3206
2339
1573
415
3784
1614
1052
3343
1816
3309
3233
656
1736
2095
607
2063
1493
770
758
3157
1397
619
537
684
591
1121
4686
1856
8364
2032
1538
3824
1835
5519
3216
2446
2256
2211
2947
2833
2689
2245
5780
2769
1405
31
2995
994
1806
3350
3284
3191
6517
6357
6896
6622
5294
2853
2768
1636
5437
2909
1657
1610
1150
2074
1961
3720
3659
1366
1570
2931
3395
4189
3276
1789
1905
2846
2772
5677
29
39
940
2038
3170
2889
1073
940
1258
5431
3592
1674
2812
2809
3113
2211
2705
3517
3018
1709
2464
935
1040
965
1047
938
1135
4472
1841
2052
1690
1642
1868
2655
2268
689
2289
1392
1687
1806
2429
1403
1043
1789
1709
2096
1320
1467
2839
1033
3139
4813
2550
1684
3769
885
794
1239
1622
3590
3362
3609
3459
3353
3282
3426
2576
97
284
593
1719
1504
426
1005
2409
1610
2307
2084
1067
1384
1429
1327
1459
2119
3626
3104
2136
2328
864
571
725
593
653
2412
2913
1625
2184
1330
2331
1199
1070
4030
2056
1999
2865
4118
1090
1470
3875
3752
1349
1459
5426
5288
1064
2003
3031
5426
5288
1064
873
989
1274
1660
2145
1315
1555
1485
1278
1186
825
541
464
1751
6313
6211
918
893
1894
513
1054
561
719
1113
1058
2697
1095
1356
2182
1085
3595
1463
1343
940
1633
865
672
2208
1247
1821
1573
1866
1062
1100
959
1172
1882
1856
1409
2355
2545
2678
832
2283
6009
1040
9024
2358
2939
551
31
32
30
63
43
34
61
31
32
31
1588
78
41
31
29
31
41
46
32
30
37
33
35
3319
3293
3930
1924
1808
1846
1436
1605
6473
1914
1776
1791
1474
1540
1491
320
3501
3438
734
3827
3255
4191
3229
3916
5010
4822
1324
4738
4617
4308
1573
2154
6790
1886
1274
1062
2786
2008
5736
1734
947
3921
822
978
645
26
1646
854
2401
2223
2322
1843
974
1199
4441
2273
2165
7026
5266
4281
1734
1078
44
6407
1006
1165
503
2866
5443
1103
2358
4117
3391
1016
2572
2716
3268
1645
2592
2281
1085
257
1138
1023
2508
2423
1884
1690
2110
918
5552
5486
2652
2212
1518
3057
1784
1517
999
2951
2979
3068
4329
4355
2863
2574
2273
1694
209
241
233
341
2168
2998
2191
5492
3046
97
2094
3336
25
2373
2160
1971
2057
2279
2284
1956
17638
17756
2802
2813
2925
1764
770
658
29
5225
6950
10589
3236
1604
2932
1524
3720
84
5671
4804
5001
3953
3052
2888
6637
6610
6250
6426
1622
1444
1441
1242
11962
1287
1595
34
2656
3663
5560
5002
1807
8166
2183
1194
3222
3072
3233
4443
886
3221
1558
1740
1900
472
1992
2046
2172
2479
2407
8970
5897
5859
5772
4284
3110
676
1379
5504
6590
1630
9214
6628
3699
3600
8332
2638
2199
3656
1517
3155
3246
2972
6487
3338
2419
3678
5452
1579
1257
2344
1895
1786
5738
3184
3334
3061
905
2776
1213
1800
1368
3965
1106
6702
1760
2459
1585
2452
2506
1438
1352
1441
2490
8123
3976
6203
3283
3373
889
3428
2799
2212
1880
1497
932
2575
7440
4134
3745
1044
1027
1036
1714
1760
1739
1667
1207
5628
2355
5568
2516
2274
2630
2451
2391
6373
6591
7036
4976
7128
7426
7257
3791
3840
3947
3794
3173
3498
3343
1996
944
4427
7008
3861
3547
4684
1806
3066
3728
1576
1164
1073
4044
3959
2733
4027
946
2216
1552
1628
1000
801
1552
562
3347
7190
3339
3239
8432
1413
653
2466
4800
4982
4915
4875
5132
5149
3887
3769
1295
1710
2169
2738
1589
1438
2404
2569
4722
4659
3318
1786
2084
3091
2122
2165
1871
3052
2973
1413
1476
1664
5525
2038
5574
5581
7393
1540
1273
1370
3278
1131
2124
1847
8425
8284
1123
2065
953
5664
1460
959
2691
2719
2804
2403
544
1480
907
1671
1665
3904
1909
2180
1302
916
1640
791
2177
2247
4008
3699
3421
1933
1283
1264
94
1595
778
2433
2387
3996
4331
5244
5562
2088
1614
1148
1890
98
4600
1731
2695
2359
1492
4342
5119
5938
3344
4257
2235
2522
2696
1475
4631
30
3576
4612
1621
1731
1671
3700
2157
978
3018
3471
2618
6513
6256
5020
6282
6093
6228
6803
6216
6345
6960
3338
1350
1457
1134
1130
6247
4443
4106
4271
2680
4209
4062
3363
8845
1724
523
883
1541
448
1525
1465
1274
1574
683
3070
2851
1056
2303
1719
2528
2591
2432
1023
2226
1928
2139
3199
94
2687
1920
3836
3828
2772
3256
2570
1700
3365
3150
1709
1158
3224
3475
3193
2505
4744
4636
5107
5275
5207
1577
3228
4142
3528
1644
2426
2187
2056
1213
2136
3632
2674
1339
1753
3398
369
1212
1354
2513
2411
2332
4230
4465
2720
4504
2280
2023
3250
1646
2602
2326
8098
8212
6502
3933
1527
2146
2117
2020
2004
2045
2076
2176
1863
2444
1096
2663
4827
4239
3801
4014
2195
1745
1469
2202
1171
1532
968
1264
953
1910
5970
5168
29
38
5377
331
489
2866
2540
49
2482
1334
2053
1846
2008
1801
1742
1527
1404
1376
1062
26
32
40
5210
1764
654
27
1677
1237
1780
2716
2501
2809
1035
1803
1154
1278
2644
994
3292
1655
1830
1833
1733
974
3857
2099
4087
1599
2181
3152
1157
850
2804
2236
2883
1008
3582
1150
831
412
3407
1612
1544
2819
2969
473
1439
1296
780
832
1412
3416
786
973
1920
821
28
1951
775
1155
1079
1086
1807
455
5766
455
1146
455
2816
1148
2666
6861
358
570
1925
1888
1880
710
856
1177
2829
3747
2318
28
1655
1505
1334
3107
3011
2348
2274
3181
1063
1760
4744
1486
1586
3563
3824
3682
4268
1630
4049
3800
1890
1435
4586
3846
2356
4741
2264
2933
2070
2661
2900
4416
3415
2038
901
1289
11610
1220
2161
2772
2783
1967
1577
1894
6581
10217
9599
1678
1244
1279
3073
2677
1010
1638
1991
699
2844
3028
12588
1810
861
1093
3133
1679
1966
2645
2621
2318
3418
839
676
857
1199
1623
2415
1905
3993
836
28
975
1051
1279
1730
2125
638
987
718
1536
2452
1371
2537
2143
1993
1139
847
1511
2454
2112
1465
1831
4342
3131
2458
2350
1358
2806
1891
3144
2032
2116
10531
1088
4075
1233
1680
1981
3570
3764
5920
6367
1525
1144
1981
2257
1906
1029
2452
5333
1134
2385
920
1032
1426
2058
462
585
1137
6296
1250
2724
2087
2347
5913
1207
5773
3627
3549
3805
4338
4262
3434
3509
3429
2842
6378
4788
4941
2194
2143
2027
1462
2693
4020
1126
3684
3630
3047
1307
2157
1290
1569
1805
1885
2008
2088
2172
2486
2497
2647
5353
2275
2824
2157
1605
1838
1753
6124
484
2081
3895
5924
5720
4454
3782
1188
1944
638
2553
4309
584
4249
3754
1526
1822
73
2386
1385
2381
2366
2512
27
2059
1001
4725
2768
920
852
5055
5049
4919
5112
4149
3416
110
1009
2717
2599
999
3260
2415
93
87
2019
11254
11182
926
4198
3001
2373
1333
950
4221
4161
1950
3529
991
3318
3524
1337
1162
999
636
2627
2570
30
1803
8745
12376
2991
6622
691
2017
2058
2080
1758
14443
2466
2723
1822
2131
2022
1377
2379
1562
1566
1482
822
2694
3397
1648
1142
2262
1423
31
1157
1186
3261
436
402
82
527
539
546
293
371
97
383
320
507
408
323
392
319
363
322
322
58
481
481
2361
365
366
1437
217
206
20
860
388
208
4041
4037
941
1016
971
928
1021
4017
3284
2946
1996
2065
2020
956
2354
2517
1880
2973
2503
2959
2552
2779
2778
2958
2981
2344
5190
3385
953
935
932
932
955
932
931
932
913
1471
524
2671
2643
2584
1652
3591
5490
5308
1880
2469
973
3707
2957
3244
3368
1023
2006
484
4716
3816
2536
2376
2030
4565
4368
3951
1229
1323
2107
522
830
2105
2689
2389
944
1420
2074
4314
1257
3131
2879
2622
2939
611
4654
2366
2131
4944
87
2270
3505
5284
937
2782
3156
3354
12131
14319
2768
4991
8619
1432
236
1956
236
1434
1641
2145
1943
9272
1362
1263
3325
6994
1446
3314
2016
2302
1976
1549
1956
1885
2229
2103
3543
235
200
1071
1914
2169
189
309
895
1068
2375
982
5786
2452
2431
4108
4058
7564
7560
7563
7417
3591
8757
4758
4832
4284
2021
2473
4281
3871
3630
2956
2822
1191
2502
2545
2766
2702
3731
2848
1178
461
1283
3838
82
1488
3528
1742
4731
2213
1097
1436
2027
1839
3910
3901
4957
3959
1279
1388
1455
1987
2118
667
3280
716
1913
3285
2229
2500
2380
3739
2121
1327
3901
1366
1194
1334
4021
611
3534
3488
2050
3117
3078
3053
3014
1310
2525
2696
2568
2957
4428
2160
1619
1519
511
370
2359
2411
2260
3505
1377
2437
1231
5395
1489
5888
5627
5621
1074
1243
948
1694
1534
1273
1051
2125
7948
7397
7315
2267
7081
5475
3990
3909
2328
2729
1275
2452
3160
2906
2795
2006
3863
3793
3821
1017
1428
2820
761
2026
2003
27
1051
1201
2512
3151
3182
1790
1727
1933
3548
3378
2286
1860
1720
3469
3975
684
936
5721
5754
5662
1093
986
2075
2224
2471
3491
6123
79
1040
972
1989
3507
1076
5116
2701
2758
2632
2891
1328
1283
5044
2451
1471
1172
1094
1754
3401
607
2369
4979
4915
30
3136
2862
3394
2724
1072
4306
1537
2344
2773
3859
3742
3803
3687
1280
929
398
421
3597
3287
1315
3454
263
1673
6705
6705
1156
2934
2973
4599
1891
948
2250
4663
5139
3437
3177
709
4725
3378
4219
4233
2942
3699
3546
3463
1549
4703
3027
4684
1990
2118
1662
2452
1786
2044
2576
2584
3032
3013
2762
85
1408
3233
2952
5378
495
3637
2982
3758
948
2937
4249
4472
4447
3548
2372
12615
9508
1047
5560
865
1730
2327
1389
2861
3214
3386
5478
1192
2520
5329
1357
3867
4281
29
2987
3707
2745
22
381
1412
6143
1782
4105
982
6183
3840
3126
2824
3180
3079
3048
2933
2322
1787
87
70
1220
510
3981
2237
3358
4491
3520
1044
1822
1708
1955
1676
2058
702
924
960
980
2011
1870
1845
2012
1876
1179
2464
1421
1188
2598
2771
639
3959
1354
1319
3746
3560
3570
3372
2035
1895
1662
5011
5820
907
2089
355
1064
847
4513
1196
1819
1520
4700
67
1488
2123
5214
1655
1427
1472
2090
2244
2660
2045
1818
1883
4159
3733
2522
1144
2421
2412
3565
3565
2558
2306
3835
3257
4271
3339
4196
7339
1769
2333
2389
2221
963
993
4177
12501
12705
1535
2592
5263
2066
826
6935
5110
3495
3269
481
569
568
103
5082
4637
615
1634
4629
4314
948
2251
1993
1360
6727
1404
2557
1203
1521
1230
960
4696
4154
3908
3692
2927
2258
93
2609
2693
3644
3603
1401
1238
1163
1060
1706
4296
2796
1615
1138
922
912
917
836
904
1081
3466
3767
3603
1295
1316
1482
938
1046
1160
1139
4946
2112
2315
2475
2294
2252
2225
2208
2784
2319
2232
3461
3350
3295
3521
3484
3577
3434
338
435
237
370
2052
2659
671
1948
903
2803
2416
1575
1494
1483
4892
2374
1790
792
34
29
40
28
32
34
4212
28
3611
891
1800
1423
32
40
27
29
313
1665
1806
1806
1665
2378
980
4079
2912
4309
4494
875
811
3351
3022
6523
6489
381
1395
1545
5470
1482
2052
1140
1440
4453
4308
4224
408
1907
2975
4673
3222
1473
4860
1330
806
3670
2810
2418
8323
8275
6434
2793
4283
4353
5357
5472
5621
3577
804
3464
3568
4400
3964
3889
32
27
4896
4933
4937
1105
2755
4422
2702
3248
580
976
2820
1808
7805
28
23
2944
2822
1292
1750
1687
1043
4452
1694
1647
2997
1380
1833
3156
6689
1095
2608
2846
3547
2041
3815
3808
3349
6386
6717
3686
2436
3006
1882
2346
1058
3123
5995
958
955
962
955
956
956
1040
1014
772
2099
4335
1702
6971
2056
1792
3801
5968
5486
6199
6064
6581
6502
6902
6797
2654
431
2769
2940
2745
950
1261
1219
1224
4643
7237
3046
3007
2767
2377
2797
2755
916
3090
3522
3191
3182
2399
2380
9292
9295
1355
5582
118
733
837
2902
8919
1778
1723
2006
127
72
6436
6304
6227
6309
6306
6162
9017
583
3255
3494
3714
2507
2614
2603
3203
3252
885
1566
593
2810
1530
1570
5375
4987
968
941
941
992
943
956
1081
974
1042
962
950
2151
3144
4998
1679
3304
1049
4304
5055
1050
1083
1030
2513
4030
3323
2700
2661
2427
2786
2469
4817
2580
5783
1636
2268
3599
3736
2194
2134
2253
2845
2242
2545
2409
2804
2017
1547
1109
2808
2875
3161
3241
3204
26
4259
1347
1726
2086
997
1766
2073
3505
3419
2140
4295
4028
948
2544
2966
2315
1361
2233
1891
2632
1800
1204
917
4436
4188
5395
5410
6991
2143
2116
2700
410
3118
683
3376
2155
3270
5437
1208
2287
2820
2673
2989
1283
1114
3126
8463
1504
1568
738
985
3558
4105
1896
554
1445
3035
3066
3118
2781
2083
2180
2755
2880
2754
1494
665
4067
500
3393
3014
745
4767
4809
997
4782
2057
728
1808
1702
1151
1984
2339
2157
133
1731
1903
1793
367
2930
1249
3706
2243
8151
8151
3831
1611
3450
694
1621
4828
1980
932
1008
305
2805
3090
3577
2753
1932
5105
3422
1278
29
1573
1327
2084
1108
668
1935
1510
1622
1164
2042
2042
2884
2505
1924
1688
854
1681
2209
2011
825
501
2847
2752
2559
805
1061
1640
35
35
37
29
35
35
4680
6375
1901
1829
2260
2301
1122
6449
1206
4314
3253
1396
3182
2934
2826
994
1083
1659
1264
1965
7381
8821
1844
2249
2383
2360
3368
3254
3773
3763
2496
628
3461
3397
7642
8135
8108
3781
3191
1118
667
2782
2954
1625
1541
5918
2453
2663
2012
3889
3580
4261
2862
3248
1066
4222
3779
1675
1730
2023
1856
1903
1938
1800
2292
1980
5346
5004
3825
1663
2297
25
4180
2433
2637
5924
5633
5789
5512
4437
110
110
4072
544
3258
1864
3133
3016
3623
1215
1391
1432
2413
1461
565
1525
2332
1461
1529
1994
3883
3547
3684
3799
3644
3671
1015
2981
2458
735
4101
1167
4004
2346
2703
2436
1008
2408
3541
3593
4023
1759
975
1990
1951
1876
942
2308
1560
2284
2134
2275
517
465
465
462
462
523
554
512
462
509
458
458
458
458
458
354
247
86
1178
516
127
127
954
1447
5276
6095
9869
1774
972
7669
1948
1254
3360
1568
1795
753
1285
4819
1985
779
4793
4865
2289
2633
1992
1690
1908
4260
4855
3332
3067
3202
4350
4066
7205
1064
2437
5263
2318
2051
1947
4531
564
545
6168
1482
3729
180
1092
2882
1964
1867
1850
1850
3676
1708
941
820
1374
1571
1440
1209
5944
1812
854
6842
71
2304
1403
349
2494
1698
2361
2769
2695
2979
739
2192
2426
5176
1803
169
86
2174
2582
1535
2418
6835
551
1159
1613
3447
3950
1232
1232
1842
4080
4084
4000
4068
4033
3938
1529
1360
2001
1879
1934
1963
1983
1861
1674
2831
1367
3045
3698
1747
3235
2389
1031
6625
6428
2737
3658
4315
3860
2421
3222
9420
860
3483
3824
3877
3595
3699
1143
110
3469
3538
3054
3517
2119
1915
2025
1992
934
3029
3216
3111
3356
3871
1759
2600
862
1830
1805
3786
3762
3418
3920
9598
1327
1291
1291
2169
110
2639
1686
12889
3725
3689
1207
1815
1505
2331
2422
1922
2415
1523
1856
1006
926
3402
3155
2428
3251
3742
3723
4567
4447
2793
3439
2261
96
1297
4329
90
785
70
98
2420
2269
975
1533
407
1007
1798
3625
986
2437
2361
2313
2378
3045
4994
4913
2052
2103
1526
2063
2310
2142
3703
3432
3696
3867
1931
3910
3849
4008
3986
433
434
58
59
3028
1356
3203
13640
12279
4580
5829
5786
5933
1385
1515
1259
2344
1266
1362
1372
1007
2485
2812
1282
1535
2022
4275
4530
4248
3371
3323
3228
4179
3385
1043
3147
1334
80
2203
2116
2020
1930
4315
2272
6417
6953
1250
1254
1332
1284
1224
1504
1870
1332
1581
3114
1106
1342
1413
1260
2335
6309
3418
3176
1481
1033
74
1231
1231
2633
2039
3465
2584
1555
1517
2068
1961
708
708
2149
1949
619
411
353
2589
2596
2592
1643
4749
86
2432
1049
4405
5396
2042
2042
1431
1574
2016
3314
5579
3681
886
1825
1825
1827
1825
1768
1772
1345
1058
1049
3972
999
2776
2255
22
33
23
1058
855
1058
1345
1061
28
29
