0
262144
524288
786432
1048576
1310720
1572864
1835008
2097152
2359296
2621440
2883584
3145728
3407872
3670016
3932160
4194304
4456448
4718592
4980736
5242880
5505024
5767168
6029312
6291456
6553600
6815744
7077888
7340032
7602176
7864320
8126464
8388608
8650752
8912896
9175040
9437184
9699328
9961472
10223616
10485760
10747904
11010048
11272192
11534336
11796480
12058624
12320768
12582912
12845056
13107200
13369344
13631488
13893632
14155776
14417920
14680064
14942208
15204352
15466496
15728640
15990784
16252928
16515072
16777216
17039360
17301504
17563648
17825792
18087936
18350080
18612224
18874368
19136512
19398656
19660800
19922944
20185088
20447232
20709376
20971520
21233664
21495808
21757952
22020096
22282240
22544384
22806528
23068672
23330816
23592960
23855104
24117248
24379392
24641536
24903680
25165824
25427968
25690112
25952256
26214400
26476544
26738688
27000832
27262976
27525120
27787264
28049408
28311552
28573696
28835840
29097984
29360128
29622272
29884416
30146560
30408704
30670848
30932992
31195136
31457280
31719424
31981568
32243712
32505856
32768000
33030144
33292288
33554432
33816576
34078720
34340864
34603008
34865152
35127296
35389440
35651584
35913728
36175872
36438016
36700160
36962304
37224448
37486592
37748736
38010880
38273024
38535168
38797312
39059456
39321600
39583744
39845888
40108032
40370176
40632320
40894464
41156608
41418752
41680896
41943040
42205184
42467328
42729472
42991616
43253760
43515904
43778048
44040192
44302336
44564480
44826624
45088768
45350912
45613056
45875200
46137344
46399488
46661632
46923776
47185920
47448064
47710208
47972352
48234496
48496640
48758784
49020928
49283072
49545216
49807360
50069504
50331648
50593792
50855936
51118080
51380224
51642368
51904512
52166656
52428800
52690944
52953088
53215232
53477376
53739520
54001664
54263808
54525952
54788096
55050240
55312384
55574528
55836672
56098816
56360960
56623104
56885248
57147392
57409536
57671680
57933824
58195968
58458112
58720256
58982400
59244544
59506688
59768832
60030976
60293120
60555264
60817408
61079552
61341696
61603840
61865984
62128128
62390272
62652416
62914560
63176704
63438848
63700992
63963136
64225280
64487424
64749568
65011712
65273856
65536000
65798144
66060288
66322432
66584576
66846720
67108864
67371008
67633152
67895296
68157440
68419584
68681728
68943872
69206016
69468160
69730304
69992448
70254592
70516736
70778880
71041024
71303168
71565312
71827456
72089600
72351744
72613888
72876032
73138176
73400320
73662464
73924608
74186752
74448896
74711040
74973184
75235328
75497472
75759616
76021760
76283904
76546048
76808192
77070336
77332480
77594624
77856768
78118912
78381056
78643200
78905344
79167488
79429632
79691776
79953920
80216064
80478208
80740352
81002496
81264640
81526784
81788928
82051072
82313216
82575360
82837504
83099648
83361792
83623936
83886080
84148224
84410368
84672512
84934656
85196800
85458944
85721088
85983232
86245376
86507520
86769664
87031808
87293952
87556096
87818240
88080384
88342528
88604672
88866816
89128960
89391104
89653248
89915392
90177536
90439680
90701824
90963968
91226112
91488256
91750400
92012544
92274688
92536832
92798976
93061120
93323264
93585408
93847552
94109696
94371840
94633984
94896128
95158272
95420416
95682560
95944704
96206848
96468992
96731136
96993280
97255424
97517568
97779712
98041856
98304000
98566144
98828288
99090432
99352576
99614720
99876864
100139008
100401152
100663296
100925440
101187584
101449728
101711872
101974016
102236160
102498304
102760448
103022592
103284736
103546880
103809024
104071168
104333312
104595456
104857600
105119744
105381888
105644032
105906176
106168320
106430464
106692608
106954752
107216896
107479040
107741184
108003328
108265472
108527616
108789760
109051904
109314048
109576192
109838336
110100480
110362624
110624768
110886912
111149056
111411200
111673344
111935488
112197632
112459776
112721920
112984064
113246208
113508352
113770496
114032640
114294784
114556928
114819072
115081216
115343360
115605504
115867648
116129792
116391936
116654080
116916224
117178368
117440512
117702656
117964800
118226944
118489088
118751232
119013376
119275520
119537664
119799808
120061952
120324096
120586240
120848384
121110528
121372672
121634816
121896960
122159104
122421248
122683392
122945536
123207680
123469824
123731968
123994112
124256256
124518400
124780544
125042688
125304832
125566976
125829120
126091264
126353408
126615552
126877696
127139840
127401984
127664128
127926272
128188416
128450560
128712704
128974848
129236992
129499136
129761280
130023424
130285568
130547712
130809856
131072000
131334144
131596288
131858432
132120576
132382720
132644864
132907008
133169152
133431296
133693440
133955584
134217728
134479872
134742016
135004160
135266304
135528448
135790592
136052736
136314880
136577024
136839168
137101312
137363456
137625600
137887744
138149888
138412032
138674176
138936320
139198464
139460608
139722752
139984896
140247040
140509184
140771328
141033472
141295616
141557760
141819904
142082048
142344192
142606336
142868480
143130624
143392768
143654912
143917056
144179200
144441344
144703488
144965632
145227776
145489920
145752064
146014208
146276352
146538496
146800640
147062784
147324928
147587072
147849216
148111360
148373504
148635648
148897792
149159936
149422080
149684224
149946368
150208512
150470656
150732800
150994944
151257088
151519232
151781376
152043520
152305664
152567808
152829952
153092096
153354240
153616384
153878528
154140672
154402816
154664960
154927104
155189248
155451392
155713536
155975680
156237824
156499968
156762112
157024256
157286400
157548544
157810688
158072832
158334976
158597120
158859264
159121408
159383552
159645696
159907840
160169984
160432128
160694272
160956416
161218560
161480704
161742848
162004992
162267136
162529280
162791424
163053568
163315712
163577856
163840000
164102144
164364288
164626432
164888576
165150720
165412864
165675008
165937152
166199296
166461440
166723584
166985728
167247872
167510016
167772160
168034304
168296448
168558592
168820736
169082880
169345024
169607168
169869312
170131456
170393600
170655744
170917888
171180032
171442176
171704320
171966464
172228608
172490752
172752896
173015040
173277184
173539328
173801472
174063616
174325760
174587904
174850048
175112192
175374336
175636480
175898624
176160768
176422912
176685056
176947200
177209344
177471488
177733632
177995776
178257920
178520064
178782208
179044352
179306496
179568640
179830784
180092928
180355072
180617216
180879360
181141504
181403648
181665792
181927936
182190080
182452224
182714368
182976512
183238656
183500800
183762944
184025088
184287232
184549376
184811520
185073664
185335808
185597952
185860096
186122240
186384384
186646528
186908672
187170816
187432960
187695104
187957248
188219392
188481536
188743680
189005824
189267968
189530112
189792256
190054400
190316544
190578688
190840832
191102976
191365120
191627264
191889408
192151552
192413696
192675840
192937984
193200128
193462272
193724416
193986560
194248704
194510848
194772992
195035136
195297280
195559424
195821568
196083712
196345856
196608000
196870144
197132288
197394432
197656576
197918720
198180864
198443008
198705152
198967296
199229440
199491584
199753728
200015872
200278016
200540160
200802304
201064448
201326592
201588736
201850880
202113024
202375168
202637312
202899456
203161600
203423744
203685888
203948032
204210176
204472320
204734464
204996608
205258752
205520896
205783040
206045184
206307328
206569472
206831616
207093760
207355904
207618048
207880192
208142336
208404480
208666624
208928768
209190912
209453056
209715200
209977344
210239488
210501632
210763776
211025920
211288064
211550208
211812352
212074496
212336640
212598784
212860928
213123072
213385216
213647360
213909504
214171648
214433792
214695936
214958080
215220224
215482368
215744512
216006656
216268800
216530944
216793088
217055232
217317376
217579520
217841664
218103808
218365952
218628096
218890240
219152384
219414528
219676672
219938816
220200960
220463104
220725248
220987392
221249536
221511680
221773824
222035968
222298112
222560256
222822400
223084544
223346688
223608832
223870976
224133120
224395264
224657408
224919552
225181696
225443840
225705984
225968128
226230272
226492416
226754560
227016704
227278848
227540992
227803136
228065280
228327424
228589568
228851712
229113856
229376000
229638144
229900288
230162432
230424576
230686720
230948864
231211008
231473152
231735296
231997440
232259584
232521728
232783872
233046016
233308160
233570304
233832448
234094592
234356736
234618880
234881024
235143168
235405312
235667456
235929600
236191744
236453888
236716032
236978176
237240320
237502464
237764608
238026752
238288896
238551040
238813184
239075328
239337472
239599616
239861760
240123904
240386048
240648192
240910336
241172480
241434624
241696768
241958912
242221056
242483200
242745344
243007488
243269632
243531776
243793920
244056064
244318208
244580352
244842496
245104640
245366784
245628928
245891072
246153216
246415360
246677504
246939648
247201792
247463936
247726080
247988224
248250368
248512512
248774656
249036800
249298944
249561088
249823232
250085376
250347520
250609664
250871808
251133952
251396096
251658240
251920384
252182528
252444672
252706816
252968960
253231104
253493248
253755392
254017536
254279680
254541824
254803968
255066112
255328256
255590400
255852544
256114688
256376832
256638976
256901120
257163264
257425408
257687552
257949696
258211840
258473984
258736128
258998272
259260416
259522560
259784704
260046848
260308992
260571136
260833280
261095424
261357568
261619712
261881856
262144000
262406144
262668288
262930432
263192576
263454720
263716864
263979008
264241152
264503296
264765440
265027584
265289728
265551872
265814016
266076160
266338304
266600448
266862592
267124736
267386880
267649024
267911168
268173312
268435456
268697600
268959744
269221888
269484032
269746176
270008320
270270464
270532608
270794752
271056896
271319040
271581184
271843328
272105472
272367616
272629760
272891904
273154048
273416192
273678336
273940480
274202624
274464768
274726912
274989056
275251200
275513344
275775488
276037632
276299776
276561920
276824064
277086208
277348352
277610496
277872640
278134784
278396928
278659072
278921216
279183360
279445504
279707648
279969792
280231936
280494080
280756224
281018368
281280512
281542656
281804800
282066944
282329088
282591232
282853376
283115520
283377664
283639808
283901952
284164096
284426240
284688384
284950528
285212672
285474816
285736960
285999104
286261248
286523392
286785536
287047680
287309824
287571968
287834112
288096256
288358400
288620544
288882688
289144832
289406976
289669120
289931264
290193408
290455552
290717696
290979840
291241984
291504128
291766272
292028416
292290560
292552704
292814848
293076992
293339136
293601280
293863424
294125568
294387712
294649856
294912000
295174144
295436288
295698432
295960576
296222720
296484864
296747008
297009152
297271296
297533440
297795584
298057728
298319872
298582016
298844160
299106304
299368448
299630592
299892736
300154880
300417024
300679168
300941312
301203456
301465600
301727744
301989888
302252032
302514176
302776320
303038464
303300608
303562752
303824896
304087040
304349184
304611328
304873472
305135616
305397760
305659904
305922048
306184192
306446336
306708480
306970624
307232768
307494912
307757056
308019200
308281344
308543488
308805632
309067776
309329920
309592064
309854208
310116352
310378496
310640640
310902784
311164928
311427072
311689216
311951360
312213504
312475648
312737792
312999936
313262080
313524224
313786368
314048512
314310656
314572800
314834944
315097088
315359232
315621376
315883520
316145664
316407808
316669952
316932096
317194240
317456384
317718528
317980672
318242816
318504960
318767104
319029248
319291392
319553536
319815680
320077824
320339968
320602112
320864256
321126400
321388544
321650688
321912832
322174976
322437120
322699264
322961408
323223552
323485696
323747840
324009984
324272128
324534272
324796416
325058560
325320704
325582848
325844992
326107136
326369280
326631424
326893568
327155712
327417856
327680000
327942144
328204288
328466432
328728576
328990720
329252864
329515008
329777152
330039296
330301440
330563584
330825728
331087872
331350016
331612160
331874304
332136448
332398592
332660736
332922880
333185024
333447168
333709312
333971456
334233600
334495744
334757888
335020032
335282176
335544320
335806464
336068608
336330752
336592896
336855040
337117184
337379328
337641472
337903616
338165760
338427904
338690048
338952192
339214336
339476480
339738624
340000768
340262912
340525056
340787200
341049344
341311488
341573632
341835776
342097920
342360064
342622208
342884352
343146496
343408640
343670784
343932928
344195072
344457216
344719360
344981504
345243648
345505792
345767936
346030080
346292224
346554368
346816512
347078656
347340800
347602944
347865088
348127232
348389376
348651520
348913664
349175808
349437952
349700096
349962240
350224384
350486528
350748672
351010816
351272960
351535104
351797248
352059392
352321536
352583680
352845824
353107968
353370112
353632256
353894400
354156544
354418688
354680832
354942976
355205120
355467264
355729408
355991552
356253696
356515840
356777984
357040128
357302272
357564416
357826560
358088704
358350848
358612992
358875136
359137280
359399424
359661568
359923712
360185856
360448000
360710144
360972288
361234432
361496576
361758720
362020864
362283008
362545152
362807296
363069440
363331584
363593728
363855872
364118016
364380160
364642304
364904448
365166592
365428736
365690880
365953024
366215168
366477312
366739456
367001600
367263744
367525888
367788032
368050176
368312320
368574464
368836608
369098752
369360896
369623040
369885184
370147328
370409472
370671616
370933760
371195904
371458048
371720192
371982336
372244480
372506624
372768768
373030912
373293056
373555200
373817344
374079488
374341632
374603776
374865920
375128064
375390208
375652352
375914496
376176640
376438784
376700928
376963072
377225216
377487360
377749504
378011648
378273792
378535936
378798080
379060224
379322368
379584512
379846656
380108800
380370944
380633088
380895232
381157376
381419520
381681664
381943808
382205952
382468096
382730240
382992384
383254528
383516672
383778816
384040960
384303104
384565248
384827392
385089536
385351680
385613824
385875968
386138112
386400256
386662400
386924544
387186688
387448832
387710976
387973120
388235264
388497408
388759552
389021696
389283840
389545984
389808128
390070272
390332416
390594560
390856704
391118848
391380992
391643136
391905280
392167424
392429568
392691712
392953856
393216000
393478144
393740288
394002432
394264576
394526720
394788864
395051008
395313152
395575296
395837440
396099584
396361728
396623872
396886016
397148160
397410304
397672448
397934592
398196736
398458880
398721024
398983168
399245312
399507456
399769600
400031744
400293888
400556032
400818176
401080320
401342464
401604608
401866752
402128896
402391040
402653184
402915328
403177472
403439616
403701760
403963904
404226048
404488192
404750336
405012480
405274624
405536768
405798912
406061056
406323200
406585344
406847488
407109632
407371776
407633920
407896064
408158208
408420352
408682496
408944640
409206784
409468928
409731072
409993216
410255360
410517504
410779648
411041792
411303936
411566080
411828224
412090368
412352512
412614656
412876800
413138944
413401088
413663232
413925376
414187520
414449664
414711808
414973952
415236096
415498240
415760384
416022528
416284672
416546816
416808960
417071104
417333248
417595392
417857536
418119680
418381824
418643968
418906112
419168256
419430400
419692544
419954688
420216832
420478976
420741120
421003264
421265408
421527552
421789696
422051840
422313984
422576128
422838272
423100416
423362560
423624704
423886848
424148992
424411136
424673280
424935424
425197568
425459712
425721856
425984000
426246144
426508288
426770432
427032576
427294720
427556864
427819008
428081152
428343296
428605440
428867584
429129728
429391872
429654016
429916160
430178304
430440448
430702592
430964736
431226880
431489024
431751168
432013312
432275456
432537600
432799744
433061888
433324032
433586176
433848320
434110464
434372608
434634752
434896896
435159040
435421184
435683328
435945472
436207616
436469760
436731904
436994048
437256192
437518336
437780480
438042624
438304768
438566912
438829056
439091200
439353344
439615488
439877632
440139776
440401920
440664064
440926208
441188352
441450496
441712640
441974784
442236928
442499072
442761216
443023360
443285504
443547648
443809792
444071936
444334080
444596224
444858368
445120512
445382656
445644800
445906944
446169088
446431232
446693376
446955520
447217664
447479808
447741952
448004096
448266240
448528384
448790528
449052672
449314816
449576960
449839104
450101248
450363392
450625536
450887680
451149824
451411968
451674112
451936256
452198400
452460544
452722688
452984832
453246976
453509120
453771264
454033408
454295552
454557696
454819840
455081984
455344128
455606272
455868416
456130560
456392704
456654848
456916992
457179136
457441280
457703424
457965568
458227712
458489856
458752000
459014144
459276288
459538432
459800576
460062720
460324864
460587008
460849152
461111296
461373440
461635584
461897728
462159872
462422016
462684160
462946304
463208448
463470592
463732736
463994880
464257024
464519168
464781312
465043456
465305600
465567744
465829888
466092032
466354176
466616320
466878464
467140608
467402752
467664896
467927040
468189184
468451328
468713472
468975616
469237760
469499904
469762048
470024192
470286336
470548480
470810624
471072768
471334912
471597056
471859200
472121344
472383488
472645632
472907776
473169920
473432064
473694208
473956352
474218496
474480640
474742784
475004928
475267072
475529216
475791360
476053504
476315648
476577792
476839936
477102080
477364224
477626368
477888512
478150656
478412800
478674944
478937088
479199232
479461376
479723520
479985664
480247808
480509952
480772096
481034240
481296384
481558528
481820672
482082816
482344960
482607104
482869248
483131392
483393536
483655680
483917824
484179968
484442112
484704256
484966400
485228544
485490688
485752832
486014976
486277120
486539264
486801408
487063552
487325696
487587840
487849984
488112128
488374272
488636416
488898560
489160704
489422848
489684992
489947136
490209280
490471424
490733568
490995712
491257856
491520000
491782144
492044288
492306432
492568576
492830720
493092864
493355008
493617152
493879296
494141440
494403584
494665728
494927872
495190016
495452160
495714304
495976448
496238592
496500736
496762880
497025024
497287168
497549312
497811456
498073600
498335744
498597888
498860032
499122176
499384320
499646464
499908608
500170752
500432896
500695040
500957184
501219328
501481472
501743616
502005760
502267904
502530048
502792192
503054336
503316480
503578624
503840768
504102912
504365056
504627200
504889344
505151488
505413632
505675776
505937920
506200064
506462208
506724352
506986496
507248640
507510784
507772928
508035072
508297216
508559360
508821504
509083648
509345792
509607936
509870080
510132224
510394368
510656512
510918656
511180800
511442944
511705088
511967232
512229376
512491520
512753664
513015808
513277952
513540096
513802240
514064384
514326528
514588672
514850816
515112960
515375104
515637248
515899392
516161536
516423680
516685824
516947968
517210112
517472256
517734400
517996544
518258688
518520832
518782976
519045120
519307264
519569408
519831552
520093696
520355840
520617984
520880128
521142272
521404416
521666560
521928704
522190848
522452992
522715136
522977280
523239424
523501568
523763712
524025856
524288000
524550144
524812288
525074432
525336576
525598720
525860864
526123008
526385152
526647296
526909440
527171584
527433728
527695872
527958016
528220160
528482304
528744448
529006592
529268736
529530880
529793024
530055168
530317312
530579456
530841600
531103744
531365888
531628032
531890176
532152320
532414464
532676608
532938752
533200896
533463040
533725184
533987328
534249472
534511616
534773760
535035904
535298048
535560192
535822336
536084480
536346624
536608768
536870912
537133056
537395200
537657344
537919488
538181632
538443776
538705920
538968064
539230208
539492352
539754496
540016640
540278784
540540928
540803072
541065216
541327360
541589504
541851648
542113792
542375936
542638080
542900224
543162368
543424512
543686656
543948800
544210944
544473088
544735232
544997376
545259520
545521664
545783808
546045952
546308096
546570240
546832384
547094528
547356672
547618816
547880960
548143104
548405248
548667392
548929536
549191680
549453824
549715968
549978112
550240256
550502400
550764544
551026688
551288832
551550976
551813120
552075264
552337408
552599552
552861696
553123840
553385984
553648128
553910272
554172416
554434560
554696704
554958848
555220992
555483136
555745280
556007424
556269568
556531712
556793856
557056000
557318144
557580288
557842432
558104576
558366720
558628864
558891008
559153152
559415296
559677440
559939584
560201728
560463872
560726016
560988160
561250304
561512448
561774592
562036736
562298880
562561024
562823168
563085312
563347456
563609600
563871744
564133888
564396032
564658176
564920320
565182464
565444608
565706752
565968896
566231040
566493184
566755328
567017472
567279616
567541760
567803904
568066048
568328192
568590336
568852480
569114624
569376768
569638912
569901056
570163200
570425344
570687488
570949632
571211776
571473920
571736064
571998208
572260352
572522496
572784640
573046784
573308928
573571072
573833216
574095360
574357504
574619648
574881792
575143936
575406080
575668224
575930368
576192512
576454656
576716800
576978944
577241088
577503232
577765376
578027520
578289664
578551808
578813952
579076096
579338240
579600384
579862528
580124672
580386816
580648960
580911104
581173248
581435392
581697536
581959680
582221824
582483968
582746112
583008256
583270400
583532544
583794688
584056832
584318976
584581120
584843264
585105408
585367552
585629696
585891840
586153984
586416128
586678272
586940416
587202560
587464704
587726848
587988992
588251136
588513280
588775424
589037568
589299712
589561856
589824000
590086144
590348288
590610432
590872576
591134720
591396864
591659008
591921152
592183296
592445440
592707584
592969728
593231872
593494016
593756160
594018304
594280448
594542592
594804736
595066880
595329024
595591168
595853312
596115456
596377600
596639744
596901888
597164032
597426176
597688320
597950464
598212608
598474752
598736896
598999040
599261184
599523328
599785472
600047616
600309760
600571904
600834048
601096192
601358336
601620480
601882624
602144768
602406912
602669056
602931200
603193344
603455488
603717632
603979776
604241920
604504064
604766208
605028352
605290496
605552640
605814784
606076928
606339072
606601216
606863360
607125504
607387648
607649792
607911936
608174080
608436224
608698368
608960512
609222656
609484800
609746944
610009088
610271232
610533376
610795520
611057664
611319808
611581952
611844096
612106240
612368384
612630528
612892672
613154816
613416960
613679104
613941248
614203392
614465536
614727680
614989824
615251968
615514112
615776256
616038400
616300544
616562688
616824832
617086976
617349120
617611264
617873408
618135552
618397696
618659840
618921984
619184128
619446272
619708416
619970560
620232704
620494848
620756992
621019136
621281280
621543424
621805568
622067712
622329856
622592000
622854144
623116288
623378432
623640576
623902720
624164864
624427008
624689152
624951296
625213440
625475584
625737728
625999872
626262016
626524160
626786304
627048448
627310592
627572736
627834880
628097024
628359168
628621312
628883456
629145600
629407744
629669888
629932032
630194176
630456320
630718464
630980608
631242752
631504896
631767040
632029184
632291328
632553472
632815616
633077760
633339904
633602048
633864192
634126336
634388480
634650624
634912768
635174912
635437056
635699200
635961344
636223488
636485632
636747776
637009920
637272064
637534208
637796352
638058496
638320640
638582784
638844928
639107072
639369216
639631360
639893504
640155648
640417792
640679936
640942080
641204224
641466368
641728512
641990656
642252800
642514944
642777088
643039232
643301376
643563520
643825664
644087808
644349952
644612096
644874240
645136384
645398528
645660672
645922816
646184960
646447104
646709248
646971392
647233536
647495680
647757824
648019968
648282112
648544256
648806400
649068544
649330688
649592832
649854976
650117120
650379264
650641408
650903552
651165696
651427840
651689984
651952128
652214272
652476416
652738560
653000704
653262848
653524992
653787136
654049280
654311424
654573568
654835712
655097856
655360000
655622144
655884288
656146432
656408576
656670720
656932864
657195008
657457152
657719296
657981440
658243584
658505728
658767872
659030016
659292160
659554304
659816448
660078592
660340736
660602880
660865024
661127168
661389312
661651456
661913600
662175744
662437888
662700032
662962176
663224320
663486464
663748608
664010752
664272896
664535040
664797184
665059328
665321472
665583616
665845760
666107904
666370048
666632192
666894336
667156480
667418624
667680768
667942912
668205056
668467200
668729344
668991488
669253632
669515776
669777920
670040064
670302208
670564352
670826496
671088640
671350784
671612928
671875072
672137216
672399360
672661504
672923648
673185792
673447936
673710080
673972224
674234368
674496512
674758656
675020800
675282944
675545088
675807232
676069376
676331520
676593664
676855808
677117952
677380096
677642240
677904384
678166528
678428672
678690816
678952960
679215104
679477248
679739392
680001536
680263680
680525824
680787968
681050112
681312256
681574400
681836544
682098688
682360832
682622976
682885120
683147264
683409408
683671552
683933696
684195840
684457984
684720128
684982272
685244416
685506560
685768704
686030848
686292992
686555136
686817280
687079424
687341568
687603712
687865856
688128000
688390144
688652288
688914432
689176576
689438720
689700864
689963008
690225152
690487296
690749440
691011584
691273728
691535872
691798016
692060160
692322304
692584448
692846592
693108736
693370880
693633024
693895168
694157312
694419456
694681600
694943744
695205888
695468032
695730176
695992320
696254464
696516608
696778752
697040896
697303040
697565184
697827328
698089472
698351616
698613760
698875904
699138048
699400192
699662336
699924480
700186624
700448768
700710912
700973056
701235200
701497344
701759488
702021632
702283776
702545920
702808064
703070208
703332352
703594496
703856640
704118784
704380928
704643072
704905216
705167360
705429504
705691648
705953792
706215936
706478080
706740224
707002368
707264512
707526656
707788800
708050944
708313088
708575232
708837376
709099520
709361664
709623808
709885952
710148096
710410240
710672384
710934528
711196672
711458816
711720960
711983104
712245248
712507392
712769536
713031680
713293824
713555968
713818112
714080256
714342400
714604544
714866688
715128832
715390976
715653120
715915264
716177408
716439552
716701696
716963840
717225984
717488128
717750272
718012416
718274560
718536704
718798848
719060992
719323136
719585280
719847424
720109568
720371712
720633856
720896000
721158144
721420288
721682432
721944576
722206720
722468864
722731008
722993152
723255296
723517440
723779584
724041728
724303872
724566016
724828160
725090304
725352448
725614592
725876736
726138880
726401024
726663168
726925312
727187456
727449600
727711744
727973888
728236032
728498176
728760320
729022464
729284608
729546752
729808896
730071040
730333184
730595328
730857472
731119616
731381760
731643904
731906048
732168192
732430336
732692480
732954624
733216768
733478912
733741056
734003200
734265344
734527488
734789632
735051776
735313920
735576064
735838208
736100352
736362496
736624640
736886784
737148928
737411072
737673216
737935360
738197504
738459648
738721792
738983936
739246080
739508224
739770368
740032512
740294656
740556800
740818944
741081088
741343232
741605376
741867520
742129664
742391808
742653952
742916096
743178240
743440384
743702528
743964672
744226816
744488960
744751104
745013248
745275392
745537536
745799680
746061824
746323968
746586112
746848256
747110400
747372544
747634688
747896832
748158976
748421120
748683264
748945408
749207552
749469696
749731840
749993984
750256128
750518272
750780416
751042560
751304704
751566848
751828992
752091136
752353280
752615424
752877568
753139712
753401856
753664000
753926144
754188288
754450432
754712576
754974720
755236864
755499008
755761152
756023296
756285440
756547584
756809728
757071872
757334016
757596160
757858304
758120448
758382592
758644736
758906880
759169024
759431168
759693312
759955456
760217600
760479744
760741888
761004032
761266176
761528320
761790464
762052608
762314752
762576896
762839040
763101184
763363328
763625472
763887616
764149760
764411904
764674048
764936192
765198336
765460480
765722624
765984768
766246912
766509056
766771200
767033344
767295488
767557632
767819776
768081920
768344064
768606208
768868352
769130496
769392640
769654784
769916928
770179072
770441216
770703360
770965504
771227648
771489792
771751936
772014080
772276224
772538368
772800512
773062656
773324800
773586944
773849088
774111232
774373376
774635520
774897664
775159808
775421952
775684096
775946240
776208384
776470528
776732672
776994816
777256960
777519104
777781248
778043392
778305536
778567680
778829824
779091968
779354112
779616256
779878400
780140544
780402688
780664832
780926976
781189120
781451264
781713408
781975552
782237696
782499840
782761984
783024128
783286272
783548416
783810560
784072704
784334848
784596992
784859136
785121280
785383424
785645568
785907712
786169856
786432000
786694144
786956288
787218432
787480576
787742720
788004864
788267008
788529152
788791296
789053440
789315584
789577728
789839872
790102016
790364160
790626304
790888448
791150592
791412736
791674880
791937024
792199168
792461312
792723456
792985600
793247744
793509888
793772032
794034176
794296320
794558464
794820608
795082752
795344896
795607040
795869184
796131328
796393472
796655616
796917760
797179904
797442048
797704192
797966336
798228480
798490624
798752768
799014912
799277056
799539200
799801344
800063488
800325632
800587776
800849920
801112064
801374208
801636352
801898496
802160640
802422784
802684928
802947072
803209216
803471360
803733504
803995648
804257792
804519936
804782080
805044224
805306368
805568512
805830656
806092800
806354944
806617088
806879232
807141376
807403520
807665664
807927808
808189952
808452096
808714240
808976384
809238528
809500672
809762816
810024960
810287104
810549248
810811392
811073536
811335680
811597824
811859968
812122112
812384256
812646400
812908544
813170688
813432832
813694976
813957120
814219264
814481408
814743552
815005696
815267840
815529984
815792128
816054272
816316416
816578560
816840704
817102848
817364992
817627136
817889280
818151424
818413568
818675712
818937856
819200000
819462144
819724288
819986432
820248576
820510720
820772864
821035008
821297152
821559296
821821440
822083584
822345728
822607872
822870016
823132160
823394304
823656448
823918592
824180736
824442880
824705024
824967168
825229312
825491456
825753600
826015744
826277888
826540032
826802176
827064320
827326464
827588608
827850752
828112896
828375040
828637184
828899328
829161472
829423616
829685760
829947904
830210048
830472192
830734336
830996480
831258624
831520768
831782912
832045056
832307200
832569344
832831488
833093632
833355776
833617920
833880064
834142208
834404352
834666496
834928640
835190784
835452928
835715072
835977216
836239360
836501504
836763648
837025792
837287936
837550080
837812224
838074368
838336512
838598656
838860800
839122944
839385088
839647232
839909376
840171520
840433664
840695808
840957952
841220096
841482240
841744384
842006528
842268672
842530816
842792960
843055104
843317248
843579392
843841536
844103680
844365824
844627968
844890112
845152256
845414400
845676544
845938688
846200832
846462976
846725120
846987264
847249408
847511552
847773696
848035840
848297984
848560128
848822272
849084416
849346560
849608704
849870848
850132992
850395136
850657280
850919424
851181568
851443712
851705856
851968000
852230144
852492288
852754432
853016576
853278720
853540864
853803008
854065152
854327296
854589440
854851584
855113728
855375872
855638016
855900160
856162304
856424448
856686592
856948736
857210880
857473024
857735168
857997312
858259456
858521600
858783744
859045888
859308032
859570176
859832320
860094464
860356608
860618752
860880896
861143040
861405184
861667328
861929472
862191616
862453760
862715904
862978048
863240192
863502336
863764480
864026624
864288768
864550912
864813056
865075200
865337344
865599488
865861632
866123776
866385920
866648064
866910208
867172352
867434496
867696640
867958784
868220928
868483072
868745216
869007360
869269504
869531648
869793792
870055936
870318080
870580224
870842368
871104512
871366656
871628800
871890944
872153088
872415232
872677376
872939520
873201664
873463808
873725952
873988096
874250240
874512384
874774528
875036672
875298816
875560960
875823104
876085248
876347392
876609536
876871680
877133824
877395968
877658112
877920256
878182400
878444544
878706688
878968832
879230976
879493120
879755264
880017408
880279552
880541696
880803840
881065984
881328128
881590272
881852416
882114560
882376704
882638848
882900992
883163136
883425280
883687424
883949568
884211712
884473856
884736000
884998144
885260288
885522432
885784576
886046720
886308864
886571008
886833152
887095296
887357440
887619584
887881728
888143872
888406016
888668160
888930304
889192448
889454592
889716736
889978880
890241024
890503168
890765312
891027456
891289600
891551744
891813888
892076032
892338176
892600320
892862464
893124608
893386752
893648896
893911040
894173184
894435328
894697472
894959616
895221760
895483904
895746048
896008192
896270336
896532480
896794624
897056768
897318912
897581056
897843200
898105344
898367488
898629632
898891776
899153920
899416064
899678208
899940352
900202496
900464640
900726784
900988928
901251072
901513216
901775360
902037504
902299648
902561792
902823936
903086080
903348224
903610368
903872512
904134656
904396800
904658944
904921088
905183232
905445376
905707520
905969664
906231808
906493952
906756096
907018240
907280384
907542528
907804672
908066816
908328960
908591104
908853248
909115392
909377536
909639680
909901824
910163968
910426112
910688256
910950400
911212544
911474688
911736832
911998976
912261120
912523264
912785408
913047552
913309696
913571840
913833984
914096128
914358272
914620416
914882560
915144704
915406848
915668992
915931136
916193280
916455424
916717568
916979712
917241856
917504000
917766144
918028288
918290432
918552576
918814720
919076864
919339008
919601152
919863296
920125440
920387584
920649728
920911872
921174016
921436160
921698304
921960448
922222592
922484736
922746880
923009024
923271168
923533312
923795456
924057600
924319744
924581888
924844032
925106176
925368320
925630464
925892608
926154752
926416896
926679040
926941184
927203328
927465472
927727616
927989760
928251904
928514048
928776192
929038336
929300480
929562624
929824768
930086912
930349056
930611200
930873344
931135488
931397632
931659776
931921920
932184064
932446208
932708352
932970496
933232640
933494784
933756928
934019072
934281216
934543360
934805504
935067648
935329792
935591936
935854080
936116224
936378368
936640512
936902656
937164800
937426944
937689088
937951232
938213376
938475520
938737664
938999808
939261952
939524096
939786240
940048384
940310528
940572672
940834816
941096960
941359104
941621248
941883392
942145536
942407680
942669824
942931968
943194112
943456256
943718400
943980544
944242688
944504832
944766976
945029120
945291264
945553408
945815552
946077696
946339840
946601984
946864128
947126272
947388416
947650560
947912704
948174848
948436992
948699136
948961280
949223424
949485568
949747712
950009856
950272000
950534144
950796288
951058432
951320576
951582720
951844864
952107008
952369152
952631296
952893440
953155584
953417728
953679872
953942016
954204160
954466304
954728448
954990592
955252736
955514880
955777024
956039168
956301312
956563456
956825600
957087744
957349888
957612032
957874176
958136320
958398464
958660608
958922752
959184896
959447040
959709184
959971328
960233472
960495616
960757760
961019904
961282048
961544192
961806336
962068480
962330624
962592768
962854912
963117056
963379200
963641344
963903488
964165632
964427776
964689920
964952064
965214208
965476352
965738496
966000640
966262784
966524928
966787072
967049216
967311360
967573504
967835648
968097792
968359936
968622080
968884224
969146368
969408512
969670656
969932800
970194944
970457088
970719232
970981376
971243520
971505664
971767808
972029952
972292096
972554240
972816384
973078528
973340672
973602816
973864960
974127104
974389248
974651392
974913536
975175680
975437824
975699968
975962112
976224256
976486400
976748544
977010688
977272832
977534976
977797120
978059264
978321408
978583552
978845696
979107840
979369984
979632128
979894272
980156416
980418560
980680704
980942848
981204992
981467136
981729280
981991424
982253568
982515712
982777856
983040000
983302144
983564288
983826432
984088576
984350720
984612864
984875008
985137152
985399296
985661440
985923584
986185728
986447872
986710016
986972160
987234304
987496448
987758592
988020736
988282880
988545024
988807168
989069312
989331456
989593600
989855744
990117888
990380032
990642176
990904320
991166464
991428608
991690752
991952896
992215040
992477184
992739328
993001472
993263616
993525760
993787904
994050048
994312192
994574336
994836480
995098624
995360768
995622912
995885056
996147200
996409344
996671488
996933632
997195776
997457920
997720064
997982208
998244352
998506496
998768640
999030784
999292928
999555072
999817216
1000079360
1000341504
1000603648
1000865792
1001127936
1001390080
1001652224
1001914368
1002176512
1002438656
1002700800
1002962944
1003225088
1003487232
1003749376
1004011520
1004273664
1004535808
1004797952
1005060096
1005322240
1005584384
1005846528
1006108672
1006370816
1006632960
1006895104
1007157248
1007419392
1007681536
1007943680
1008205824
1008467968
1008730112
1008992256
1009254400
1009516544
1009778688
1010040832
1010302976
1010565120
1010827264
1011089408
1011351552
1011613696
1011875840
1012137984
1012400128
1012662272
1012924416
1013186560
1013448704
1013710848
1013972992
1014235136
1014497280
1014759424
1015021568
1015283712
1015545856
1015808000
1016070144
1016332288
1016594432
1016856576
1017118720
1017380864
1017643008
1017905152
1018167296
1018429440
1018691584
1018953728
1019215872
1019478016
1019740160
1020002304
1020264448
1020526592
1020788736
1021050880
1021313024
1021575168
1021837312
1022099456
1022361600
1022623744
1022885888
1023148032
1023410176
1023672320
1023934464
1024196608
1024458752
1024720896
1024983040
1025245184
1025507328
1025769472
1026031616
1026293760
1026555904
1026818048
1027080192
1027342336
1027604480
1027866624
1028128768
1028390912
1028653056
1028915200
1029177344
1029439488
1029701632
1029963776
1030225920
1030488064
1030750208
1031012352
1031274496
1031536640
1031798784
1032060928
1032323072
1032585216
1032847360
1033109504
1033371648
1033633792
1033895936
1034158080
1034420224
1034682368
1034944512
1035206656
1035468800
1035730944
1035993088
1036255232
1036517376
1036779520
1037041664
1037303808
1037565952
1037828096
1038090240
1038352384
1038614528
1038876672
1039138816
1039400960
1039663104
1039925248
1040187392
1040449536
1040711680
1040973824
1041235968
1041498112
1041760256
1042022400
1042284544
1042546688
1042808832
1043070976
1043333120
1043595264
1043857408
1044119552
1044381696
1044643840
1044905984
1045168128
1045430272
1045692416
1045954560
1046216704
1046478848
1046740992
1047003136
1047265280
1047527424
1047789568
1048051712
1048313856
1048576000
1048838144
1049100288
1049362432
1049624576
1049886720
1050148864
1050411008
1050673152
1050935296
1051197440
1051459584
1051721728
1051983872
1052246016
1052508160
1052770304
1053032448
1053294592
1053556736
1053818880
1054081024
1054343168
1054605312
1054867456
1055129600
1055391744
1055653888
1055916032
1056178176
1056440320
1056702464
1056964608
1057226752
1057488896
1057751040
1058013184
1058275328
1058537472
1058799616
1059061760
1059323904
1059586048
1059848192
1060110336
1060372480
1060634624
1060896768
1061158912
1061421056
1061683200
1061945344
1062207488
1062469632
1062731776
1062993920
1063256064
1063518208
1063780352
1064042496
1064304640
1064566784
1064828928
1065091072
1065353216
1065615360
1065877504
1066139648
1066401792
1066663936
1066926080
1067188224
1067450368
1067712512
1067974656
1068236800
1068498944
1068761088
1069023232
1069285376
1069547520
1069809664
1070071808
1070333952
1070596096
1070858240
1071120384
1071382528
1071644672
1071906816
1072168960
1072431104
1072693248
1072955392
1073217536
1073479680
1073741824
1074003968
1074266112
1074528256
1074790400
1075052544
1075314688
1075576832
1075838976
1076101120
1076363264
1076625408
1076887552
1077149696
1077411840
1077673984
1077936128
1078198272
1078460416
1078722560
1078984704
1079246848
1079508992
1079771136
1080033280
1080295424
1080557568
1080819712
1081081856
1081344000
1081606144
1081868288
1082130432
1082392576
1082654720
1082916864
1083179008
1083441152
1083703296
1083965440
1084227584
1084489728
1084751872
1085014016
1085276160
1085538304
1085800448
1086062592
1086324736
1086586880
1086849024
1087111168
1087373312
1087635456
1087897600
1088159744
1088421888
1088684032
1088946176
1089208320
1089470464
1089732608
1089994752
1090256896
1090519040
1090781184
1091043328
1091305472
1091567616
1091829760
1092091904
1092354048
1092616192
1092878336
1093140480
1093402624
1093664768
1093926912
1094189056
1094451200
1094713344
1094975488
1095237632
1095499776
1095761920
1096024064
1096286208
1096548352
1096810496
1097072640
1097334784
1097596928
1097859072
1098121216
1098383360
1098645504
1098907648
1099169792
1099431936
1099694080
1099956224
1100218368
1100480512
1100742656
1101004800
1101266944
1101529088
1101791232
1102053376
1102315520
1102577664
1102839808
1103101952
1103364096
1103626240
1103888384
1104150528
1104412672
1104674816
1104936960
1105199104
1105461248
1105723392
1105985536
1106247680
1106509824
1106771968
1107034112
1107296256
1107558400
1107820544
1108082688
1108344832
1108606976
1108869120
1109131264
1109393408
1109655552
1109917696
1110179840
1110441984
1110704128
1110966272
1111228416
1111490560
1111752704
1112014848
1112276992
1112539136
1112801280
1113063424
1113325568
1113587712
1113849856
1114112000
1114374144
1114636288
1114898432
1115160576
1115422720
1115684864
1115947008
1116209152
1116471296
1116733440
1116995584
1117257728
1117519872
1117782016
1118044160
1118306304
1118568448
1118830592
1119092736
1119354880
1119617024
1119879168
1120141312
1120403456
1120665600
1120927744
1121189888
1121452032
1121714176
1121976320
1122238464
1122500608
1122762752
1123024896
1123287040
1123549184
1123811328
1124073472
1124335616
1124597760
1124859904
1125122048
1125384192
1125646336
1125908480
1126170624
1126432768
1126694912
1126957056
1127219200
1127481344
1127743488
1128005632
1128267776
1128529920
1128792064
1129054208
1129316352
1129578496
1129840640
1130102784
1130364928
1130627072
1130889216
1131151360
1131413504
1131675648
1131937792
1132199936
1132462080
1132724224
1132986368
1133248512
1133510656
1133772800
1134034944
1134297088
1134559232
1134821376
1135083520
1135345664
1135607808
1135869952
1136132096
1136394240
1136656384
1136918528
1137180672
1137442816
1137704960
1137967104
1138229248
1138491392
1138753536
1139015680
1139277824
1139539968
1139802112
1140064256
1140326400
1140588544
1140850688
1141112832
1141374976
1141637120
1141899264
1142161408
1142423552
1142685696
1142947840
1143209984
1143472128
1143734272
1143996416
1144258560
1144520704
1144782848
1145044992
1145307136
1145569280
1145831424
1146093568
1146355712
1146617856
1146880000
1147142144
1147404288
1147666432
1147928576
1148190720
1148452864
1148715008
1148977152
1149239296
1149501440
1149763584
1150025728
1150287872
1150550016
1150812160
1151074304
1151336448
1151598592
1151860736
1152122880
1152385024
1152647168
1152909312
1153171456
1153433600
1153695744
1153957888
1154220032
1154482176
1154744320
1155006464
1155268608
1155530752
1155792896
1156055040
1156317184
1156579328
1156841472
1157103616
1157365760
1157627904
1157890048
1158152192
1158414336
1158676480
1158938624
1159200768
1159462912
1159725056
1159987200
1160249344
1160511488
1160773632
1161035776
1161297920
1161560064
1161822208
1162084352
1162346496
1162608640
1162870784
1163132928
1163395072
1163657216
1163919360
1164181504
1164443648
1164705792
1164967936
1165230080
1165492224
1165754368
1166016512
1166278656
1166540800
1166802944
1167065088
1167327232
1167589376
1167851520
1168113664
1168375808
1168637952
1168900096
1169162240
1169424384
1169686528
1169948672
1170210816
1170472960
1170735104
1170997248
1171259392
1171521536
1171783680
1172045824
1172307968
1172570112
1172832256
1173094400
1173356544
1173618688
1173880832
1174142976
1174405120
1174667264
1174929408
1175191552
1175453696
1175715840
1175977984
1176240128
1176502272
1176764416
1177026560
1177288704
1177550848
1177812992
1178075136
1178337280
1178599424
1178861568
1179123712
1179385856
1179648000
1179910144
1180172288
1180434432
1180696576
1180958720
1181220864
1181483008
1181745152
1182007296
1182269440
1182531584
1182793728
1183055872
1183318016
1183580160
1183842304
1184104448
1184366592
1184628736
1184890880
1185153024
1185415168
1185677312
1185939456
1186201600
1186463744
1186725888
1186988032
1187250176
1187512320
1187774464
1188036608
1188298752
1188560896
1188823040
1189085184
1189347328
1189609472
1189871616
1190133760
1190395904
1190658048
1190920192
1191182336
1191444480
1191706624
1191968768
1192230912
1192493056
1192755200
1193017344
1193279488
1193541632
1193803776
1194065920
1194328064
1194590208
1194852352
1195114496
1195376640
1195638784
1195900928
1196163072
1196425216
1196687360
1196949504
1197211648
1197473792
1197735936
1197998080
1198260224
1198522368
1198784512
1199046656
1199308800
1199570944
1199833088
1200095232
1200357376
1200619520
1200881664
1201143808
1201405952
1201668096
1201930240
1202192384
1202454528
1202716672
1202978816
1203240960
1203503104
1203765248
1204027392
1204289536
1204551680
1204813824
1205075968
1205338112
1205600256
1205862400
1206124544
1206386688
1206648832
1206910976
1207173120
1207435264
1207697408
1207959552
1208221696
1208483840
1208745984
1209008128
1209270272
1209532416
1209794560
1210056704
1210318848
1210580992
1210843136
1211105280
1211367424
1211629568
1211891712
1212153856
1212416000
1212678144
1212940288
1213202432
1213464576
1213726720
1213988864
1214251008
1214513152
1214775296
1215037440
1215299584
1215561728
1215823872
1216086016
1216348160
1216610304
1216872448
1217134592
1217396736
1217658880
1217921024
1218183168
1218445312
1218707456
1218969600
1219231744
1219493888
1219756032
1220018176
1220280320
1220542464
1220804608
1221066752
1221328896
1221591040
1221853184
1222115328
1222377472
1222639616
1222901760
1223163904
1223426048
1223688192
1223950336
1224212480
1224474624
1224736768
1224998912
1225261056
1225523200
1225785344
1226047488
1226309632
1226571776
1226833920
1227096064
1227358208
1227620352
1227882496
1228144640
1228406784
1228668928
1228931072
1229193216
1229455360
1229717504
1229979648
1230241792
1230503936
1230766080
1231028224
1231290368
1231552512
1231814656
1232076800
1232338944
1232601088
1232863232
1233125376
1233387520
1233649664
1233911808
1234173952
1234436096
1234698240
1234960384
1235222528
1235484672
1235746816
1236008960
1236271104
1236533248
1236795392
1237057536
1237319680
1237581824
1237843968
1238106112
1238368256
1238630400
1238892544
1239154688
1239416832
1239678976
1239941120
1240203264
1240465408
1240727552
1240989696
1241251840
1241513984
1241776128
1242038272
1242300416
1242562560
1242824704
1243086848
1243348992
1243611136
1243873280
1244135424
1244397568
1244659712
1244921856
1245184000
1245446144
1245708288
1245970432
1246232576
1246494720
1246756864
1247019008
1247281152
1247543296
1247805440
1248067584
1248329728
1248591872
1248854016
1249116160
1249378304
1249640448
1249902592
1250164736
1250426880
1250689024
1250951168
1251213312
1251475456
1251737600
1251999744
1252261888
1252524032
1252786176
1253048320
1253310464
1253572608
1253834752
1254096896
1254359040
1254621184
1254883328
1255145472
1255407616
1255669760
1255931904
1256194048
1256456192
1256718336
1256980480
1257242624
1257504768
1257766912
1258029056
1258291200
1258553344
1258815488
1259077632
1259339776
1259601920
1259864064
1260126208
1260388352
1260650496
1260912640
1261174784
1261436928
1261699072
1261961216
1262223360
1262485504
1262747648
1263009792
1263271936
1263534080
1263796224
1264058368
1264320512
1264582656
1264844800
1265106944
1265369088
1265631232
1265893376
1266155520
1266417664
1266679808
1266941952
1267204096
1267466240
1267728384
1267990528
1268252672
1268514816
1268776960
1269039104
1269301248
1269563392
1269825536
1270087680
1270349824
1270611968
1270874112
1271136256
1271398400
1271660544
1271922688
1272184832
1272446976
1272709120
1272971264
1273233408
1273495552
1273757696
1274019840
1274281984
1274544128
1274806272
1275068416
1275330560
1275592704
1275854848
1276116992
1276379136
1276641280
1276903424
1277165568
1277427712
1277689856
1277952000
1278214144
1278476288
1278738432
1279000576
1279262720
1279524864
1279787008
1280049152
1280311296
1280573440
1280835584
1281097728
1281359872
1281622016
1281884160
1282146304
1282408448
1282670592
1282932736
1283194880
1283457024
1283719168
1283981312
1284243456
1284505600
1284767744
1285029888
1285292032
1285554176
1285816320
1286078464
1286340608
1286602752
1286864896
1287127040
1287389184
1287651328
1287913472
1288175616
1288437760
1288699904
1288962048
1289224192
1289486336
1289748480
1290010624
1290272768
1290534912
1290797056
1291059200
1291321344
1291583488
1291845632
1292107776
1292369920
1292632064
1292894208
1293156352
1293418496
1293680640
1293942784
1294204928
1294467072
1294729216
1294991360
1295253504
1295515648
1295777792
1296039936
1296302080
1296564224
1296826368
1297088512
1297350656
1297612800
1297874944
1298137088
1298399232
1298661376
1298923520
1299185664
1299447808
1299709952
1299972096
1300234240
1300496384
1300758528
1301020672
1301282816
1301544960
1301807104
1302069248
1302331392
1302593536
1302855680
1303117824
1303379968
1303642112
1303904256
1304166400
1304428544
1304690688
1304952832
1305214976
1305477120
1305739264
1306001408
1306263552
1306525696
1306787840
1307049984
1307312128
1307574272
1307836416
1308098560
1308360704
1308622848
1308884992
1309147136
1309409280
1309671424
1309933568
1310195712
1310457856
1310720000
1310982144
1311244288
1311506432
1311768576
1312030720
1312292864
1312555008
1312817152
1313079296
1313341440
1313603584
1313865728
1314127872
1314390016
1314652160
1314914304
1315176448
1315438592
1315700736
1315962880
1316225024
1316487168
1316749312
1317011456
1317273600
1317535744
1317797888
1318060032
1318322176
1318584320
1318846464
1319108608
1319370752
1319632896
1319895040
1320157184
1320419328
1320681472
1320943616
1321205760
1321467904
1321730048
1321992192
1322254336
1322516480
1322778624
1323040768
1323302912
1323565056
1323827200
1324089344
1324351488
1324613632
1324875776
1325137920
1325400064
1325662208
1325924352
1326186496
1326448640
1326710784
1326972928
1327235072
1327497216
1327759360
1328021504
1328283648
1328545792
1328807936
1329070080
1329332224
1329594368
1329856512
1330118656
1330380800
1330642944
1330905088
1331167232
1331429376
1331691520
1331953664
1332215808
1332477952
1332740096
1333002240
1333264384
1333526528
1333788672
1334050816
1334312960
1334575104
1334837248
1335099392
1335361536
1335623680
1335885824
1336147968
1336410112
1336672256
1336934400
1337196544
1337458688
1337720832
1337982976
1338245120
1338507264
1338769408
1339031552
1339293696
1339555840
1339817984
1340080128
1340342272
1340604416
1340866560
1341128704
1341390848
1341652992
1341915136
1342177280
1342439424
1342701568
1342963712
1343225856
1343488000
1343750144
1344012288
1344274432
1344536576
1344798720
1345060864
1345323008
1345585152
1345847296
1346109440
1346371584
1346633728
1346895872
1347158016
1347420160
1347682304
1347944448
1348206592
1348468736
1348730880
1348993024
1349255168
1349517312
1349779456
1350041600
1350303744
1350565888
1350828032
1351090176
1351352320
1351614464
1351876608
1352138752
1352400896
1352663040
1352925184
1353187328
1353449472
1353711616
1353973760
1354235904
1354498048
1354760192
1355022336
1355284480
1355546624
1355808768
1356070912
1356333056
1356595200
1356857344
1357119488
1357381632
1357643776
1357905920
1358168064
1358430208
1358692352
1358954496
1359216640
1359478784
1359740928
1360003072
1360265216
1360527360
1360789504
1361051648
1361313792
1361575936
1361838080
1362100224
1362362368
1362624512
1362886656
1363148800
1363410944
1363673088
1363935232
1364197376
1364459520
1364721664
1364983808
1365245952
1365508096
1365770240
1366032384
1366294528
1366556672
1366818816
1367080960
1367343104
1367605248
1367867392
1368129536
1368391680
1368653824
1368915968
1369178112
1369440256
1369702400
1369964544
1370226688
1370488832
1370750976
1371013120
1371275264
1371537408
1371799552
1372061696
1372323840
1372585984
1372848128
1373110272
1373372416
1373634560
1373896704
1374158848
1374420992
1374683136
1374945280
1375207424
1375469568
1375731712
1375993856
1376256000
1376518144
1376780288
1377042432
1377304576
1377566720
1377828864
1378091008
1378353152
1378615296
1378877440
1379139584
1379401728
1379663872
1379926016
1380188160
1380450304
1380712448
1380974592
1381236736
1381498880
1381761024
1382023168
1382285312
1382547456
1382809600
1383071744
1383333888
1383596032
1383858176
1384120320
1384382464
1384644608
1384906752
1385168896
1385431040
1385693184
1385955328
1386217472
1386479616
1386741760
1387003904
1387266048
1387528192
1387790336
1388052480
1388314624
1388576768
1388838912
1389101056
1389363200
1389625344
1389887488
1390149632
1390411776
1390673920
1390936064
1391198208
1391460352
1391722496
1391984640
1392246784
1392508928
1392771072
1393033216
1393295360
1393557504
1393819648
1394081792
1394343936
1394606080
1394868224
1395130368
1395392512
1395654656
1395916800
1396178944
1396441088
1396703232
1396965376
1397227520
1397489664
1397751808
1398013952
1398276096
1398538240
1398800384
1399062528
1399324672
1399586816
1399848960
1400111104
1400373248
1400635392
1400897536
1401159680
1401421824
1401683968
1401946112
1402208256
1402470400
1402732544
1402994688
1403256832
1403518976
1403781120
1404043264
1404305408
1404567552
1404829696
1405091840
1405353984
1405616128
1405878272
1406140416
1406402560
1406664704
1406926848
1407188992
1407451136
1407713280
1407975424
1408237568
1408499712
1408761856
1409024000
1409286144
1409548288
1409810432
1410072576
1410334720
1410596864
1410859008
1411121152
1411383296
1411645440
1411907584
1412169728
1412431872
1412694016
1412956160
1413218304
1413480448
1413742592
1414004736
1414266880
1414529024
1414791168
1415053312
1415315456
1415577600
1415839744
1416101888
1416364032
1416626176
1416888320
1417150464
1417412608
1417674752
1417936896
1418199040
1418461184
1418723328
1418985472
1419247616
1419509760
1419771904
1420034048
1420296192
1420558336
1420820480
1421082624
1421344768
1421606912
1421869056
1422131200
1422393344
1422655488
1422917632
1423179776
1423441920
1423704064
1423966208
1424228352
1424490496
1424752640
1425014784
1425276928
1425539072
1425801216
1426063360
1426325504
1426587648
1426849792
1427111936
1427374080
1427636224
1427898368
1428160512
1428422656
1428684800
1428946944
1429209088
1429471232
1429733376
1429995520
1430257664
1430519808
1430781952
1431044096
1431306240
1431568384
1431830528
1432092672
1432354816
1432616960
1432879104
1433141248
1433403392
1433665536
1433927680
1434189824
1434451968
1434714112
1434976256
1435238400
1435500544
1435762688
1436024832
1436286976
1436549120
1436811264
1437073408
1437335552
1437597696
1437859840
1438121984
1438384128
1438646272
1438908416
1439170560
1439432704
1439694848
1439956992
1440219136
1440481280
1440743424
1441005568
1441267712
1441529856
1441792000
1442054144
1442316288
1442578432
1442840576
1443102720
1443364864
1443627008
1443889152
1444151296
1444413440
1444675584
1444937728
1445199872
1445462016
1445724160
1445986304
1446248448
1446510592
1446772736
1447034880
1447297024
1447559168
1447821312
1448083456
1448345600
1448607744
1448869888
1449132032
1449394176
1449656320
1449918464
1450180608
1450442752
1450704896
1450967040
1451229184
1451491328
1451753472
1452015616
1452277760
1452539904
1452802048
1453064192
1453326336
1453588480
1453850624
1454112768
1454374912
1454637056
1454899200
1455161344
1455423488
1455685632
1455947776
1456209920
1456472064
1456734208
1456996352
1457258496
1457520640
1457782784
1458044928
1458307072
1458569216
1458831360
1459093504
1459355648
1459617792
1459879936
1460142080
1460404224
1460666368
1460928512
1461190656
1461452800
1461714944
1461977088
1462239232
1462501376
1462763520
1463025664
1463287808
1463549952
1463812096
1464074240
1464336384
1464598528
1464860672
1465122816
1465384960
1465647104
1465909248
1466171392
1466433536
1466695680
1466957824
1467219968
1467482112
1467744256
1468006400
1468268544
1468530688
1468792832
1469054976
1469317120
1469579264
1469841408
1470103552
1470365696
1470627840
1470889984
1471152128
1471414272
1471676416
1471938560
1472200704
1472462848
1472724992
1472987136
1473249280
1473511424
1473773568
1474035712
1474297856
1474560000
1474822144
1475084288
1475346432
1475608576
1475870720
1476132864
1476395008
1476657152
1476919296
1477181440
1477443584
1477705728
1477967872
1478230016
1478492160
1478754304
1479016448
1479278592
1479540736
1479802880
1480065024
1480327168
1480589312
1480851456
1481113600
1481375744
1481637888
1481900032
1482162176
1482424320
1482686464
1482948608
1483210752
1483472896
1483735040
1483997184
1484259328
1484521472
1484783616
1485045760
1485307904
1485570048
1485832192
1486094336
1486356480
1486618624
1486880768
1487142912
1487405056
1487667200
1487929344
1488191488
1488453632
1488715776
1488977920
1489240064
1489502208
1489764352
1490026496
1490288640
1490550784
1490812928
1491075072
1491337216
1491599360
1491861504
1492123648
1492385792
1492647936
1492910080
1493172224
1493434368
1493696512
1493958656
1494220800
1494482944
1494745088
1495007232
1495269376
1495531520
1495793664
1496055808
1496317952
1496580096
1496842240
1497104384
1497366528
1497628672
1497890816
1498152960
1498415104
1498677248
1498939392
1499201536
1499463680
1499725824
1499987968
1500250112
1500512256
1500774400
1501036544
1501298688
1501560832
1501822976
1502085120
1502347264
1502609408
1502871552
1503133696
1503395840
1503657984
1503920128
1504182272
1504444416
1504706560
1504968704
1505230848
1505492992
1505755136
1506017280
1506279424
1506541568
1506803712
1507065856
1507328000
1507590144
1507852288
1508114432
1508376576
1508638720
1508900864
1509163008
1509425152
1509687296
1509949440
1510211584
1510473728
1510735872
1510998016
1511260160
1511522304
1511784448
1512046592
1512308736
1512570880
1512833024
1513095168
1513357312
1513619456
1513881600
1514143744
1514405888
1514668032
1514930176
1515192320
1515454464
1515716608
1515978752
1516240896
1516503040
1516765184
1517027328
1517289472
1517551616
1517813760
1518075904
1518338048
1518600192
1518862336
1519124480
1519386624
1519648768
1519910912
1520173056
1520435200
1520697344
1520959488
1521221632
1521483776
1521745920
1522008064
1522270208
1522532352
1522794496
1523056640
1523318784
1523580928
1523843072
1524105216
1524367360
1524629504
1524891648
1525153792
1525415936
1525678080
1525940224
1526202368
1526464512
1526726656
1526988800
1527250944
1527513088
1527775232
1528037376
1528299520
1528561664
1528823808
1529085952
1529348096
1529610240
1529872384
1530134528
1530396672
1530658816
1530920960
1531183104
1531445248
1531707392
1531969536
1532231680
1532493824
1532755968
1533018112
1533280256
1533542400
1533804544
1534066688
1534328832
1534590976
1534853120
1535115264
1535377408
1535639552
1535901696
1536163840
1536425984
1536688128
1536950272
1537212416
1537474560
1537736704
1537998848
1538260992
1538523136
1538785280
1539047424
1539309568
1539571712
1539833856
1540096000
1540358144
1540620288
1540882432
1541144576
1541406720
1541668864
1541931008
1542193152
1542455296
1542717440
1542979584
1543241728
1543503872
1543766016
1544028160
1544290304
1544552448
1544814592
1545076736
1545338880
1545601024
1545863168
1546125312
1546387456
1546649600
1546911744
1547173888
1547436032
1547698176
1547960320
1548222464
1548484608
1548746752
1549008896
1549271040
1549533184
1549795328
1550057472
1550319616
1550581760
1550843904
1551106048
1551368192
1551630336
1551892480
1552154624
1552416768
1552678912
1552941056
1553203200
1553465344
1553727488
1553989632
1554251776
1554513920
1554776064
1555038208
1555300352
1555562496
1555824640
1556086784
1556348928
1556611072
1556873216
1557135360
1557397504
1557659648
1557921792
1558183936
1558446080
1558708224
1558970368
1559232512
1559494656
1559756800
1560018944
1560281088
1560543232
1560805376
1561067520
1561329664
1561591808
1561853952
1562116096
1562378240
1562640384
1562902528
1563164672
1563426816
1563688960
1563951104
1564213248
1564475392
1564737536
1564999680
1565261824
1565523968
1565786112
1566048256
1566310400
1566572544
1566834688
1567096832
1567358976
1567621120
1567883264
1568145408
1568407552
1568669696
1568931840
1569193984
1569456128
1569718272
1569980416
1570242560
1570504704
1570766848
1571028992
1571291136
1571553280
1571815424
1572077568
1572339712
1572601856
1572864000
1573126144
1573388288
1573650432
1573912576
1574174720
1574436864
1574699008
1574961152
1575223296
1575485440
1575747584
1576009728
1576271872
1576534016
1576796160
1577058304
1577320448
1577582592
1577844736
1578106880
1578369024
1578631168
1578893312
1579155456
1579417600
1579679744
1579941888
1580204032
1580466176
1580728320
1580990464
1581252608
1581514752
1581776896
1582039040
1582301184
1582563328
1582825472
1583087616
1583349760
1583611904
1583874048
1584136192
1584398336
1584660480
1584922624
1585184768
1585446912
1585709056
1585971200
1586233344
1586495488
1586757632
1587019776
1587281920
1587544064
1587806208
1588068352
1588330496
1588592640
1588854784
1589116928
1589379072
1589641216
1589903360
1590165504
1590427648
1590689792
1590951936
1591214080
1591476224
1591738368
1592000512
1592262656
1592524800
1592786944
1593049088
1593311232
1593573376
1593835520
1594097664
1594359808
1594621952
1594884096
1595146240
1595408384
1595670528
1595932672
1596194816
1596456960
1596719104
1596981248
1597243392
1597505536
1597767680
1598029824
1598291968
1598554112
1598816256
1599078400
1599340544
1599602688
1599864832
1600126976
1600389120
1600651264
1600913408
1601175552
1601437696
1601699840
1601961984
1602224128
1602486272
1602748416
1603010560
1603272704
1603534848
1603796992
1604059136
1604321280
1604583424
1604845568
1605107712
1605369856
1605632000
1605894144
1606156288
1606418432
1606680576
1606942720
1607204864
1607467008
1607729152
1607991296
1608253440
1608515584
1608777728
1609039872
1609302016
1609564160
1609826304
1610088448
1610350592
1610612736
1610874880
1611137024
1611399168
1611661312
1611923456
1612185600
1612447744
1612709888
1612972032
1613234176
1613496320
1613758464
1614020608
1614282752
1614544896
1614807040
1615069184
1615331328
1615593472
1615855616
1616117760
1616379904
1616642048
1616904192
1617166336
1617428480
1617690624
1617952768
1618214912
1618477056
1618739200
1619001344
1619263488
1619525632
1619787776
1620049920
1620312064
1620574208
1620836352
1621098496
1621360640
1621622784
1621884928
1622147072
1622409216
1622671360
1622933504
1623195648
1623457792
1623719936
1623982080
1624244224
1624506368
1624768512
1625030656
1625292800
1625554944
1625817088
1626079232
1626341376
1626603520
1626865664
1627127808
1627389952
1627652096
1627914240
1628176384
1628438528
1628700672
1628962816
1629224960
1629487104
1629749248
1630011392
1630273536
1630535680
1630797824
1631059968
1631322112
1631584256
1631846400
1632108544
1632370688
1632632832
1632894976
1633157120
1633419264
1633681408
1633943552
1634205696
1634467840
1634729984
1634992128
1635254272
1635516416
1635778560
1636040704
1636302848
1636564992
1636827136
1637089280
1637351424
1637613568
1637875712
1638137856
1638400000
1638662144
1638924288
1639186432
1639448576
1639710720
1639972864
1640235008
1640497152
1640759296
1641021440
1641283584
1641545728
1641807872
1642070016
1642332160
1642594304
1642856448
1643118592
1643380736
1643642880
1643905024
1644167168
1644429312
1644691456
1644953600
1645215744
1645477888
1645740032
1646002176
1646264320
1646526464
1646788608
1647050752
1647312896
1647575040
1647837184
1648099328
1648361472
1648623616
1648885760
1649147904
1649410048
1649672192
1649934336
1650196480
1650458624
1650720768
1650982912
1651245056
1651507200
1651769344
1652031488
1652293632
1652555776
1652817920
1653080064
1653342208
1653604352
1653866496
1654128640
1654390784
1654652928
1654915072
1655177216
1655439360
1655701504
1655963648
1656225792
1656487936
1656750080
1657012224
1657274368
1657536512
1657798656
1658060800
1658322944
1658585088
1658847232
1659109376
1659371520
1659633664
1659895808
1660157952
1660420096
1660682240
1660944384
1661206528
1661468672
1661730816
1661992960
1662255104
1662517248
1662779392
1663041536
1663303680
1663565824
1663827968
1664090112
1664352256
1664614400
1664876544
1665138688
1665400832
1665662976
1665925120
1666187264
1666449408
1666711552
1666973696
1667235840
1667497984
1667760128
1668022272
1668284416
1668546560
1668808704
1669070848
1669332992
1669595136
1669857280
1670119424
1670381568
1670643712
1670905856
1671168000
1671430144
1671692288
1671954432
1672216576
1672478720
1672740864
1673003008
1673265152
1673527296
1673789440
1674051584
1674313728
1674575872
1674838016
1675100160
1675362304
1675624448
1675886592
1676148736
1676410880
1676673024
1676935168
1677197312
1677459456
1677721600
1677983744
1678245888
1678508032
1678770176
1679032320
1679294464
1679556608
1679818752
1680080896
1680343040
1680605184
1680867328
1681129472
1681391616
1681653760
1681915904
1682178048
1682440192
1682702336
1682964480
1683226624
1683488768
1683750912
1684013056
1684275200
1684537344
1684799488
1685061632
1685323776
1685585920
1685848064
1686110208
1686372352
1686634496
1686896640
1687158784
1687420928
1687683072
1687945216
1688207360
1688469504
1688731648
1688993792
1689255936
1689518080
1689780224
1690042368
1690304512
1690566656
1690828800
1691090944
1691353088
1691615232
1691877376
1692139520
1692401664
1692663808
1692925952
1693188096
1693450240
1693712384
1693974528
1694236672
1694498816
1694760960
1695023104
1695285248
1695547392
1695809536
1696071680
1696333824
1696595968
1696858112
1697120256
1697382400
1697644544
1697906688
1698168832
1698430976
1698693120
1698955264
1699217408
1699479552
1699741696
1700003840
1700265984
1700528128
1700790272
1701052416
1701314560
1701576704
1701838848
1702100992
1702363136
1702625280
1702887424
1703149568
1703411712
1703673856
1703936000
1704198144
1704460288
1704722432
1704984576
1705246720
1705508864
1705771008
1706033152
1706295296
1706557440
1706819584
1707081728
1707343872
1707606016
1707868160
1708130304
1708392448
1708654592
1708916736
1709178880
1709441024
1709703168
1709965312
1710227456
1710489600
1710751744
1711013888
1711276032
1711538176
1711800320
1712062464
1712324608
1712586752
1712848896
1713111040
1713373184
1713635328
1713897472
1714159616
1714421760
1714683904
1714946048
1715208192
1715470336
1715732480
1715994624
1716256768
1716518912
1716781056
1717043200
1717305344
1717567488
1717829632
1718091776
1718353920
1718616064
1718878208
1719140352
1719402496
1719664640
1719926784
1720188928
1720451072
1720713216
1720975360
1721237504
1721499648
1721761792
1722023936
1722286080
1722548224
1722810368
1723072512
1723334656
1723596800
1723858944
1724121088
1724383232
1724645376
1724907520
1725169664
1725431808
1725693952
1725956096
1726218240
1726480384
1726742528
1727004672
1727266816
1727528960
1727791104
1728053248
1728315392
1728577536
1728839680
1729101824
1729363968
1729626112
1729888256
1730150400
1730412544
1730674688
1730936832
1731198976
1731461120
1731723264
1731985408
1732247552
1732509696
1732771840
1733033984
1733296128
1733558272
1733820416
1734082560
1734344704
1734606848
1734868992
1735131136
1735393280
1735655424
1735917568
1736179712
1736441856
1736704000
1736966144
1737228288
1737490432
1737752576
1738014720
1738276864
1738539008
1738801152
1739063296
1739325440
1739587584
1739849728
1740111872
1740374016
1740636160
1740898304
1741160448
1741422592
1741684736
1741946880
1742209024
1742471168
1742733312
1742995456
1743257600
1743519744
1743781888
1744044032
1744306176
1744568320
1744830464
1745092608
1745354752
1745616896
1745879040
1746141184
1746403328
1746665472
1746927616
1747189760
1747451904
1747714048
1747976192
1748238336
1748500480
1748762624
1749024768
1749286912
1749549056
1749811200
1750073344
1750335488
1750597632
1750859776
1751121920
1751384064
1751646208
1751908352
1752170496
1752432640
1752694784
1752956928
1753219072
1753481216
1753743360
1754005504
1754267648
1754529792
1754791936
1755054080
1755316224
1755578368
1755840512
1756102656
1756364800
1756626944
1756889088
1757151232
1757413376
1757675520
1757937664
1758199808
1758461952
1758724096
1758986240
1759248384
1759510528
1759772672
1760034816
1760296960
1760559104
1760821248
1761083392
1761345536
1761607680
1761869824
1762131968
1762394112
1762656256
1762918400
1763180544
1763442688
1763704832
1763966976
1764229120
1764491264
1764753408
1765015552
1765277696
1765539840
1765801984
1766064128
1766326272
1766588416
1766850560
1767112704
1767374848
1767636992
1767899136
1768161280
1768423424
1768685568
1768947712
1769209856
1769472000
1769734144
1769996288
1770258432
1770520576
1770782720
1771044864
1771307008
1771569152
1771831296
1772093440
1772355584
1772617728
1772879872
1773142016
1773404160
1773666304
1773928448
1774190592
1774452736
1774714880
1774977024
1775239168
1775501312
1775763456
1776025600
1776287744
1776549888
1776812032
1777074176
1777336320
1777598464
1777860608
1778122752
1778384896
1778647040
1778909184
1779171328
1779433472
1779695616
1779957760
1780219904
1780482048
1780744192
1781006336
1781268480
1781530624
1781792768
1782054912
1782317056
1782579200
1782841344
1783103488
1783365632
1783627776
1783889920
1784152064
1784414208
1784676352
1784938496
1785200640
1785462784
1785724928
1785987072
1786249216
1786511360
1786773504
1787035648
1787297792
1787559936
1787822080
1788084224
1788346368
1788608512
1788870656
1789132800
1789394944
1789657088
1789919232
1790181376
1790443520
1790705664
1790967808
1791229952
1791492096
1791754240
1792016384
1792278528
1792540672
1792802816
1793064960
1793327104
1793589248
1793851392
1794113536
1794375680
1794637824
1794899968
1795162112
1795424256
1795686400
1795948544
1796210688
1796472832
1796734976
1796997120
1797259264
1797521408
1797783552
1798045696
1798307840
1798569984
1798832128
1799094272
1799356416
1799618560
1799880704
1800142848
1800404992
1800667136
1800929280
1801191424
1801453568
1801715712
1801977856
1802240000
1802502144
1802764288
1803026432
1803288576
1803550720
1803812864
1804075008
1804337152
1804599296
1804861440
1805123584
1805385728
1805647872
1805910016
1806172160
1806434304
1806696448
1806958592
1807220736
1807482880
1807745024
1808007168
1808269312
1808531456
1808793600
1809055744
1809317888
1809580032
1809842176
1810104320
1810366464
1810628608
1810890752
1811152896
1811415040
1811677184
1811939328
1812201472
1812463616
1812725760
1812987904
1813250048
1813512192
1813774336
1814036480
1814298624
1814560768
1814822912
1815085056
1815347200
1815609344
1815871488
1816133632
1816395776
1816657920
1816920064
1817182208
1817444352
1817706496
1817968640
1818230784
1818492928
1818755072
1819017216
1819279360
1819541504
1819803648
1820065792
1820327936
1820590080
1820852224
1821114368
1821376512
1821638656
1821900800
1822162944
1822425088
1822687232
1822949376
1823211520
1823473664
1823735808
1823997952
1824260096
1824522240
1824784384
1825046528
1825308672
1825570816
1825832960
1826095104
1826357248
1826619392
1826881536
1827143680
1827405824
1827667968
1827930112
1828192256
1828454400
1828716544
1828978688
1829240832
1829502976
1829765120
1830027264
1830289408
1830551552
1830813696
1831075840
1831337984
1831600128
1831862272
1832124416
1832386560
1832648704
1832910848
1833172992
1833435136
1833697280
1833959424
1834221568
1834483712
1834745856
1835008000
1835270144
1835532288
1835794432
1836056576
1836318720
1836580864
1836843008
1837105152
1837367296
1837629440
1837891584
1838153728
1838415872
1838678016
1838940160
1839202304
1839464448
1839726592
1839988736
1840250880
1840513024
1840775168
1841037312
1841299456
1841561600
1841823744
1842085888
1842348032
1842610176
1842872320
1843134464
1843396608
1843658752
1843920896
1844183040
1844445184
1844707328
1844969472
1845231616
1845493760
1845755904
1846018048
1846280192
1846542336
1846804480
1847066624
1847328768
1847590912
1847853056
1848115200
1848377344
1848639488
1848901632
1849163776
1849425920
1849688064
1849950208
1850212352
1850474496
1850736640
1850998784
1851260928
1851523072
1851785216
1852047360
1852309504
1852571648
1852833792
1853095936
1853358080
1853620224
1853882368
1854144512
1854406656
1854668800
1854930944
1855193088
1855455232
1855717376
1855979520
1856241664
1856503808
1856765952
1857028096
1857290240
1857552384
1857814528
1858076672
1858338816
1858600960
1858863104
1859125248
1859387392
1859649536
1859911680
1860173824
1860435968
1860698112
1860960256
1861222400
1861484544
1861746688
1862008832
1862270976
1862533120
1862795264
1863057408
1863319552
1863581696
1863843840
1864105984
1864368128
1864630272
1864892416
1865154560
1865416704
1865678848
1865940992
1866203136
1866465280
1866727424
1866989568
1867251712
1867513856
1867776000
1868038144
1868300288
1868562432
1868824576
1869086720
1869348864
1869611008
1869873152
1870135296
1870397440
1870659584
1870921728
1871183872
1871446016
1871708160
1871970304
1872232448
1872494592
1872756736
1873018880
1873281024
1873543168
1873805312
1874067456
1874329600
1874591744
1874853888
1875116032
1875378176
1875640320
1875902464
1876164608
1876426752
1876688896
1876951040
1877213184
1877475328
1877737472
1877999616
1878261760
1878523904
1878786048
1879048192
1879310336
1879572480
1879834624
1880096768
1880358912
1880621056
1880883200
1881145344
1881407488
1881669632
1881931776
1882193920
1882456064
1882718208
1882980352
1883242496
1883504640
1883766784
1884028928
1884291072
1884553216
1884815360
1885077504
1885339648
1885601792
1885863936
1886126080
1886388224
1886650368
1886912512
1887174656
1887436800
1887698944
1887961088
1888223232
1888485376
1888747520
1889009664
1889271808
1889533952
1889796096
1890058240
1890320384
1890582528
1890844672
1891106816
1891368960
1891631104
1891893248
1892155392
1892417536
1892679680
1892941824
1893203968
1893466112
1893728256
1893990400
1894252544
1894514688
1894776832
1895038976
1895301120
1895563264
1895825408
1896087552
1896349696
1896611840
1896873984
1897136128
1897398272
1897660416
1897922560
1898184704
1898446848
1898708992
1898971136
1899233280
1899495424
1899757568
1900019712
1900281856
1900544000
1900806144
1901068288
1901330432
1901592576
1901854720
1902116864
1902379008
1902641152
1902903296
1903165440
1903427584
1903689728
1903951872
1904214016
1904476160
1904738304
1905000448
1905262592
1905524736
1905786880
1906049024
1906311168
1906573312
1906835456
1907097600
1907359744
1907621888
1907884032
1908146176
1908408320
1908670464
1908932608
1909194752
1909456896
1909719040
1909981184
1910243328
1910505472
1910767616
1911029760
1911291904
1911554048
1911816192
1912078336
1912340480
1912602624
1912864768
1913126912
1913389056
1913651200
1913913344
1914175488
1914437632
1914699776
1914961920
1915224064
1915486208
1915748352
1916010496
1916272640
1916534784
1916796928
1917059072
1917321216
1917583360
1917845504
1918107648
1918369792
1918631936
1918894080
1919156224
1919418368
1919680512
1919942656
1920204800
1920466944
1920729088
1920991232
1921253376
1921515520
1921777664
1922039808
1922301952
1922564096
1922826240
1923088384
1923350528
1923612672
1923874816
1924136960
1924399104
1924661248
1924923392
1925185536
1925447680
1925709824
1925971968
1926234112
1926496256
1926758400
1927020544
1927282688
1927544832
1927806976
1928069120
1928331264
1928593408
1928855552
1929117696
1929379840
1929641984
1929904128
1930166272
1930428416
1930690560
1930952704
1931214848
1931476992
1931739136
1932001280
1932263424
1932525568
1932787712
1933049856
1933312000
1933574144
1933836288
1934098432
1934360576
1934622720
1934884864
1935147008
1935409152
1935671296
1935933440
1936195584
1936457728
1936719872
1936982016
1937244160
1937506304
1937768448
1938030592
1938292736
1938554880
1938817024
1939079168
1939341312
1939603456
1939865600
1940127744
1940389888
1940652032
1940914176
1941176320
1941438464
1941700608
1941962752
1942224896
1942487040
1942749184
1943011328
1943273472
1943535616
1943797760
1944059904
1944322048
1944584192
1944846336
1945108480
1945370624
1945632768
1945894912
1946157056
1946419200
1946681344
1946943488
1947205632
1947467776
1947729920
1947992064
1948254208
1948516352
1948778496
1949040640
1949302784
1949564928
1949827072
1950089216
1950351360
1950613504
1950875648
1951137792
1951399936
1951662080
1951924224
1952186368
1952448512
1952710656
1952972800
1953234944
1953497088
1953759232
1954021376
1954283520
1954545664
1954807808
1955069952
1955332096
1955594240
1955856384
1956118528
1956380672
1956642816
1956904960
1957167104
1957429248
1957691392
1957953536
1958215680
1958477824
1958739968
1959002112
1959264256
1959526400
1959788544
1960050688
1960312832
1960574976
1960837120
1961099264
1961361408
1961623552
1961885696
1962147840
1962409984
1962672128
1962934272
1963196416
1963458560
1963720704
1963982848
1964244992
1964507136
1964769280
1965031424
1965293568
1965555712
1965817856
1966080000
1966342144
1966604288
1966866432
1967128576
1967390720
1967652864
1967915008
1968177152
1968439296
1968701440
1968963584
1969225728
1969487872
1969750016
1970012160
1970274304
1970536448
1970798592
1971060736
1971322880
1971585024
1971847168
1972109312
1972371456
1972633600
1972895744
1973157888
1973420032
1973682176
1973944320
1974206464
1974468608
1974730752
1974992896
1975255040
1975517184
1975779328
1976041472
1976303616
1976565760
1976827904
1977090048
1977352192
1977614336
1977876480
1978138624
1978400768
1978662912
1978925056
1979187200
1979449344
1979711488
1979973632
1980235776
1980497920
1980760064
1981022208
1981284352
1981546496
1981808640
1982070784
1982332928
1982595072
1982857216
1983119360
1983381504
1983643648
1983905792
1984167936
1984430080
1984692224
1984954368
1985216512
1985478656
1985740800
1986002944
1986265088
1986527232
1986789376
1987051520
1987313664
1987575808
1987837952
1988100096
1988362240
1988624384
1988886528
1989148672
1989410816
1989672960
1989935104
1990197248
1990459392
1990721536
1990983680
1991245824
1991507968
1991770112
1992032256
1992294400
1992556544
1992818688
1993080832
1993342976
1993605120
1993867264
1994129408
1994391552
1994653696
1994915840
1995177984
1995440128
1995702272
1995964416
1996226560
1996488704
1996750848
1997012992
1997275136
1997537280
1997799424
1998061568
1998323712
1998585856
1998848000
1999110144
1999372288
1999634432
1999896576
2000158720
2000420864
2000683008
2000945152
2001207296
2001469440
2001731584
2001993728
2002255872
2002518016
2002780160
2003042304
2003304448
2003566592
2003828736
2004090880
2004353024
2004615168
2004877312
2005139456
2005401600
2005663744
2005925888
2006188032
2006450176
2006712320
2006974464
2007236608
2007498752
2007760896
2008023040
2008285184
2008547328
2008809472
2009071616
2009333760
2009595904
2009858048
2010120192
2010382336
2010644480
2010906624
2011168768
2011430912
2011693056
2011955200
2012217344
2012479488
2012741632
2013003776
2013265920
2013528064
2013790208
2014052352
2014314496
2014576640
2014838784
2015100928
2015363072
2015625216
2015887360
2016149504
2016411648
2016673792
2016935936
2017198080
2017460224
2017722368
2017984512
2018246656
2018508800
2018770944
2019033088
2019295232
2019557376
2019819520
2020081664
2020343808
2020605952
2020868096
2021130240
2021392384
2021654528
2021916672
2022178816
2022440960
2022703104
2022965248
2023227392
2023489536
2023751680
2024013824
2024275968
2024538112
2024800256
2025062400
2025324544
2025586688
2025848832
2026110976
2026373120
2026635264
2026897408
2027159552
2027421696
2027683840
2027945984
2028208128
2028470272
2028732416
2028994560
2029256704
2029518848
2029780992
2030043136
2030305280
2030567424
2030829568
2031091712
2031353856
2031616000
2031878144
2032140288
2032402432
2032664576
2032926720
2033188864
2033451008
2033713152
2033975296
2034237440
2034499584
2034761728
2035023872
2035286016
2035548160
2035810304
2036072448
2036334592
2036596736
2036858880
2037121024
2037383168
2037645312
2037907456
2038169600
2038431744
2038693888
2038956032
2039218176
2039480320
2039742464
2040004608
2040266752
2040528896
2040791040
2041053184
2041315328
2041577472
2041839616
2042101760
2042363904
2042626048
2042888192
2043150336
2043412480
2043674624
2043936768
2044198912
2044461056
2044723200
2044985344
2045247488
2045509632
2045771776
2046033920
2046296064
2046558208
2046820352
2047082496
2047344640
2047606784
2047868928
2048131072
2048393216
2048655360
2048917504
2049179648
2049441792
2049703936
2049966080
2050228224
2050490368
2050752512
2051014656
2051276800
2051538944
2051801088
2052063232
2052325376
2052587520
2052849664
2053111808
2053373952
2053636096
2053898240
2054160384
2054422528
2054684672
2054946816
2055208960
2055471104
2055733248
2055995392
2056257536
2056519680
2056781824
2057043968
2057306112
2057568256
2057830400
2058092544
2058354688
2058616832
2058878976
2059141120
2059403264
2059665408
2059927552
2060189696
2060451840
2060713984
2060976128
2061238272
2061500416
2061762560
2062024704
2062286848
2062548992
2062811136
2063073280
2063335424
2063597568
2063859712
2064121856
2064384000
2064646144
2064908288
2065170432
2065432576
2065694720
2065956864
2066219008
2066481152
2066743296
2067005440
2067267584
2067529728
2067791872
2068054016
2068316160
2068578304
2068840448
2069102592
2069364736
2069626880
2069889024
2070151168
2070413312
2070675456
2070937600
2071199744
2071461888
2071724032
2071986176
2072248320
2072510464
2072772608
2073034752
2073296896
2073559040
2073821184
2074083328
2074345472
2074607616
2074869760
2075131904
2075394048
2075656192
2075918336
2076180480
2076442624
2076704768
2076966912
2077229056
2077491200
2077753344
2078015488
2078277632
2078539776
2078801920
2079064064
2079326208
2079588352
2079850496
2080112640
2080374784
2080636928
2080899072
2081161216
2081423360
2081685504
2081947648
2082209792
2082471936
2082734080
2082996224
2083258368
2083520512
2083782656
2084044800
2084306944
2084569088
2084831232
2085093376
2085355520
2085617664
2085879808
2086141952
2086404096
2086666240
2086928384
2087190528
2087452672
2087714816
2087976960
2088239104
2088501248
2088763392
2089025536
2089287680
2089549824
2089811968
2090074112
2090336256
2090598400
2090860544
2091122688
2091384832
2091646976
2091909120
2092171264
2092433408
2092695552
2092957696
2093219840
2093481984
2093744128
2094006272
2094268416
2094530560
2094792704
2095054848
2095316992
2095579136
2095841280
2096103424
2096365568
2096627712
2096889856
2097152000
2097414144
2097676288
2097938432
2098200576
2098462720
2098724864
2098987008
2099249152
2099511296
2099773440
2100035584
2100297728
2100559872
2100822016
2101084160
2101346304
2101608448
2101870592
2102132736
2102394880
2102657024
2102919168
2103181312
2103443456
2103705600
2103967744
2104229888
2104492032
2104754176
2105016320
2105278464
2105540608
2105802752
2106064896
2106327040
2106589184
2106851328
2107113472
2107375616
2107637760
2107899904
2108162048
2108424192
2108686336
2108948480
2109210624
2109472768
2109734912
2109997056
2110259200
2110521344
2110783488
2111045632
2111307776
2111569920
2111832064
2112094208
2112356352
2112618496
2112880640
2113142784
2113404928
2113667072
2113929216
2114191360
2114453504
2114715648
2114977792
2115239936
2115502080
2115764224
2116026368
2116288512
2116550656
2116812800
2117074944
2117337088
2117599232
2117861376
2118123520
2118385664
2118647808
2118909952
2119172096
2119434240
2119696384
2119958528
2120220672
2120482816
2120744960
2121007104
2121269248
2121531392
2121793536
2122055680
2122317824
2122579968
2122842112
2123104256
2123366400
2123628544
2123890688
2124152832
2124414976
2124677120
2124939264
2125201408
2125463552
2125725696
2125987840
2126249984
2126512128
2126774272
2127036416
2127298560
2127560704
2127822848
2128084992
2128347136
2128609280
2128871424
2129133568
2129395712
2129657856
2129920000
2130182144
2130444288
2130706432
2130968576
2131230720
2131492864
2131755008
2132017152
2132279296
2132541440
2132803584
2133065728
2133327872
2133590016
2133852160
2134114304
2134376448
2134638592
2134900736
2135162880
2135425024
2135687168
2135949312
2136211456
2136473600
2136735744
2136997888
2137260032
2137522176
2137784320
2138046464
2138308608
2138570752
2138832896
2139095040
2139357184
2139619328
2139881472
2140143616
2140405760
2140667904
2140930048
2141192192
2141454336
2141716480
2141978624
2142240768
2142502912
2142765056
2143027200
2143289344
2143551488
2143813632
2144075776
2144337920
2144600064
2144862208
2145124352
2145386496
2145648640
2145910784
2146172928
2146435072
2146697216
2146959360
2147221504
2147483648
2147745792
2148007936
2148270080
2148532224
2148794368
2149056512
2149318656
2149580800
2149842944
2150105088
2150367232
2150629376
2150891520
2151153664
2151415808
2151677952
2151940096
2152202240
2152464384
2152726528
2152988672
2153250816
2153512960
2153775104
2154037248
2154299392
2154561536
2154823680
2155085824
2155347968
2155610112
2155872256
2156134400
2156396544
2156658688
2156920832
2157182976
2157445120
2157707264
2157969408
2158231552
2158493696
2158755840
2159017984
2159280128
2159542272
2159804416
2160066560
2160328704
2160590848
2160852992
2161115136
2161377280
2161639424
2161901568
2162163712
2162425856
2162688000
2162950144
2163212288
2163474432
2163736576
2163998720
2164260864
2164523008
2164785152
2165047296
2165309440
2165571584
2165833728
2166095872
2166358016
2166620160
2166882304
2167144448
2167406592
2167668736
2167930880
2168193024
2168455168
2168717312
2168979456
2169241600
2169503744
2169765888
2170028032
2170290176
2170552320
2170814464
2171076608
2171338752
2171600896
2171863040
2172125184
2172387328
2172649472
2172911616
2173173760
2173435904
2173698048
2173960192
2174222336
2174484480
2174746624
2175008768
2175270912
2175533056
2175795200
2176057344
2176319488
2176581632
2176843776
2177105920
2177368064
2177630208
2177892352
2178154496
2178416640
2178678784
2178940928
2179203072
2179465216
2179727360
2179989504
2180251648
2180513792
2180775936
2181038080
2181300224
2181562368
2181824512
2182086656
2182348800
2182610944
2182873088
2183135232
2183397376
2183659520
2183921664
2184183808
2184445952
2184708096
2184970240
2185232384
2185494528
2185756672
2186018816
2186280960
2186543104
2186805248
2187067392
2187329536
2187591680
2187853824
2188115968
2188378112
2188640256
2188902400
2189164544
2189426688
2189688832
2189950976
2190213120
2190475264
2190737408
2190999552
2191261696
2191523840
2191785984
2192048128
2192310272
2192572416
2192834560
2193096704
2193358848
2193620992
2193883136
2194145280
2194407424
2194669568
2194931712
2195193856
2195456000
2195718144
2195980288
2196242432
2196504576
2196766720
2197028864
2197291008
2197553152
2197815296
2198077440
2198339584
2198601728
2198863872
2199126016
2199388160
2199650304
2199912448
2200174592
2200436736
2200698880
2200961024
2201223168
2201485312
2201747456
2202009600
2202271744
2202533888
2202796032
2203058176
2203320320
2203582464
2203844608
2204106752
2204368896
2204631040
2204893184
2205155328
2205417472
2205679616
2205941760
2206203904
2206466048
2206728192
2206990336
2207252480
2207514624
2207776768
2208038912
2208301056
2208563200
2208825344
2209087488
2209349632
2209611776
2209873920
2210136064
2210398208
2210660352
2210922496
2211184640
2211446784
2211708928
2211971072
2212233216
2212495360
2212757504
2213019648
2213281792
2213543936
2213806080
2214068224
2214330368
2214592512
2214854656
2215116800
2215378944
2215641088
2215903232
2216165376
2216427520
2216689664
2216951808
2217213952
2217476096
2217738240
2218000384
2218262528
2218524672
2218786816
2219048960
2219311104
2219573248
2219835392
2220097536
2220359680
2220621824
2220883968
2221146112
2221408256
2221670400
2221932544
2222194688
2222456832
2222718976
2222981120
2223243264
2223505408
2223767552
2224029696
2224291840
2224553984
2224816128
2225078272
2225340416
2225602560
2225864704
2226126848
2226388992
2226651136
2226913280
2227175424
2227437568
2227699712
2227961856
2228224000
2228486144
2228748288
2229010432
2229272576
2229534720
2229796864
2230059008
2230321152
2230583296
2230845440
2231107584
2231369728
2231631872
2231894016
2232156160
2232418304
2232680448
2232942592
2233204736
2233466880
2233729024
2233991168
2234253312
2234515456
2234777600
2235039744
2235301888
2235564032
2235826176
2236088320
2236350464
2236612608
2236874752
2237136896
2237399040
2237661184
2237923328
2238185472
2238447616
2238709760
2238971904
2239234048
2239496192
2239758336
2240020480
2240282624
2240544768
2240806912
2241069056
2241331200
2241593344
2241855488
2242117632
2242379776
2242641920
2242904064
2243166208
2243428352
2243690496
2243952640
2244214784
2244476928
2244739072
2245001216
2245263360
2245525504
2245787648
2246049792
2246311936
2246574080
2246836224
2247098368
2247360512
2247622656
2247884800
2248146944
2248409088
2248671232
2248933376
2249195520
2249457664
2249719808
2249981952
2250244096
2250506240
2250768384
2251030528
2251292672
2251554816
2251816960
2252079104
2252341248
2252603392
2252865536
2253127680
2253389824
2253651968
2253914112
2254176256
2254438400
2254700544
2254962688
2255224832
2255486976
2255749120
2256011264
2256273408
2256535552
2256797696
2257059840
2257321984
2257584128
2257846272
2258108416
2258370560
2258632704
2258894848
2259156992
2259419136
2259681280
2259943424
2260205568
2260467712
2260729856
2260992000
2261254144
2261516288
2261778432
2262040576
2262302720
2262564864
2262827008
2263089152
2263351296
2263613440
2263875584
2264137728
2264399872
2264662016
2264924160
2265186304
2265448448
2265710592
2265972736
2266234880
2266497024
2266759168
2267021312
2267283456
2267545600
2267807744
2268069888
2268332032
2268594176
2268856320
2269118464
2269380608
2269642752
2269904896
2270167040
2270429184
2270691328
2270953472
2271215616
2271477760
2271739904
2272002048
2272264192
2272526336
2272788480
2273050624
2273312768
2273574912
2273837056
2274099200
2274361344
2274623488
2274885632
2275147776
2275409920
2275672064
2275934208
2276196352
2276458496
2276720640
2276982784
2277244928
2277507072
2277769216
2278031360
2278293504
2278555648
2278817792
2279079936
2279342080
2279604224
2279866368
2280128512
2280390656
2280652800
2280914944
2281177088
2281439232
2281701376
2281963520
2282225664
2282487808
2282749952
2283012096
2283274240
2283536384
2283798528
2284060672
2284322816
2284584960
2284847104
2285109248
2285371392
2285633536
2285895680
2286157824
2286419968
2286682112
2286944256
2287206400
2287468544
2287730688
2287992832
2288254976
2288517120
2288779264
2289041408
2289303552
2289565696
2289827840
2290089984
2290352128
2290614272
2290876416
2291138560
2291400704
2291662848
2291924992
2292187136
2292449280
2292711424
2292973568
2293235712
2293497856
2293760000
2294022144
2294284288
2294546432
2294808576
2295070720
2295332864
2295595008
2295857152
2296119296
2296381440
2296643584
2296905728
2297167872
2297430016
2297692160
2297954304
2298216448
2298478592
2298740736
2299002880
2299265024
2299527168
2299789312
2300051456
2300313600
2300575744
2300837888
2301100032
2301362176
2301624320
2301886464
2302148608
2302410752
2302672896
2302935040
2303197184
2303459328
2303721472
2303983616
2304245760
2304507904
2304770048
2305032192
2305294336
2305556480
2305818624
2306080768
2306342912
2306605056
2306867200
2307129344
2307391488
2307653632
2307915776
2308177920
2308440064
2308702208
2308964352
2309226496
2309488640
2309750784
2310012928
2310275072
2310537216
2310799360
2311061504
2311323648
2311585792
2311847936
2312110080
2312372224
2312634368
2312896512
2313158656
2313420800
2313682944
2313945088
2314207232
2314469376
2314731520
2314993664
2315255808
2315517952
2315780096
2316042240
2316304384
2316566528
2316828672
2317090816
2317352960
2317615104
2317877248
2318139392
2318401536
2318663680
2318925824
2319187968
2319450112
2319712256
2319974400
2320236544
2320498688
2320760832
2321022976
2321285120
2321547264
2321809408
2322071552
2322333696
2322595840
2322857984
2323120128
2323382272
2323644416
2323906560
2324168704
2324430848
2324692992
2324955136
2325217280
2325479424
2325741568
2326003712
2326265856
2326528000
2326790144
2327052288
2327314432
2327576576
2327838720
2328100864
2328363008
2328625152
2328887296
2329149440
2329411584
2329673728
2329935872
2330198016
2330460160
2330722304
2330984448
2331246592
2331508736
2331770880
2332033024
2332295168
2332557312
2332819456
2333081600
2333343744
2333605888
2333868032
2334130176
2334392320
2334654464
2334916608
2335178752
2335440896
2335703040
2335965184
2336227328
2336489472
2336751616
2337013760
2337275904
2337538048
2337800192
2338062336
2338324480
2338586624
2338848768
2339110912
2339373056
2339635200
2339897344
2340159488
2340421632
2340683776
2340945920
2341208064
2341470208
2341732352
2341994496
2342256640
2342518784
2342780928
2343043072
2343305216
2343567360
2343829504
2344091648
2344353792
2344615936
2344878080
2345140224
2345402368
2345664512
2345926656
2346188800
2346450944
2346713088
2346975232
2347237376
2347499520
2347761664
2348023808
2348285952
2348548096
2348810240
2349072384
2349334528
2349596672
2349858816
2350120960
2350383104
2350645248
2350907392
2351169536
2351431680
2351693824
2351955968
2352218112
2352480256
2352742400
2353004544
2353266688
2353528832
2353790976
2354053120
2354315264
2354577408
2354839552
2355101696
2355363840
2355625984
2355888128
2356150272
2356412416
2356674560
2356936704
2357198848
2357460992
2357723136
2357985280
2358247424
2358509568
2358771712
2359033856
2359296000
2359558144
2359820288
2360082432
2360344576
2360606720
2360868864
2361131008
2361393152
2361655296
2361917440
2362179584
2362441728
2362703872
2362966016
2363228160
2363490304
2363752448
2364014592
2364276736
2364538880
2364801024
2365063168
2365325312
2365587456
2365849600
2366111744
2366373888
2366636032
2366898176
2367160320
2367422464
2367684608
2367946752
2368208896
2368471040
2368733184
2368995328
2369257472
2369519616
2369781760
2370043904
2370306048
2370568192
2370830336
2371092480
2371354624
2371616768
2371878912
2372141056
2372403200
2372665344
2372927488
2373189632
2373451776
2373713920
2373976064
2374238208
2374500352
2374762496
2375024640
2375286784
2375548928
2375811072
2376073216
2376335360
2376597504
2376859648
2377121792
2377383936
2377646080
2377908224
2378170368
2378432512
2378694656
2378956800
2379218944
2379481088
2379743232
2380005376
2380267520
2380529664
2380791808
2381053952
2381316096
2381578240
2381840384
2382102528
2382364672
2382626816
2382888960
2383151104
2383413248
2383675392
2383937536
2384199680
2384461824
2384723968
2384986112
2385248256
2385510400
2385772544
2386034688
2386296832
2386558976
2386821120
2387083264
2387345408
2387607552
2387869696
2388131840
2388393984
2388656128
2388918272
2389180416
2389442560
2389704704
2389966848
2390228992
2390491136
2390753280
2391015424
2391277568
2391539712
2391801856
2392064000
2392326144
2392588288
2392850432
2393112576
2393374720
2393636864
2393899008
2394161152
2394423296
2394685440
2394947584
2395209728
2395471872
2395734016
2395996160
2396258304
2396520448
2396782592
2397044736
2397306880
2397569024
2397831168
2398093312
2398355456
2398617600
2398879744
2399141888
2399404032
2399666176
2399928320
2400190464
2400452608
2400714752
2400976896
2401239040
2401501184
2401763328
2402025472
2402287616
2402549760
2402811904
2403074048
2403336192
2403598336
2403860480
2404122624
2404384768
2404646912
2404909056
2405171200
2405433344
2405695488
2405957632
2406219776
2406481920
2406744064
2407006208
2407268352
2407530496
2407792640
2408054784
2408316928
2408579072
2408841216
2409103360
2409365504
2409627648
2409889792
2410151936
2410414080
2410676224
2410938368
2411200512
2411462656
2411724800
2411986944
2412249088
2412511232
2412773376
2413035520
2413297664
2413559808
2413821952
2414084096
2414346240
2414608384
2414870528
2415132672
2415394816
2415656960
2415919104
2416181248
2416443392
2416705536
2416967680
2417229824
2417491968
2417754112
2418016256
2418278400
2418540544
2418802688
2419064832
2419326976
2419589120
2419851264
2420113408
2420375552
2420637696
2420899840
2421161984
2421424128
2421686272
2421948416
2422210560
2422472704
2422734848
2422996992
2423259136
2423521280
2423783424
2424045568
2424307712
2424569856
2424832000
2425094144
2425356288
2425618432
2425880576
2426142720
2426404864
2426667008
2426929152
2427191296
2427453440
2427715584
2427977728
2428239872
2428502016
2428764160
2429026304
2429288448
2429550592
2429812736
2430074880
2430337024
2430599168
2430861312
2431123456
2431385600
2431647744
2431909888
2432172032
2432434176
2432696320
2432958464
2433220608
2433482752
2433744896
2434007040
2434269184
2434531328
2434793472
2435055616
2435317760
2435579904
2435842048
2436104192
2436366336
2436628480
2436890624
2437152768
2437414912
2437677056
2437939200
2438201344
2438463488
2438725632
2438987776
2439249920
2439512064
2439774208
2440036352
2440298496
2440560640
2440822784
2441084928
2441347072
2441609216
2441871360
2442133504
2442395648
2442657792
2442919936
2443182080
2443444224
2443706368
2443968512
2444230656
2444492800
2444754944
2445017088
2445279232
2445541376
2445803520
2446065664
2446327808
2446589952
2446852096
2447114240
2447376384
2447638528
2447900672
2448162816
2448424960
2448687104
2448949248
2449211392
2449473536
2449735680
2449997824
2450259968
2450522112
2450784256
2451046400
2451308544
2451570688
2451832832
2452094976
2452357120
2452619264
2452881408
2453143552
2453405696
2453667840
2453929984
2454192128
2454454272
2454716416
2454978560
2455240704
2455502848
2455764992
2456027136
2456289280
2456551424
2456813568
2457075712
2457337856
2457600000
2457862144
2458124288
2458386432
2458648576
2458910720
2459172864
2459435008
2459697152
2459959296
2460221440
2460483584
2460745728
2461007872
2461270016
2461532160
2461794304
2462056448
2462318592
2462580736
2462842880
2463105024
2463367168
2463629312
2463891456
2464153600
2464415744
2464677888
2464940032
2465202176
2465464320
2465726464
2465988608
2466250752
2466512896
2466775040
2467037184
2467299328
2467561472
2467823616
2468085760
2468347904
2468610048
2468872192
2469134336
2469396480
2469658624
2469920768
2470182912
2470445056
2470707200
2470969344
2471231488
2471493632
2471755776
2472017920
2472280064
2472542208
2472804352
2473066496
2473328640
2473590784
2473852928
2474115072
2474377216
2474639360
2474901504
2475163648
2475425792
2475687936
2475950080
2476212224
2476474368
2476736512
2476998656
2477260800
2477522944
2477785088
2478047232
2478309376
2478571520
2478833664
2479095808
2479357952
2479620096
2479882240
2480144384
2480406528
2480668672
2480930816
2481192960
2481455104
2481717248
2481979392
2482241536
2482503680
2482765824
2483027968
2483290112
2483552256
2483814400
2484076544
2484338688
2484600832
2484862976
2485125120
2485387264
2485649408
2485911552
2486173696
2486435840
2486697984
2486960128
2487222272
2487484416
2487746560
2488008704
2488270848
2488532992
2488795136
2489057280
2489319424
2489581568
2489843712
2490105856
2490368000
2490630144
2490892288
2491154432
2491416576
2491678720
2491940864
2492203008
2492465152
2492727296
2492989440
2493251584
2493513728
2493775872
2494038016
2494300160
2494562304
2494824448
2495086592
2495348736
2495610880
2495873024
2496135168
2496397312
2496659456
2496921600
2497183744
2497445888
2497708032
2497970176
2498232320
2498494464
2498756608
2499018752
2499280896
2499543040
2499805184
2500067328
2500329472
2500591616
2500853760
2501115904
2501378048
2501640192
2501902336
2502164480
2502426624
2502688768
2502950912
2503213056
2503475200
2503737344
2503999488
2504261632
2504523776
2504785920
2505048064
2505310208
2505572352
2505834496
2506096640
2506358784
2506620928
2506883072
2507145216
2507407360
2507669504
2507931648
2508193792
2508455936
2508718080
2508980224
2509242368
2509504512
2509766656
2510028800
2510290944
2510553088
2510815232
2511077376
2511339520
2511601664
2511863808
2512125952
2512388096
2512650240
2512912384
2513174528
2513436672
2513698816
2513960960
2514223104
2514485248
2514747392
2515009536
2515271680
2515533824
2515795968
2516058112
2516320256
2516582400
2516844544
2517106688
2517368832
2517630976
2517893120
2518155264
2518417408
2518679552
2518941696
2519203840
2519465984
2519728128
2519990272
2520252416
2520514560
2520776704
2521038848
2521300992
2521563136
2521825280
2522087424
2522349568
2522611712
2522873856
2523136000
2523398144
2523660288
2523922432
2524184576
2524446720
2524708864
2524971008
2525233152
2525495296
2525757440
2526019584
2526281728
2526543872
2526806016
2527068160
2527330304
2527592448
2527854592
2528116736
2528378880
2528641024
2528903168
2529165312
2529427456
2529689600
2529951744
2530213888
2530476032
2530738176
2531000320
2531262464
2531524608
2531786752
2532048896
2532311040
2532573184
2532835328
2533097472
2533359616
2533621760
2533883904
2534146048
2534408192
2534670336
2534932480
2535194624
2535456768
2535718912
2535981056
2536243200
2536505344
2536767488
2537029632
2537291776
2537553920
2537816064
2538078208
2538340352
2538602496
2538864640
2539126784
2539388928
2539651072
2539913216
2540175360
2540437504
2540699648
2540961792
2541223936
2541486080
2541748224
2542010368
2542272512
2542534656
2542796800
2543058944
2543321088
2543583232
2543845376
2544107520
2544369664
2544631808
2544893952
2545156096
2545418240
2545680384
2545942528
2546204672
2546466816
2546728960
2546991104
2547253248
2547515392
2547777536
2548039680
2548301824
2548563968
2548826112
2549088256
2549350400
2549612544
2549874688
2550136832
2550398976
2550661120
2550923264
2551185408
2551447552
2551709696
2551971840
2552233984
2552496128
2552758272
2553020416
2553282560
2553544704
2553806848
2554068992
2554331136
2554593280
2554855424
2555117568
2555379712
2555641856
2555904000
2556166144
2556428288
2556690432
2556952576
2557214720
2557476864
2557739008
2558001152
2558263296
2558525440
2558787584
2559049728
2559311872
2559574016
2559836160
2560098304
2560360448
2560622592
2560884736
2561146880
2561409024
2561671168
2561933312
2562195456
2562457600
2562719744
2562981888
2563244032
2563506176
2563768320
2564030464
2564292608
2564554752
2564816896
2565079040
2565341184
2565603328
2565865472
2566127616
2566389760
2566651904
2566914048
2567176192
2567438336
2567700480
2567962624
2568224768
2568486912
2568749056
2569011200
2569273344
2569535488
2569797632
2570059776
2570321920
2570584064
2570846208
2571108352
2571370496
2571632640
2571894784
2572156928
2572419072
2572681216
2572943360
2573205504
2573467648
2573729792
2573991936
2574254080
2574516224
2574778368
2575040512
2575302656
2575564800
2575826944
2576089088
2576351232
2576613376
2576875520
2577137664
2577399808
2577661952
2577924096
2578186240
2578448384
2578710528
2578972672
2579234816
2579496960
2579759104
2580021248
2580283392
2580545536
2580807680
2581069824
2581331968
2581594112
2581856256
2582118400
2582380544
2582642688
2582904832
2583166976
2583429120
2583691264
2583953408
2584215552
2584477696
2584739840
2585001984
2585264128
2585526272
2585788416
2586050560
2586312704
2586574848
2586836992
2587099136
2587361280
2587623424
2587885568
2588147712
2588409856
2588672000
2588934144
2589196288
2589458432
2589720576
2589982720
2590244864
2590507008
2590769152
2591031296
2591293440
2591555584
2591817728
2592079872
2592342016
2592604160
2592866304
2593128448
2593390592
2593652736
2593914880
2594177024
2594439168
2594701312
2594963456
2595225600
2595487744
2595749888
2596012032
2596274176
2596536320
2596798464
2597060608
2597322752
2597584896
2597847040
2598109184
2598371328
2598633472
2598895616
2599157760
2599419904
2599682048
2599944192
2600206336
2600468480
2600730624
2600992768
2601254912
2601517056
2601779200
2602041344
2602303488
2602565632
2602827776
2603089920
2603352064
2603614208
2603876352
2604138496
2604400640
2604662784
2604924928
2605187072
2605449216
2605711360
2605973504
2606235648
2606497792
2606759936
2607022080
2607284224
2607546368
2607808512
2608070656
2608332800
2608594944
2608857088
2609119232
2609381376
2609643520
2609905664
2610167808
2610429952
2610692096
2610954240
2611216384
2611478528
2611740672
2612002816
2612264960
2612527104
2612789248
2613051392
2613313536
2613575680
2613837824
2614099968
2614362112
2614624256
2614886400
2615148544
2615410688
2615672832
2615934976
2616197120
2616459264
2616721408
2616983552
2617245696
2617507840
2617769984
2618032128
2618294272
2618556416
2618818560
2619080704
2619342848
2619604992
2619867136
2620129280
2620391424
2620653568
2620915712
2621177856
2621440000
2621702144
2621964288
2622226432
2622488576
2622750720
2623012864
2623275008
2623537152
2623799296
2624061440
2624323584
2624585728
2624847872
2625110016
2625372160
2625634304
2625896448
2626158592
2626420736
2626682880
2626945024
2627207168
2627469312
2627731456
2627993600
2628255744
2628517888
2628780032
2629042176
2629304320
2629566464
2629828608
2630090752
2630352896
2630615040
2630877184
2631139328
2631401472
2631663616
2631925760
2632187904
2632450048
2632712192
2632974336
2633236480
2633498624
2633760768
2634022912
2634285056
2634547200
2634809344
2635071488
2635333632
2635595776
2635857920
2636120064
2636382208
2636644352
2636906496
2637168640
2637430784
2637692928
2637955072
2638217216
2638479360
2638741504
2639003648
2639265792
2639527936
2639790080
2640052224
2640314368
2640576512
2640838656
2641100800
2641362944
2641625088
2641887232
2642149376
2642411520
2642673664
2642935808
2643197952
2643460096
2643722240
2643984384
2644246528
2644508672
2644770816
2645032960
2645295104
2645557248
2645819392
2646081536
2646343680
2646605824
2646867968
2647130112
2647392256
2647654400
2647916544
2648178688
2648440832
2648702976
2648965120
2649227264
2649489408
2649751552
2650013696
2650275840
2650537984
2650800128
2651062272
2651324416
2651586560
2651848704
2652110848
2652372992
2652635136
2652897280
2653159424
2653421568
2653683712
2653945856
2654208000
2654470144
2654732288
2654994432
2655256576
2655518720
2655780864
2656043008
2656305152
2656567296
2656829440
2657091584
2657353728
2657615872
2657878016
2658140160
2658402304
2658664448
2658926592
2659188736
2659450880
2659713024
2659975168
2660237312
2660499456
2660761600
2661023744
2661285888
2661548032
2661810176
2662072320
2662334464
2662596608
2662858752
2663120896
2663383040
2663645184
2663907328
2664169472
2664431616
2664693760
2664955904
2665218048
2665480192
2665742336
2666004480
2666266624
2666528768
2666790912
2667053056
2667315200
2667577344
2667839488
2668101632
2668363776
2668625920
2668888064
2669150208
2669412352
2669674496
2669936640
2670198784
2670460928
2670723072
2670985216
2671247360
2671509504
2671771648
2672033792
2672295936
2672558080
2672820224
2673082368
2673344512
2673606656
2673868800
2674130944
2674393088
2674655232
2674917376
2675179520
2675441664
2675703808
2675965952
2676228096
2676490240
2676752384
2677014528
2677276672
2677538816
2677800960
2678063104
2678325248
2678587392
2678849536
2679111680
2679373824
2679635968
2679898112
2680160256
2680422400
2680684544
2680946688
2681208832
2681470976
2681733120
2681995264
2682257408
2682519552
2682781696
2683043840
2683305984
2683568128
2683830272
2684092416
2684354560
2684616704
2684878848
2685140992
2685403136
2685665280
2685927424
2686189568
2686451712
2686713856
2686976000
2687238144
2687500288
2687762432
2688024576
2688286720
2688548864
2688811008
2689073152
2689335296
2689597440
2689859584
2690121728
2690383872
2690646016
2690908160
2691170304
2691432448
2691694592
2691956736
2692218880
2692481024
2692743168
2693005312
2693267456
2693529600
2693791744
2694053888
2694316032
2694578176
2694840320
2695102464
2695364608
2695626752
2695888896
2696151040
2696413184
2696675328
2696937472
2697199616
2697461760
2697723904
2697986048
2698248192
2698510336
2698772480
2699034624
2699296768
2699558912
2699821056
2700083200
2700345344
2700607488
2700869632
2701131776
2701393920
2701656064
2701918208
2702180352
2702442496
2702704640
2702966784
2703228928
2703491072
2703753216
2704015360
2704277504
2704539648
2704801792
2705063936
2705326080
2705588224
2705850368
2706112512
2706374656
2706636800
2706898944
2707161088
2707423232
2707685376
2707947520
2708209664
2708471808
2708733952
2708996096
2709258240
2709520384
2709782528
2710044672
2710306816
2710568960
2710831104
2711093248
2711355392
2711617536
2711879680
2712141824
2712403968
2712666112
2712928256
2713190400
2713452544
2713714688
2713976832
2714238976
2714501120
2714763264
2715025408
2715287552
2715549696
2715811840
2716073984
2716336128
2716598272
2716860416
2717122560
2717384704
2717646848
2717908992
2718171136
2718433280
2718695424
2718957568
2719219712
2719481856
2719744000
2720006144
2720268288
2720530432
2720792576
2721054720
2721316864
2721579008
2721841152
2722103296
2722365440
2722627584
2722889728
2723151872
2723414016
2723676160
2723938304
2724200448
2724462592
2724724736
2724986880
2725249024
2725511168
2725773312
2726035456
2726297600
2726559744
2726821888
2727084032
2727346176
2727608320
2727870464
2728132608
2728394752
2728656896
2728919040
2729181184
2729443328
2729705472
2729967616
2730229760
2730491904
2730754048
2731016192
2731278336
2731540480
2731802624
2732064768
2732326912
2732589056
2732851200
2733113344
2733375488
2733637632
2733899776
2734161920
2734424064
2734686208
2734948352
2735210496
2735472640
2735734784
2735996928
2736259072
2736521216
2736783360
2737045504
2737307648
2737569792
2737831936
2738094080
2738356224
2738618368
2738880512
2739142656
2739404800
2739666944
2739929088
2740191232
2740453376
2740715520
2740977664
2741239808
2741501952
2741764096
2742026240
2742288384
2742550528
2742812672
2743074816
2743336960
2743599104
2743861248
2744123392
2744385536
2744647680
2744909824
2745171968
2745434112
2745696256
2745958400
2746220544
2746482688
2746744832
2747006976
2747269120
2747531264
2747793408
2748055552
2748317696
2748579840
2748841984
2749104128
2749366272
2749628416
2749890560
2750152704
2750414848
2750676992
2750939136
2751201280
2751463424
2751725568
2751987712
2752249856
2752512000
2752774144
2753036288
2753298432
2753560576
2753822720
2754084864
2754347008
2754609152
2754871296
2755133440
2755395584
2755657728
2755919872
2756182016
2756444160
2756706304
2756968448
2757230592
2757492736
2757754880
2758017024
2758279168
2758541312
2758803456
2759065600
2759327744
2759589888
2759852032
2760114176
2760376320
2760638464
2760900608
2761162752
2761424896
2761687040
2761949184
2762211328
2762473472
2762735616
2762997760
2763259904
2763522048
2763784192
2764046336
2764308480
2764570624
2764832768
2765094912
2765357056
2765619200
2765881344
2766143488
2766405632
2766667776
2766929920
2767192064
2767454208
2767716352
2767978496
2768240640
2768502784
2768764928
2769027072
2769289216
2769551360
2769813504
2770075648
2770337792
2770599936
2770862080
2771124224
2771386368
2771648512
2771910656
2772172800
2772434944
2772697088
2772959232
2773221376
2773483520
2773745664
2774007808
2774269952
2774532096
2774794240
2775056384
2775318528
2775580672
2775842816
2776104960
2776367104
2776629248
2776891392
2777153536
2777415680
2777677824
2777939968
2778202112
2778464256
2778726400
2778988544
2779250688
2779512832
2779774976
2780037120
2780299264
2780561408
2780823552
2781085696
2781347840
2781609984
2781872128
2782134272
2782396416
2782658560
2782920704
2783182848
2783444992
2783707136
2783969280
2784231424
2784493568
2784755712
2785017856
2785280000
2785542144
2785804288
2786066432
2786328576
2786590720
2786852864
2787115008
2787377152
2787639296
2787901440
2788163584
2788425728
2788687872
2788950016
2789212160
2789474304
2789736448
2789998592
2790260736
2790522880
2790785024
2791047168
2791309312
2791571456
2791833600
2792095744
2792357888
2792620032
2792882176
2793144320
2793406464
2793668608
2793930752
2794192896
2794455040
2794717184
2794979328
2795241472
2795503616
2795765760
2796027904
2796290048
2796552192
2796814336
2797076480
2797338624
2797600768
2797862912
2798125056
2798387200
2798649344
2798911488
2799173632
2799435776
2799697920
2799960064
2800222208
2800484352
2800746496
2801008640
2801270784
2801532928
2801795072
2802057216
2802319360
2802581504
2802843648
2803105792
2803367936
2803630080
2803892224
2804154368
2804416512
2804678656
2804940800
2805202944
2805465088
2805727232
2805989376
2806251520
2806513664
2806775808
2807037952
2807300096
2807562240
2807824384
2808086528
2808348672
2808610816
2808872960
2809135104
2809397248
2809659392
2809921536
2810183680
2810445824
2810707968
2810970112
2811232256
2811494400
2811756544
2812018688
2812280832
2812542976
2812805120
2813067264
2813329408
2813591552
2813853696
2814115840
2814377984
2814640128
2814902272
2815164416
2815426560
2815688704
2815950848
2816212992
2816475136
2816737280
2816999424
2817261568
2817523712
2817785856
2818048000
2818310144
2818572288
2818834432
2819096576
2819358720
2819620864
2819883008
2820145152
2820407296
2820669440
2820931584
2821193728
2821455872
2821718016
2821980160
2822242304
2822504448
2822766592
2823028736
2823290880
2823553024
2823815168
2824077312
2824339456
2824601600
2824863744
2825125888
2825388032
2825650176
2825912320
2826174464
2826436608
2826698752
2826960896
2827223040
2827485184
2827747328
2828009472
2828271616
2828533760
2828795904
2829058048
2829320192
2829582336
2829844480
2830106624
2830368768
2830630912
2830893056
2831155200
2831417344
2831679488
2831941632
2832203776
2832465920
2832728064
2832990208
2833252352
2833514496
2833776640
2834038784
2834300928
2834563072
2834825216
2835087360
2835349504
2835611648
2835873792
2836135936
2836398080
2836660224
2836922368
2837184512
2837446656
2837708800
2837970944
2838233088
2838495232
2838757376
2839019520
2839281664
2839543808
2839805952
2840068096
2840330240
2840592384
2840854528
2841116672
2841378816
2841640960
2841903104
2842165248
2842427392
2842689536
2842951680
2843213824
2843475968
2843738112
2844000256
2844262400
2844524544
2844786688
2845048832
2845310976
2845573120
2845835264
2846097408
2846359552
2846621696
2846883840
2847145984
2847408128
2847670272
2847932416
2848194560
2848456704
2848718848
2848980992
2849243136
2849505280
2849767424
2850029568
2850291712
2850553856
2850816000
2851078144
2851340288
2851602432
2851864576
2852126720
2852388864
2852651008
2852913152
2853175296
2853437440
2853699584
2853961728
2854223872
2854486016
2854748160
2855010304
2855272448
2855534592
2855796736
2856058880
2856321024
2856583168
2856845312
2857107456
2857369600
2857631744
2857893888
2858156032
2858418176
2858680320
2858942464
2859204608
2859466752
2859728896
2859991040
2860253184
2860515328
2860777472
2861039616
2861301760
2861563904
2861826048
2862088192
2862350336
2862612480
2862874624
2863136768
2863398912
2863661056
2863923200
2864185344
2864447488
2864709632
2864971776
2865233920
2865496064
2865758208
2866020352
2866282496
2866544640
2866806784
2867068928
2867331072
2867593216
2867855360
2868117504
2868379648
2868641792
2868903936
2869166080
2869428224
2869690368
2869952512
2870214656
2870476800
2870738944
2871001088
2871263232
2871525376
2871787520
2872049664
2872311808
2872573952
2872836096
2873098240
2873360384
2873622528
2873884672
2874146816
2874408960
2874671104
2874933248
2875195392
2875457536
2875719680
2875981824
2876243968
2876506112
2876768256
2877030400
2877292544
2877554688
2877816832
2878078976
2878341120
2878603264
2878865408
2879127552
2879389696
2879651840
2879913984
2880176128
2880438272
2880700416
2880962560
2881224704
2881486848
2881748992
2882011136
2882273280
2882535424
2882797568
2883059712
2883321856
2883584000
2883846144
2884108288
2884370432
2884632576
2884894720
2885156864
2885419008
2885681152
2885943296
2886205440
2886467584
2886729728
2886991872
2887254016
2887516160
2887778304
2888040448
2888302592
2888564736
2888826880
2889089024
2889351168
2889613312
2889875456
2890137600
2890399744
2890661888
2890924032
2891186176
2891448320
2891710464
2891972608
2892234752
2892496896
2892759040
2893021184
2893283328
2893545472
2893807616
2894069760
2894331904
2894594048
2894856192
2895118336
2895380480
2895642624
2895904768
2896166912
2896429056
2896691200
2896953344
2897215488
2897477632
2897739776
2898001920
2898264064
2898526208
2898788352
2899050496
2899312640
2899574784
2899836928
2900099072
2900361216
2900623360
2900885504
2901147648
2901409792
2901671936
2901934080
2902196224
2902458368
2902720512
2902982656
2903244800
2903506944
2903769088
2904031232
2904293376
2904555520
2904817664
2905079808
2905341952
2905604096
2905866240
2906128384
2906390528
2906652672
2906914816
2907176960
2907439104
2907701248
2907963392
2908225536
2908487680
2908749824
2909011968
2909274112
2909536256
2909798400
2910060544
2910322688
2910584832
2910846976
2911109120
2911371264
2911633408
2911895552
2912157696
2912419840
2912681984
2912944128
2913206272
2913468416
2913730560
2913992704
2914254848
2914516992
2914779136
2915041280
2915303424
2915565568
2915827712
2916089856
2916352000
2916614144
2916876288
2917138432
2917400576
2917662720
2917924864
2918187008
2918449152
2918711296
2918973440
2919235584
2919497728
2919759872
2920022016
2920284160
2920546304
2920808448
2921070592
2921332736
2921594880
2921857024
2922119168
2922381312
2922643456
2922905600
2923167744
2923429888
2923692032
2923954176
2924216320
2924478464
2924740608
2925002752
2925264896
2925527040
2925789184
2926051328
2926313472
2926575616
2926837760
2927099904
2927362048
2927624192
2927886336
2928148480
2928410624
2928672768
2928934912
2929197056
2929459200
2929721344
2929983488
2930245632
2930507776
2930769920
2931032064
2931294208
2931556352
2931818496
2932080640
2932342784
2932604928
2932867072
2933129216
2933391360
2933653504
2933915648
2934177792
2934439936
2934702080
2934964224
2935226368
2935488512
2935750656
2936012800
2936274944
2936537088
2936799232
2937061376
2937323520
2937585664
2937847808
2938109952
2938372096
2938634240
2938896384
2939158528
2939420672
2939682816
2939944960
2940207104
2940469248
2940731392
2940993536
2941255680
2941517824
2941779968
2942042112
2942304256
2942566400
2942828544
2943090688
2943352832
2943614976
2943877120
2944139264
2944401408
2944663552
2944925696
2945187840
2945449984
2945712128
2945974272
2946236416
2946498560
2946760704
2947022848
2947284992
2947547136
2947809280
2948071424
2948333568
2948595712
2948857856
2949120000
2949382144
2949644288
2949906432
2950168576
2950430720
2950692864
2950955008
2951217152
2951479296
2951741440
2952003584
2952265728
2952527872
2952790016
2953052160
2953314304
2953576448
2953838592
2954100736
2954362880
2954625024
2954887168
2955149312
2955411456
2955673600
2955935744
2956197888
2956460032
2956722176
2956984320
2957246464
2957508608
2957770752
2958032896
2958295040
2958557184
2958819328
2959081472
2959343616
2959605760
2959867904
2960130048
2960392192
2960654336
2960916480
2961178624
2961440768
2961702912
2961965056
2962227200
2962489344
2962751488
2963013632
2963275776
2963537920
2963800064
2964062208
2964324352
2964586496
2964848640
2965110784
2965372928
2965635072
2965897216
2966159360
2966421504
2966683648
2966945792
2967207936
2967470080
2967732224
2967994368
2968256512
2968518656
2968780800
2969042944
2969305088
2969567232
2969829376
2970091520
2970353664
2970615808
2970877952
2971140096
2971402240
2971664384
2971926528
2972188672
2972450816
2972712960
2972975104
2973237248
2973499392
2973761536
2974023680
2974285824
2974547968
2974810112
2975072256
2975334400
2975596544
2975858688
2976120832
2976382976
2976645120
2976907264
2977169408
2977431552
2977693696
2977955840
2978217984
2978480128
2978742272
2979004416
2979266560
2979528704
2979790848
2980052992
2980315136
2980577280
2980839424
2981101568
2981363712
2981625856
2981888000
2982150144
2982412288
2982674432
2982936576
2983198720
2983460864
2983723008
2983985152
2984247296
2984509440
2984771584
2985033728
2985295872
2985558016
2985820160
2986082304
2986344448
2986606592
2986868736
2987130880
2987393024
2987655168
2987917312
2988179456
2988441600
2988703744
2988965888
2989228032
2989490176
2989752320
2990014464
2990276608
2990538752
2990800896
2991063040
2991325184
2991587328
2991849472
2992111616
2992373760
2992635904
2992898048
2993160192
2993422336
2993684480
2993946624
2994208768
2994470912
2994733056
2994995200
2995257344
2995519488
2995781632
2996043776
2996305920
2996568064
2996830208
2997092352
2997354496
2997616640
2997878784
2998140928
2998403072
2998665216
2998927360
2999189504
2999451648
2999713792
2999975936
3000238080
3000500224
3000762368
3001024512
3001286656
3001548800
3001810944
3002073088
3002335232
3002597376
3002859520
3003121664
3003383808
3003645952
3003908096
3004170240
3004432384
3004694528
3004956672
3005218816
3005480960
3005743104
3006005248
3006267392
3006529536
3006791680
3007053824
3007315968
3007578112
3007840256
3008102400
3008364544
3008626688
3008888832
3009150976
3009413120
3009675264
3009937408
3010199552
3010461696
3010723840
3010985984
3011248128
3011510272
3011772416
3012034560
3012296704
3012558848
3012820992
3013083136
3013345280
3013607424
3013869568
3014131712
3014393856
3014656000
3014918144
3015180288
3015442432
3015704576
3015966720
3016228864
3016491008
3016753152
3017015296
3017277440
3017539584
3017801728
3018063872
3018326016
3018588160
3018850304
3019112448
3019374592
3019636736
3019898880
3020161024
3020423168
3020685312
3020947456
3021209600
3021471744
3021733888
3021996032
3022258176
3022520320
3022782464
3023044608
3023306752
3023568896
3023831040
3024093184
3024355328
3024617472
3024879616
3025141760
3025403904
3025666048
3025928192
3026190336
3026452480
3026714624
3026976768
3027238912
3027501056
3027763200
3028025344
3028287488
3028549632
3028811776
3029073920
3029336064
3029598208
3029860352
3030122496
3030384640
3030646784
3030908928
3031171072
3031433216
3031695360
3031957504
3032219648
3032481792
3032743936
3033006080
3033268224
3033530368
3033792512
3034054656
3034316800
3034578944
3034841088
3035103232
3035365376
3035627520
3035889664
3036151808
3036413952
3036676096
3036938240
3037200384
3037462528
3037724672
3037986816
3038248960
3038511104
3038773248
3039035392
3039297536
3039559680
3039821824
3040083968
3040346112
3040608256
3040870400
3041132544
3041394688
3041656832
3041918976
3042181120
3042443264
3042705408
3042967552
3043229696
3043491840
3043753984
3044016128
3044278272
3044540416
3044802560
3045064704
3045326848
3045588992
3045851136
3046113280
3046375424
3046637568
3046899712
3047161856
3047424000
3047686144
3047948288
3048210432
3048472576
3048734720
3048996864
3049259008
3049521152
3049783296
3050045440
3050307584
3050569728
3050831872
3051094016
3051356160
3051618304
3051880448
3052142592
3052404736
3052666880
3052929024
3053191168
3053453312
3053715456
3053977600
3054239744
3054501888
3054764032
3055026176
3055288320
3055550464
3055812608
3056074752
3056336896
3056599040
3056861184
3057123328
3057385472
3057647616
3057909760
3058171904
3058434048
3058696192
3058958336
3059220480
3059482624
3059744768
3060006912
3060269056
3060531200
3060793344
3061055488
3061317632
3061579776
3061841920
3062104064
3062366208
3062628352
3062890496
3063152640
3063414784
3063676928
3063939072
3064201216
3064463360
3064725504
3064987648
3065249792
3065511936
3065774080
3066036224
3066298368
3066560512
3066822656
3067084800
3067346944
3067609088
3067871232
3068133376
3068395520
3068657664
3068919808
3069181952
3069444096
3069706240
3069968384
3070230528
3070492672
3070754816
3071016960
3071279104
3071541248
3071803392
3072065536
3072327680
3072589824
3072851968
3073114112
3073376256
3073638400
3073900544
3074162688
3074424832
3074686976
3074949120
3075211264
3075473408
3075735552
3075997696
3076259840
3076521984
3076784128
3077046272
3077308416
3077570560
3077832704
3078094848
3078356992
3078619136
3078881280
3079143424
3079405568
3079667712
3079929856
3080192000
3080454144
3080716288
3080978432
3081240576
3081502720
3081764864
3082027008
3082289152
3082551296
3082813440
3083075584
3083337728
3083599872
3083862016
3084124160
3084386304
3084648448
3084910592
3085172736
3085434880
3085697024
3085959168
3086221312
3086483456
3086745600
3087007744
3087269888
3087532032
3087794176
3088056320
3088318464
3088580608
3088842752
3089104896
3089367040
3089629184
3089891328
3090153472
3090415616
3090677760
3090939904
3091202048
3091464192
3091726336
3091988480
3092250624
3092512768
3092774912
3093037056
3093299200
3093561344
3093823488
3094085632
3094347776
3094609920
3094872064
3095134208
3095396352
3095658496
3095920640
3096182784
3096444928
3096707072
3096969216
3097231360
3097493504
3097755648
3098017792
3098279936
3098542080
3098804224
3099066368
3099328512
3099590656
3099852800
3100114944
3100377088
3100639232
3100901376
3101163520
3101425664
3101687808
3101949952
3102212096
3102474240
3102736384
3102998528
3103260672
3103522816
3103784960
3104047104
3104309248
3104571392
3104833536
3105095680
3105357824
3105619968
3105882112
3106144256
3106406400
3106668544
3106930688
3107192832
3107454976
3107717120
3107979264
3108241408
3108503552
3108765696
3109027840
3109289984
3109552128
3109814272
3110076416
3110338560
3110600704
3110862848
3111124992
3111387136
3111649280
3111911424
3112173568
3112435712
3112697856
3112960000
3113222144
3113484288
3113746432
3114008576
3114270720
3114532864
3114795008
3115057152
3115319296
3115581440
3115843584
3116105728
3116367872
3116630016
3116892160
3117154304
3117416448
3117678592
3117940736
3118202880
3118465024
3118727168
3118989312
3119251456
3119513600
3119775744
3120037888
3120300032
3120562176
3120824320
3121086464
3121348608
3121610752
3121872896
3122135040
3122397184
3122659328
3122921472
3123183616
3123445760
3123707904
3123970048
3124232192
3124494336
3124756480
3125018624
3125280768
3125542912
3125805056
3126067200
3126329344
3126591488
3126853632
3127115776
3127377920
3127640064
3127902208
3128164352
3128426496
3128688640
3128950784
3129212928
3129475072
3129737216
3129999360
3130261504
3130523648
3130785792
3131047936
3131310080
3131572224
3131834368
3132096512
3132358656
3132620800
3132882944
3133145088
3133407232
3133669376
3133931520
3134193664
3134455808
3134717952
3134980096
3135242240
3135504384
3135766528
3136028672
3136290816
3136552960
3136815104
3137077248
3137339392
3137601536
3137863680
3138125824
3138387968
3138650112
3138912256
3139174400
3139436544
3139698688
3139960832
3140222976
3140485120
3140747264
3141009408
3141271552
3141533696
3141795840
3142057984
3142320128
3142582272
3142844416
3143106560
3143368704
3143630848
3143892992
3144155136
3144417280
3144679424
3144941568
3145203712
3145465856
3145728000
3145990144
3146252288
3146514432
3146776576
3147038720
3147300864
3147563008
3147825152
3148087296
3148349440
3148611584
3148873728
3149135872
3149398016
3149660160
3149922304
3150184448
3150446592
3150708736
3150970880
3151233024
3151495168
3151757312
3152019456
3152281600
3152543744
3152805888
3153068032
3153330176
3153592320
3153854464
3154116608
3154378752
3154640896
3154903040
3155165184
3155427328
3155689472
3155951616
3156213760
3156475904
3156738048
3157000192
3157262336
3157524480
3157786624
3158048768
3158310912
3158573056
3158835200
3159097344
3159359488
3159621632
3159883776
3160145920
3160408064
3160670208
3160932352
3161194496
3161456640
3161718784
3161980928
3162243072
3162505216
3162767360
3163029504
3163291648
3163553792
3163815936
3164078080
3164340224
3164602368
3164864512
3165126656
3165388800
3165650944
3165913088
3166175232
3166437376
3166699520
3166961664
3167223808
3167485952
3167748096
3168010240
3168272384
3168534528
3168796672
3169058816
3169320960
3169583104
3169845248
3170107392
3170369536
3170631680
3170893824
3171155968
3171418112
3171680256
3171942400
3172204544
3172466688
3172728832
3172990976
3173253120
3173515264
3173777408
3174039552
3174301696
3174563840
3174825984
3175088128
3175350272
3175612416
3175874560
3176136704
3176398848
3176660992
3176923136
3177185280
3177447424
3177709568
3177971712
3178233856
3178496000
3178758144
3179020288
3179282432
3179544576
3179806720
3180068864
3180331008
3180593152
3180855296
3181117440
3181379584
3181641728
3181903872
3182166016
3182428160
3182690304
3182952448
3183214592
3183476736
3183738880
3184001024
3184263168
3184525312
3184787456
3185049600
3185311744
3185573888
3185836032
3186098176
3186360320
3186622464
3186884608
3187146752
3187408896
3187671040
3187933184
3188195328
3188457472
3188719616
3188981760
3189243904
3189506048
3189768192
3190030336
3190292480
3190554624
3190816768
3191078912
3191341056
3191603200
3191865344
3192127488
3192389632
3192651776
3192913920
3193176064
3193438208
3193700352
3193962496
3194224640
3194486784
3194748928
3195011072
3195273216
3195535360
3195797504
3196059648
3196321792
3196583936
3196846080
3197108224
3197370368
3197632512
3197894656
3198156800
3198418944
3198681088
3198943232
3199205376
3199467520
3199729664
3199991808
3200253952
3200516096
3200778240
3201040384
3201302528
3201564672
3201826816
3202088960
3202351104
3202613248
3202875392
3203137536
3203399680
3203661824
3203923968
3204186112
3204448256
3204710400
3204972544
3205234688
3205496832
3205758976
3206021120
3206283264
3206545408
3206807552
3207069696
3207331840
3207593984
3207856128
3208118272
3208380416
3208642560
3208904704
3209166848
3209428992
3209691136
3209953280
3210215424
3210477568
3210739712
3211001856
3211264000
3211526144
3211788288
3212050432
3212312576
3212574720
3212836864
3213099008
3213361152
3213623296
3213885440
3214147584
3214409728
3214671872
3214934016
3215196160
3215458304
3215720448
3215982592
3216244736
3216506880
3216769024
3217031168
3217293312
3217555456
3217817600
3218079744
3218341888
3218604032
3218866176
3219128320
3219390464
3219652608
3219914752
3220176896
3220439040
3220701184
3220963328
3221225472
3221487616
3221749760
3222011904
3222274048
3222536192
3222798336
3223060480
3223322624
3223584768
3223846912
3224109056
3224371200
3224633344
3224895488
3225157632
3225419776
3225681920
3225944064
3226206208
3226468352
3226730496
3226992640
3227254784
3227516928
3227779072
3228041216
3228303360
3228565504
3228827648
3229089792
3229351936
3229614080
3229876224
3230138368
3230400512
3230662656
3230924800
3231186944
3231449088
3231711232
3231973376
3232235520
3232497664
3232759808
3233021952
3233284096
3233546240
3233808384
3234070528
3234332672
3234594816
3234856960
3235119104
3235381248
3235643392
3235905536
3236167680
3236429824
3236691968
3236954112
3237216256
3237478400
3237740544
3238002688
3238264832
3238526976
3238789120
3239051264
3239313408
3239575552
3239837696
3240099840
3240361984
3240624128
3240886272
3241148416
3241410560
3241672704
3241934848
3242196992
3242459136
3242721280
3242983424
3243245568
3243507712
3243769856
3244032000
3244294144
3244556288
3244818432
3245080576
3245342720
3245604864
3245867008
3246129152
3246391296
3246653440
3246915584
3247177728
3247439872
3247702016
3247964160
3248226304
3248488448
3248750592
3249012736
3249274880
3249537024
3249799168
3250061312
3250323456
3250585600
3250847744
3251109888
3251372032
3251634176
3251896320
3252158464
3252420608
3252682752
3252944896
3253207040
3253469184
3253731328
3253993472
3254255616
3254517760
3254779904
3255042048
3255304192
3255566336
3255828480
3256090624
3256352768
3256614912
3256877056
3257139200
3257401344
3257663488
3257925632
3258187776
3258449920
3258712064
3258974208
3259236352
3259498496
3259760640
3260022784
3260284928
3260547072
3260809216
3261071360
3261333504
3261595648
3261857792
3262119936
3262382080
3262644224
3262906368
3263168512
3263430656
3263692800
3263954944
3264217088
3264479232
3264741376
3265003520
3265265664
3265527808
3265789952
3266052096
3266314240
3266576384
3266838528
3267100672
3267362816
3267624960
3267887104
3268149248
3268411392
3268673536
3268935680
3269197824
3269459968
3269722112
3269984256
3270246400
3270508544
3270770688
3271032832
3271294976
3271557120
3271819264
3272081408
3272343552
3272605696
3272867840
3273129984
3273392128
3273654272
3273916416
3274178560
3274440704
3274702848
3274964992
3275227136
3275489280
3275751424
3276013568
3276275712
3276537856
3276800000
3277062144
3277324288
3277586432
3277848576
3278110720
3278372864
3278635008
3278897152
3279159296
3279421440
3279683584
3279945728
3280207872
3280470016
3280732160
3280994304
3281256448
3281518592
3281780736
3282042880
3282305024
3282567168
3282829312
3283091456
3283353600
3283615744
3283877888
3284140032
3284402176
3284664320
3284926464
3285188608
3285450752
3285712896
3285975040
3286237184
3286499328
3286761472
3287023616
3287285760
3287547904
3287810048
3288072192
3288334336
3288596480
3288858624
3289120768
3289382912
3289645056
3289907200
3290169344
3290431488
3290693632
3290955776
3291217920
3291480064
3291742208
3292004352
3292266496
3292528640
3292790784
3293052928
3293315072
3293577216
3293839360
3294101504
3294363648
3294625792
3294887936
3295150080
3295412224
3295674368
3295936512
3296198656
3296460800
3296722944
3296985088
3297247232
3297509376
3297771520
3298033664
3298295808
3298557952
3298820096
3299082240
3299344384
3299606528
3299868672
3300130816
3300392960
3300655104
3300917248
3301179392
3301441536
3301703680
3301965824
3302227968
3302490112
3302752256
3303014400
3303276544
3303538688
3303800832
3304062976
3304325120
3304587264
3304849408
3305111552
3305373696
3305635840
3305897984
3306160128
3306422272
3306684416
3306946560
3307208704
3307470848
3307732992
3307995136
3308257280
3308519424
3308781568
3309043712
3309305856
3309568000
3309830144
3310092288
3310354432
3310616576
3310878720
3311140864
3311403008
3311665152
3311927296
3312189440
3312451584
3312713728
3312975872
3313238016
3313500160
3313762304
3314024448
3314286592
3314548736
3314810880
3315073024
3315335168
3315597312
3315859456
3316121600
3316383744
3316645888
3316908032
3317170176
3317432320
3317694464
3317956608
3318218752
3318480896
3318743040
3319005184
3319267328
3319529472
3319791616
3320053760
3320315904
3320578048
3320840192
3321102336
3321364480
3321626624
3321888768
3322150912
3322413056
3322675200
3322937344
3323199488
3323461632
3323723776
3323985920
3324248064
3324510208
3324772352
3325034496
3325296640
3325558784
3325820928
3326083072
3326345216
3326607360
3326869504
3327131648
3327393792
3327655936
3327918080
3328180224
3328442368
3328704512
3328966656
3329228800
3329490944
3329753088
3330015232
3330277376
3330539520
3330801664
3331063808
3331325952
3331588096
3331850240
3332112384
3332374528
3332636672
3332898816
3333160960
3333423104
3333685248
3333947392
3334209536
3334471680
3334733824
3334995968
3335258112
3335520256
3335782400
3336044544
3336306688
3336568832
3336830976
3337093120
3337355264
3337617408
3337879552
3338141696
3338403840
3338665984
3338928128
3339190272
3339452416
3339714560
3339976704
3340238848
3340500992
3340763136
3341025280
3341287424
3341549568
3341811712
3342073856
3342336000
3342598144
3342860288
3343122432
3343384576
3343646720
3343908864
3344171008
3344433152
3344695296
3344957440
3345219584
3345481728
3345743872
3346006016
3346268160
3346530304
3346792448
3347054592
3347316736
3347578880
3347841024
3348103168
3348365312
3348627456
3348889600
3349151744
3349413888
3349676032
3349938176
3350200320
3350462464
3350724608
3350986752
3351248896
3351511040
3351773184
3352035328
3352297472
3352559616
3352821760
3353083904
3353346048
3353608192
3353870336
3354132480
3354394624
3354656768
3354918912
3355181056
3355443200
3355705344
3355967488
3356229632
3356491776
3356753920
3357016064
3357278208
3357540352
3357802496
3358064640
3358326784
3358588928
3358851072
3359113216
3359375360
3359637504
3359899648
3360161792
3360423936
3360686080
3360948224
3361210368
3361472512
3361734656
3361996800
3362258944
3362521088
3362783232
3363045376
3363307520
3363569664
3363831808
3364093952
3364356096
3364618240
3364880384
3365142528
3365404672
3365666816
3365928960
3366191104
3366453248
3366715392
3366977536
3367239680
3367501824
3367763968
3368026112
3368288256
3368550400
3368812544
3369074688
3369336832
3369598976
3369861120
3370123264
3370385408
3370647552
3370909696
3371171840
3371433984
3371696128
3371958272
3372220416
3372482560
3372744704
3373006848
3373268992
3373531136
3373793280
3374055424
3374317568
3374579712
3374841856
3375104000
3375366144
3375628288
3375890432
3376152576
3376414720
3376676864
3376939008
3377201152
3377463296
3377725440
3377987584
3378249728
3378511872
3378774016
3379036160
3379298304
3379560448
3379822592
3380084736
3380346880
3380609024
3380871168
3381133312
3381395456
3381657600
3381919744
3382181888
3382444032
3382706176
3382968320
3383230464
3383492608
3383754752
3384016896
3384279040
3384541184
3384803328
3385065472
3385327616
3385589760
3385851904
3386114048
3386376192
3386638336
3386900480
3387162624
3387424768
3387686912
3387949056
3388211200
3388473344
3388735488
3388997632
3389259776
3389521920
3389784064
3390046208
3390308352
3390570496
3390832640
3391094784
3391356928
3391619072
3391881216
3392143360
3392405504
3392667648
3392929792
3393191936
3393454080
3393716224
3393978368
3394240512
3394502656
3394764800
3395026944
3395289088
3395551232
3395813376
3396075520
3396337664
3396599808
3396861952
3397124096
3397386240
3397648384
3397910528
3398172672
3398434816
3398696960
3398959104
3399221248
3399483392
3399745536
3400007680
3400269824
3400531968
3400794112
3401056256
3401318400
3401580544
3401842688
3402104832
3402366976
3402629120
3402891264
3403153408
3403415552
3403677696
3403939840
3404201984
3404464128
3404726272
3404988416
3405250560
3405512704
3405774848
3406036992
3406299136
3406561280
3406823424
3407085568
3407347712
3407609856
3407872000
3408134144
3408396288
3408658432
3408920576
3409182720
3409444864
3409707008
3409969152
3410231296
3410493440
3410755584
3411017728
3411279872
3411542016
3411804160
3412066304
3412328448
3412590592
3412852736
3413114880
3413377024
3413639168
3413901312
3414163456
3414425600
3414687744
3414949888
3415212032
3415474176
3415736320
3415998464
3416260608
3416522752
3416784896
3417047040
3417309184
3417571328
3417833472
3418095616
3418357760
3418619904
3418882048
3419144192
3419406336
3419668480
3419930624
3420192768
3420454912
3420717056
3420979200
3421241344
3421503488
3421765632
3422027776
3422289920
3422552064
3422814208
3423076352
3423338496
3423600640
3423862784
3424124928
3424387072
3424649216
3424911360
3425173504
3425435648
3425697792
3425959936
3426222080
3426484224
3426746368
3427008512
3427270656
3427532800
3427794944
3428057088
3428319232
3428581376
3428843520
3429105664
3429367808
3429629952
3429892096
3430154240
3430416384
3430678528
3430940672
3431202816
3431464960
3431727104
3431989248
3432251392
3432513536
3432775680
3433037824
3433299968
3433562112
3433824256
3434086400
3434348544
3434610688
3434872832
3435134976
3435397120
3435659264
3435921408
3436183552
3436445696
3436707840
3436969984
3437232128
3437494272
3437756416
3438018560
3438280704
3438542848
3438804992
3439067136
3439329280
3439591424
3439853568
3440115712
3440377856
3440640000
3440902144
3441164288
3441426432
3441688576
3441950720
3442212864
3442475008
3442737152
3442999296
3443261440
3443523584
3443785728
3444047872
3444310016
3444572160
3444834304
3445096448
3445358592
3445620736
3445882880
3446145024
3446407168
3446669312
3446931456
3447193600
3447455744
3447717888
3447980032
3448242176
3448504320
3448766464
3449028608
3449290752
3449552896
3449815040
3450077184
3450339328
3450601472
3450863616
3451125760
3451387904
3451650048
3451912192
3452174336
3452436480
3452698624
3452960768
3453222912
3453485056
3453747200
3454009344
3454271488
3454533632
3454795776
3455057920
3455320064
3455582208
3455844352
3456106496
3456368640
3456630784
3456892928
3457155072
3457417216
3457679360
3457941504
3458203648
3458465792
3458727936
3458990080
3459252224
3459514368
3459776512
3460038656
3460300800
3460562944
3460825088
3461087232
3461349376
3461611520
3461873664
3462135808
3462397952
3462660096
3462922240
3463184384
3463446528
3463708672
3463970816
3464232960
3464495104
3464757248
3465019392
3465281536
3465543680
3465805824
3466067968
3466330112
3466592256
3466854400
3467116544
3467378688
3467640832
3467902976
3468165120
3468427264
3468689408
3468951552
3469213696
3469475840
3469737984
3470000128
3470262272
3470524416
3470786560
3471048704
3471310848
3471572992
3471835136
3472097280
3472359424
3472621568
3472883712
3473145856
3473408000
3473670144
3473932288
3474194432
3474456576
3474718720
3474980864
3475243008
3475505152
3475767296
3476029440
3476291584
3476553728
3476815872
3477078016
3477340160
3477602304
3477864448
3478126592
3478388736
3478650880
3478913024
3479175168
3479437312
3479699456
3479961600
3480223744
3480485888
3480748032
3481010176
3481272320
3481534464
3481796608
3482058752
3482320896
3482583040
3482845184
3483107328
3483369472
3483631616
3483893760
3484155904
3484418048
3484680192
3484942336
3485204480
3485466624
3485728768
3485990912
3486253056
3486515200
3486777344
3487039488
3487301632
3487563776
3487825920
3488088064
3488350208
3488612352
3488874496
3489136640
3489398784
3489660928
3489923072
3490185216
3490447360
3490709504
3490971648
3491233792
3491495936
3491758080
3492020224
3492282368
3492544512
3492806656
3493068800
3493330944
3493593088
3493855232
3494117376
3494379520
3494641664
3494903808
3495165952
3495428096
3495690240
3495952384
3496214528
3496476672
3496738816
3497000960
3497263104
3497525248
3497787392
3498049536
3498311680
3498573824
3498835968
3499098112
3499360256
3499622400
3499884544
3500146688
3500408832
3500670976
3500933120
3501195264
3501457408
3501719552
3501981696
3502243840
3502505984
3502768128
3503030272
3503292416
3503554560
3503816704
3504078848
3504340992
3504603136
3504865280
3505127424
3505389568
3505651712
3505913856
3506176000
3506438144
3506700288
3506962432
3507224576
3507486720
3507748864
3508011008
3508273152
3508535296
3508797440
3509059584
3509321728
3509583872
3509846016
3510108160
3510370304
3510632448
3510894592
3511156736
3511418880
3511681024
3511943168
3512205312
3512467456
3512729600
3512991744
3513253888
3513516032
3513778176
3514040320
3514302464
3514564608
3514826752
3515088896
3515351040
3515613184
3515875328
3516137472
3516399616
3516661760
3516923904
3517186048
3517448192
3517710336
3517972480
3518234624
3518496768
3518758912
3519021056
3519283200
3519545344
3519807488
3520069632
3520331776
3520593920
3520856064
3521118208
3521380352
3521642496
3521904640
3522166784
3522428928
3522691072
3522953216
3523215360
3523477504
3523739648
3524001792
3524263936
3524526080
3524788224
3525050368
3525312512
3525574656
3525836800
3526098944
3526361088
3526623232
3526885376
3527147520
3527409664
3527671808
3527933952
3528196096
3528458240
3528720384
3528982528
3529244672
3529506816
3529768960
3530031104
3530293248
3530555392
3530817536
3531079680
3531341824
3531603968
3531866112
3532128256
3532390400
3532652544
3532914688
3533176832
3533438976
3533701120
3533963264
3534225408
3534487552
3534749696
3535011840
3535273984
3535536128
3535798272
3536060416
3536322560
3536584704
3536846848
3537108992
3537371136
3537633280
3537895424
3538157568
3538419712
3538681856
3538944000
3539206144
3539468288
3539730432
3539992576
3540254720
3540516864
3540779008
3541041152
3541303296
3541565440
3541827584
3542089728
3542351872
3542614016
3542876160
3543138304
3543400448
3543662592
3543924736
3544186880
3544449024
3544711168
3544973312
3545235456
3545497600
3545759744
3546021888
3546284032
3546546176
3546808320
3547070464
3547332608
3547594752
3547856896
3548119040
3548381184
3548643328
3548905472
3549167616
3549429760
3549691904
3549954048
3550216192
3550478336
3550740480
3551002624
3551264768
3551526912
3551789056
3552051200
3552313344
3552575488
3552837632
3553099776
3553361920
3553624064
3553886208
3554148352
3554410496
3554672640
3554934784
3555196928
3555459072
3555721216
3555983360
3556245504
3556507648
3556769792
3557031936
3557294080
3557556224
3557818368
3558080512
3558342656
3558604800
3558866944
3559129088
3559391232
3559653376
3559915520
3560177664
3560439808
3560701952
3560964096
3561226240
3561488384
3561750528
3562012672
3562274816
3562536960
3562799104
3563061248
3563323392
3563585536
3563847680
3564109824
3564371968
3564634112
3564896256
3565158400
3565420544
3565682688
3565944832
3566206976
3566469120
3566731264
3566993408
3567255552
3567517696
3567779840
3568041984
3568304128
3568566272
3568828416
3569090560
3569352704
3569614848
3569876992
3570139136
3570401280
3570663424
3570925568
3571187712
3571449856
3571712000
3571974144
3572236288
3572498432
3572760576
3573022720
3573284864
3573547008
3573809152
3574071296
3574333440
3574595584
3574857728
3575119872
3575382016
3575644160
3575906304
3576168448
3576430592
3576692736
3576954880
3577217024
3577479168
3577741312
3578003456
3578265600
3578527744
3578789888
3579052032
3579314176
3579576320
3579838464
3580100608
3580362752
3580624896
3580887040
3581149184
3581411328
3581673472
3581935616
3582197760
3582459904
3582722048
3582984192
3583246336
3583508480
3583770624
3584032768
3584294912
3584557056
3584819200
3585081344
3585343488
3585605632
3585867776
3586129920
3586392064
3586654208
3586916352
3587178496
3587440640
3587702784
3587964928
3588227072
3588489216
3588751360
3589013504
3589275648
3589537792
3589799936
3590062080
3590324224
3590586368
3590848512
3591110656
3591372800
3591634944
3591897088
3592159232
3592421376
3592683520
3592945664
3593207808
3593469952
3593732096
3593994240
3594256384
3594518528
3594780672
3595042816
3595304960
3595567104
3595829248
3596091392
3596353536
3596615680
3596877824
3597139968
3597402112
3597664256
3597926400
3598188544
3598450688
3598712832
3598974976
3599237120
3599499264
3599761408
3600023552
3600285696
3600547840
3600809984
3601072128
3601334272
3601596416
3601858560
3602120704
3602382848
3602644992
3602907136
3603169280
3603431424
3603693568
3603955712
3604217856
3604480000
3604742144
3605004288
3605266432
3605528576
3605790720
3606052864
3606315008
3606577152
3606839296
3607101440
3607363584
3607625728
3607887872
3608150016
3608412160
3608674304
3608936448
3609198592
3609460736
3609722880
3609985024
3610247168
3610509312
3610771456
3611033600
3611295744
3611557888
3611820032
3612082176
3612344320
3612606464
3612868608
3613130752
3613392896
3613655040
3613917184
3614179328
3614441472
3614703616
3614965760
3615227904
3615490048
3615752192
3616014336
3616276480
3616538624
3616800768
3617062912
3617325056
3617587200
3617849344
3618111488
3618373632
3618635776
3618897920
3619160064
3619422208
3619684352
3619946496
3620208640
3620470784
3620732928
3620995072
3621257216
3621519360
3621781504
3622043648
3622305792
3622567936
3622830080
3623092224
3623354368
3623616512
3623878656
3624140800
3624402944
3624665088
3624927232
3625189376
3625451520
3625713664
3625975808
3626237952
3626500096
3626762240
3627024384
3627286528
3627548672
3627810816
3628072960
3628335104
3628597248
3628859392
3629121536
3629383680
3629645824
3629907968
3630170112
3630432256
3630694400
3630956544
3631218688
3631480832
3631742976
3632005120
3632267264
3632529408
3632791552
3633053696
3633315840
3633577984
3633840128
3634102272
3634364416
3634626560
3634888704
3635150848
3635412992
3635675136
3635937280
3636199424
3636461568
3636723712
3636985856
3637248000
3637510144
3637772288
3638034432
3638296576
3638558720
3638820864
3639083008
3639345152
3639607296
3639869440
3640131584
3640393728
3640655872
3640918016
3641180160
3641442304
3641704448
3641966592
3642228736
3642490880
3642753024
3643015168
3643277312
3643539456
3643801600
3644063744
3644325888
3644588032
3644850176
3645112320
3645374464
3645636608
3645898752
3646160896
3646423040
3646685184
3646947328
3647209472
3647471616
3647733760
3647995904
3648258048
3648520192
3648782336
3649044480
3649306624
3649568768
3649830912
3650093056
3650355200
3650617344
3650879488
3651141632
3651403776
3651665920
3651928064
3652190208
3652452352
3652714496
3652976640
3653238784
3653500928
3653763072
3654025216
3654287360
3654549504
3654811648
3655073792
3655335936
3655598080
3655860224
3656122368
3656384512
3656646656
3656908800
3657170944
3657433088
3657695232
3657957376
3658219520
3658481664
3658743808
3659005952
3659268096
3659530240
3659792384
3660054528
3660316672
3660578816
3660840960
3661103104
3661365248
3661627392
3661889536
3662151680
3662413824
3662675968
3662938112
3663200256
3663462400
3663724544
3663986688
3664248832
3664510976
3664773120
3665035264
3665297408
3665559552
3665821696
3666083840
3666345984
3666608128
3666870272
3667132416
3667394560
3667656704
3667918848
3668180992
3668443136
3668705280
3668967424
3669229568
3669491712
3669753856
3670016000
3670278144
3670540288
3670802432
3671064576
3671326720
3671588864
3671851008
3672113152
3672375296
3672637440
3672899584
3673161728
3673423872
3673686016
3673948160
3674210304
3674472448
3674734592
3674996736
3675258880
3675521024
3675783168
3676045312
3676307456
3676569600
3676831744
3677093888
3677356032
3677618176
3677880320
3678142464
3678404608
3678666752
3678928896
3679191040
3679453184
3679715328
3679977472
3680239616
3680501760
3680763904
3681026048
3681288192
3681550336
3681812480
3682074624
3682336768
3682598912
3682861056
3683123200
3683385344
3683647488
3683909632
3684171776
3684433920
3684696064
3684958208
3685220352
3685482496
3685744640
3686006784
3686268928
3686531072
3686793216
3687055360
3687317504
3687579648
3687841792
3688103936
3688366080
3688628224
3688890368
3689152512
3689414656
3689676800
3689938944
3690201088
3690463232
3690725376
3690987520
3691249664
3691511808
3691773952
3692036096
3692298240
3692560384
3692822528
3693084672
3693346816
3693608960
3693871104
3694133248
3694395392
3694657536
3694919680
3695181824
3695443968
3695706112
3695968256
3696230400
3696492544
3696754688
3697016832
3697278976
3697541120
3697803264
3698065408
3698327552
3698589696
3698851840
3699113984
3699376128
3699638272
3699900416
3700162560
3700424704
3700686848
3700948992
3701211136
3701473280
3701735424
3701997568
3702259712
3702521856
3702784000
3703046144
3703308288
3703570432
3703832576
3704094720
3704356864
3704619008
3704881152
3705143296
3705405440
3705667584
3705929728
3706191872
3706454016
3706716160
3706978304
3707240448
3707502592
3707764736
3708026880
3708289024
3708551168
3708813312
3709075456
3709337600
3709599744
3709861888
3710124032
3710386176
3710648320
3710910464
3711172608
3711434752
3711696896
3711959040
3712221184
3712483328
3712745472
3713007616
3713269760
3713531904
3713794048
3714056192
3714318336
3714580480
3714842624
3715104768
3715366912
3715629056
3715891200
3716153344
3716415488
3716677632
3716939776
3717201920
3717464064
3717726208
3717988352
3718250496
3718512640
3718774784
3719036928
3719299072
3719561216
3719823360
3720085504
3720347648
3720609792
3720871936
3721134080
3721396224
3721658368
3721920512
3722182656
3722444800
3722706944
3722969088
3723231232
3723493376
3723755520
3724017664
3724279808
3724541952
3724804096
3725066240
3725328384
3725590528
3725852672
3726114816
3726376960
3726639104
3726901248
3727163392
3727425536
3727687680
3727949824
3728211968
3728474112
3728736256
3728998400
3729260544
3729522688
3729784832
3730046976
3730309120
3730571264
3730833408
3731095552
3731357696
3731619840
3731881984
3732144128
3732406272
3732668416
3732930560
3733192704
3733454848
3733716992
3733979136
3734241280
3734503424
3734765568
3735027712
3735289856
3735552000
3735814144
3736076288
3736338432
3736600576
3736862720
3737124864
3737387008
3737649152
3737911296
3738173440
3738435584
3738697728
3738959872
3739222016
3739484160
3739746304
3740008448
3740270592
3740532736
3740794880
3741057024
3741319168
3741581312
3741843456
3742105600
3742367744
3742629888
3742892032
3743154176
3743416320
3743678464
3743940608
3744202752
3744464896
3744727040
3744989184
3745251328
3745513472
3745775616
3746037760
3746299904
3746562048
3746824192
3747086336
3747348480
3747610624
3747872768
3748134912
3748397056
3748659200
3748921344
3749183488
3749445632
3749707776
3749969920
3750232064
3750494208
3750756352
3751018496
3751280640
3751542784
3751804928
3752067072
3752329216
3752591360
3752853504
3753115648
3753377792
3753639936
3753902080
3754164224
3754426368
3754688512
3754950656
3755212800
3755474944
3755737088
3755999232
3756261376
3756523520
3756785664
3757047808
3757309952
3757572096
3757834240
3758096384
3758358528
3758620672
3758882816
3759144960
3759407104
3759669248
3759931392
3760193536
3760455680
3760717824
3760979968
3761242112
3761504256
3761766400
3762028544
3762290688
3762552832
3762814976
3763077120
3763339264
3763601408
3763863552
3764125696
3764387840
3764649984
3764912128
3765174272
3765436416
3765698560
3765960704
3766222848
3766484992
3766747136
3767009280
3767271424
3767533568
3767795712
3768057856
3768320000
3768582144
3768844288
3769106432
3769368576
3769630720
3769892864
3770155008
3770417152
3770679296
3770941440
3771203584
3771465728
3771727872
3771990016
3772252160
3772514304
3772776448
3773038592
3773300736
3773562880
3773825024
3774087168
3774349312
3774611456
3774873600
3775135744
3775397888
3775660032
3775922176
3776184320
3776446464
3776708608
3776970752
3777232896
3777495040
3777757184
3778019328
3778281472
3778543616
3778805760
3779067904
3779330048
3779592192
3779854336
3780116480
3780378624
3780640768
3780902912
3781165056
3781427200
3781689344
3781951488
3782213632
3782475776
3782737920
3783000064
3783262208
3783524352
3783786496
3784048640
3784310784
3784572928
3784835072
3785097216
3785359360
3785621504
3785883648
3786145792
3786407936
3786670080
3786932224
3787194368
3787456512
3787718656
3787980800
3788242944
3788505088
3788767232
3789029376
3789291520
3789553664
3789815808
3790077952
3790340096
3790602240
3790864384
3791126528
3791388672
3791650816
3791912960
3792175104
3792437248
3792699392
3792961536
3793223680
3793485824
3793747968
3794010112
3794272256
3794534400
3794796544
3795058688
3795320832
3795582976
3795845120
3796107264
3796369408
3796631552
3796893696
3797155840
3797417984
3797680128
3797942272
3798204416
3798466560
3798728704
3798990848
3799252992
3799515136
3799777280
3800039424
3800301568
3800563712
3800825856
3801088000
3801350144
3801612288
3801874432
3802136576
3802398720
3802660864
3802923008
3803185152
3803447296
3803709440
3803971584
3804233728
3804495872
3804758016
3805020160
3805282304
3805544448
3805806592
3806068736
3806330880
3806593024
3806855168
3807117312
3807379456
3807641600
3807903744
3808165888
3808428032
3808690176
3808952320
3809214464
3809476608
3809738752
3810000896
3810263040
3810525184
3810787328
3811049472
3811311616
3811573760
3811835904
3812098048
3812360192
3812622336
3812884480
3813146624
3813408768
3813670912
3813933056
3814195200
3814457344
3814719488
3814981632
3815243776
3815505920
3815768064
3816030208
3816292352
3816554496
3816816640
3817078784
3817340928
3817603072
3817865216
3818127360
3818389504
3818651648
3818913792
3819175936
3819438080
3819700224
3819962368
3820224512
3820486656
3820748800
3821010944
3821273088
3821535232
3821797376
3822059520
3822321664
3822583808
3822845952
3823108096
3823370240
3823632384
3823894528
3824156672
3824418816
3824680960
3824943104
3825205248
3825467392
3825729536
3825991680
3826253824
3826515968
3826778112
3827040256
3827302400
3827564544
3827826688
3828088832
3828350976
3828613120
3828875264
3829137408
3829399552
3829661696
3829923840
3830185984
3830448128
3830710272
3830972416
3831234560
3831496704
3831758848
3832020992
3832283136
3832545280
3832807424
3833069568
3833331712
3833593856
3833856000
3834118144
3834380288
3834642432
3834904576
3835166720
3835428864
3835691008
3835953152
3836215296
3836477440
3836739584
3837001728
3837263872
3837526016
3837788160
3838050304
3838312448
3838574592
3838836736
3839098880
3839361024
3839623168
3839885312
3840147456
3840409600
3840671744
3840933888
3841196032
3841458176
3841720320
3841982464
3842244608
3842506752
3842768896
3843031040
3843293184
3843555328
3843817472
3844079616
3844341760
3844603904
3844866048
3845128192
3845390336
3845652480
3845914624
3846176768
3846438912
3846701056
3846963200
3847225344
3847487488
3847749632
3848011776
3848273920
3848536064
3848798208
3849060352
3849322496
3849584640
3849846784
3850108928
3850371072
3850633216
3850895360
3851157504
3851419648
3851681792
3851943936
3852206080
3852468224
3852730368
3852992512
3853254656
3853516800
3853778944
3854041088
3854303232
3854565376
3854827520
3855089664
3855351808
3855613952
3855876096
3856138240
3856400384
3856662528
3856924672
3857186816
3857448960
3857711104
3857973248
3858235392
3858497536
3858759680
3859021824
3859283968
3859546112
3859808256
3860070400
3860332544
3860594688
3860856832
3861118976
3861381120
3861643264
3861905408
3862167552
3862429696
3862691840
3862953984
3863216128
3863478272
3863740416
3864002560
3864264704
3864526848
3864788992
3865051136
3865313280
3865575424
3865837568
3866099712
3866361856
3866624000
3866886144
3867148288
3867410432
3867672576
3867934720
3868196864
3868459008
3868721152
3868983296
3869245440
3869507584
3869769728
3870031872
3870294016
3870556160
3870818304
3871080448
3871342592
3871604736
3871866880
3872129024
3872391168
3872653312
3872915456
3873177600
3873439744
3873701888
3873964032
3874226176
3874488320
3874750464
3875012608
3875274752
3875536896
3875799040
3876061184
3876323328
3876585472
3876847616
3877109760
3877371904
3877634048
3877896192
3878158336
3878420480
3878682624
3878944768
3879206912
3879469056
3879731200
3879993344
3880255488
3880517632
3880779776
3881041920
3881304064
3881566208
3881828352
3882090496
3882352640
3882614784
3882876928
3883139072
3883401216
3883663360
3883925504
3884187648
3884449792
3884711936
3884974080
3885236224
3885498368
3885760512
3886022656
3886284800
3886546944
3886809088
3887071232
3887333376
3887595520
3887857664
3888119808
3888381952
3888644096
3888906240
3889168384
3889430528
3889692672
3889954816
3890216960
3890479104
3890741248
3891003392
3891265536
3891527680
3891789824
3892051968
3892314112
3892576256
3892838400
3893100544
3893362688
3893624832
3893886976
3894149120
3894411264
3894673408
3894935552
3895197696
3895459840
3895721984
3895984128
3896246272
3896508416
3896770560
3897032704
3897294848
3897556992
3897819136
3898081280
3898343424
3898605568
3898867712
3899129856
3899392000
3899654144
3899916288
3900178432
3900440576
3900702720
3900964864
3901227008
3901489152
3901751296
3902013440
3902275584
3902537728
3902799872
3903062016
3903324160
3903586304
3903848448
3904110592
3904372736
3904634880
3904897024
3905159168
3905421312
3905683456
3905945600
3906207744
3906469888
3906732032
3906994176
3907256320
3907518464
3907780608
3908042752
3908304896
3908567040
3908829184
3909091328
3909353472
3909615616
3909877760
3910139904
3910402048
3910664192
3910926336
3911188480
3911450624
3911712768
3911974912
3912237056
3912499200
3912761344
3913023488
3913285632
3913547776
3913809920
3914072064
3914334208
3914596352
3914858496
3915120640
3915382784
3915644928
3915907072
3916169216
3916431360
3916693504
3916955648
3917217792
3917479936
3917742080
3918004224
3918266368
3918528512
3918790656
3919052800
3919314944
3919577088
3919839232
3920101376
3920363520
3920625664
3920887808
3921149952
3921412096
3921674240
3921936384
3922198528
3922460672
3922722816
3922984960
3923247104
3923509248
3923771392
3924033536
3924295680
3924557824
3924819968
3925082112
3925344256
3925606400
3925868544
3926130688
3926392832
3926654976
3926917120
3927179264
3927441408
3927703552
3927965696
3928227840
3928489984
3928752128
3929014272
3929276416
3929538560
3929800704
3930062848
3930324992
3930587136
3930849280
3931111424
3931373568
3931635712
3931897856
3932160000
3932422144
3932684288
3932946432
3933208576
3933470720
3933732864
3933995008
3934257152
3934519296
3934781440
3935043584
3935305728
3935567872
3935830016
3936092160
3936354304
3936616448
3936878592
3937140736
3937402880
3937665024
3937927168
3938189312
3938451456
3938713600
3938975744
3939237888
3939500032
3939762176
3940024320
3940286464
3940548608
3940810752
3941072896
3941335040
3941597184
3941859328
3942121472
3942383616
3942645760
3942907904
3943170048
3943432192
3943694336
3943956480
3944218624
3944480768
3944742912
3945005056
3945267200
3945529344
3945791488
3946053632
3946315776
3946577920
3946840064
3947102208
3947364352
3947626496
3947888640
3948150784
3948412928
3948675072
3948937216
3949199360
3949461504
3949723648
3949985792
3950247936
3950510080
3950772224
3951034368
3951296512
3951558656
3951820800
3952082944
3952345088
3952607232
3952869376
3953131520
3953393664
3953655808
3953917952
3954180096
3954442240
3954704384
3954966528
3955228672
3955490816
3955752960
3956015104
3956277248
3956539392
3956801536
3957063680
3957325824
3957587968
3957850112
3958112256
3958374400
3958636544
3958898688
3959160832
3959422976
3959685120
3959947264
3960209408
3960471552
3960733696
3960995840
3961257984
3961520128
3961782272
3962044416
3962306560
3962568704
3962830848
3963092992
3963355136
3963617280
3963879424
3964141568
3964403712
3964665856
3964928000
3965190144
3965452288
3965714432
3965976576
3966238720
3966500864
3966763008
3967025152
3967287296
3967549440
3967811584
3968073728
3968335872
3968598016
3968860160
3969122304
3969384448
3969646592
3969908736
3970170880
3970433024
3970695168
3970957312
3971219456
3971481600
3971743744
3972005888
3972268032
3972530176
3972792320
3973054464
3973316608
3973578752
3973840896
3974103040
3974365184
3974627328
3974889472
3975151616
3975413760
3975675904
3975938048
3976200192
3976462336
3976724480
3976986624
3977248768
3977510912
3977773056
3978035200
3978297344
3978559488
3978821632
3979083776
3979345920
3979608064
3979870208
3980132352
3980394496
3980656640
3980918784
3981180928
3981443072
3981705216
3981967360
3982229504
3982491648
3982753792
3983015936
3983278080
3983540224
3983802368
3984064512
3984326656
3984588800
3984850944
3985113088
3985375232
3985637376
3985899520
3986161664
3986423808
3986685952
3986948096
3987210240
3987472384
3987734528
3987996672
3988258816
3988520960
3988783104
3989045248
3989307392
3989569536
3989831680
3990093824
3990355968
3990618112
3990880256
3991142400
3991404544
3991666688
3991928832
3992190976
3992453120
3992715264
3992977408
3993239552
3993501696
3993763840
3994025984
3994288128
3994550272
3994812416
3995074560
3995336704
3995598848
3995860992
3996123136
3996385280
3996647424
3996909568
3997171712
3997433856
3997696000
3997958144
3998220288
3998482432
3998744576
3999006720
3999268864
3999531008
3999793152
4000055296
4000317440
4000579584
4000841728
4001103872
4001366016
4001628160
4001890304
4002152448
4002414592
4002676736
4002938880
4003201024
4003463168
4003725312
4003987456
4004249600
4004511744
4004773888
4005036032
4005298176
4005560320
4005822464
4006084608
4006346752
4006608896
4006871040
4007133184
4007395328
4007657472
4007919616
4008181760
4008443904
4008706048
4008968192
4009230336
4009492480
4009754624
4010016768
4010278912
4010541056
4010803200
4011065344
4011327488
4011589632
4011851776
4012113920
4012376064
4012638208
4012900352
4013162496
4013424640
4013686784
4013948928
4014211072
4014473216
4014735360
4014997504
4015259648
4015521792
4015783936
4016046080
4016308224
4016570368
4016832512
4017094656
4017356800
4017618944
4017881088
4018143232
4018405376
4018667520
4018929664
4019191808
4019453952
4019716096
4019978240
4020240384
4020502528
4020764672
4021026816
4021288960
4021551104
4021813248
4022075392
4022337536
4022599680
4022861824
4023123968
4023386112
4023648256
4023910400
4024172544
4024434688
4024696832
4024958976
4025221120
4025483264
4025745408
4026007552
4026269696
4026531840
4026793984
4027056128
4027318272
4027580416
4027842560
4028104704
4028366848
4028628992
4028891136
4029153280
4029415424
4029677568
4029939712
4030201856
4030464000
4030726144
4030988288
4031250432
4031512576
4031774720
4032036864
4032299008
4032561152
4032823296
4033085440
4033347584
4033609728
4033871872
4034134016
4034396160
4034658304
4034920448
4035182592
4035444736
4035706880
4035969024
4036231168
4036493312
4036755456
4037017600
4037279744
4037541888
4037804032
4038066176
4038328320
4038590464
4038852608
4039114752
4039376896
4039639040
4039901184
4040163328
4040425472
4040687616
4040949760
4041211904
4041474048
4041736192
4041998336
4042260480
4042522624
4042784768
4043046912
4043309056
4043571200
4043833344
4044095488
4044357632
4044619776
4044881920
4045144064
4045406208
4045668352
4045930496
4046192640
4046454784
4046716928
4046979072
4047241216
4047503360
4047765504
4048027648
4048289792
4048551936
4048814080
4049076224
4049338368
4049600512
4049862656
4050124800
4050386944
4050649088
4050911232
4051173376
4051435520
4051697664
4051959808
4052221952
4052484096
4052746240
4053008384
4053270528
4053532672
4053794816
4054056960
4054319104
4054581248
4054843392
4055105536
4055367680
4055629824
4055891968
4056154112
4056416256
4056678400
4056940544
4057202688
4057464832
4057726976
4057989120
4058251264
4058513408
4058775552
4059037696
4059299840
4059561984
4059824128
4060086272
4060348416
4060610560
4060872704
4061134848
4061396992
4061659136
4061921280
4062183424
4062445568
4062707712
4062969856
4063232000
4063494144
4063756288
4064018432
4064280576
4064542720
4064804864
4065067008
4065329152
4065591296
4065853440
4066115584
4066377728
4066639872
4066902016
4067164160
4067426304
4067688448
4067950592
4068212736
4068474880
4068737024
4068999168
4069261312
4069523456
4069785600
4070047744
4070309888
4070572032
4070834176
4071096320
4071358464
4071620608
4071882752
4072144896
4072407040
4072669184
4072931328
4073193472
4073455616
4073717760
4073979904
4074242048
4074504192
4074766336
4075028480
4075290624
4075552768
4075814912
4076077056
4076339200
4076601344
4076863488
4077125632
4077387776
4077649920
4077912064
4078174208
4078436352
4078698496
4078960640
4079222784
4079484928
4079747072
4080009216
4080271360
4080533504
4080795648
4081057792
4081319936
4081582080
4081844224
4082106368
4082368512
4082630656
4082892800
4083154944
4083417088
4083679232
4083941376
4084203520
4084465664
4084727808
4084989952
4085252096
4085514240
4085776384
4086038528
4086300672
4086562816
4086824960
4087087104
4087349248
4087611392
4087873536
4088135680
4088397824
4088659968
4088922112
4089184256
4089446400
4089708544
4089970688
4090232832
4090494976
4090757120
4091019264
4091281408
4091543552
4091805696
4092067840
4092329984
4092592128
4092854272
4093116416
4093378560
4093640704
4093902848
4094164992
4094427136
4094689280
4094951424
4095213568
4095475712
4095737856
4096000000
4096262144
4096524288
4096786432
4097048576
4097310720
4097572864
4097835008
4098097152
4098359296
4098621440
4098883584
4099145728
4099407872
4099670016
4099932160
4100194304
4100456448
4100718592
4100980736
4101242880
4101505024
4101767168
4102029312
4102291456
4102553600
4102815744
4103077888
4103340032
4103602176
4103864320
4104126464
4104388608
4104650752
4104912896
4105175040
4105437184
4105699328
4105961472
4106223616
4106485760
4106747904
4107010048
4107272192
4107534336
4107796480
4108058624
4108320768
4108582912
4108845056
4109107200
4109369344
4109631488
4109893632
4110155776
4110417920
4110680064
4110942208
4111204352
4111466496
4111728640
4111990784
4112252928
4112515072
4112777216
4113039360
4113301504
4113563648
4113825792
4114087936
4114350080
4114612224
4114874368
4115136512
4115398656
4115660800
4115922944
4116185088
4116447232
4116709376
4116971520
4117233664
4117495808
4117757952
4118020096
4118282240
4118544384
4118806528
4119068672
4119330816
4119592960
4119855104
4120117248
4120379392
4120641536
4120903680
4121165824
4121427968
4121690112
4121952256
4122214400
4122476544
4122738688
4123000832
4123262976
4123525120
4123787264
4124049408
4124311552
4124573696
4124835840
4125097984
4125360128
4125622272
4125884416
4126146560
4126408704
4126670848
4126932992
4127195136
4127457280
4127719424
4127981568
4128243712
4128505856
4128768000
4129030144
4129292288
4129554432
4129816576
4130078720
4130340864
4130603008
4130865152
4131127296
4131389440
4131651584
4131913728
4132175872
4132438016
4132700160
4132962304
4133224448
4133486592
4133748736
4134010880
4134273024
4134535168
4134797312
4135059456
4135321600
4135583744
4135845888
4136108032
4136370176
4136632320
4136894464
4137156608
4137418752
4137680896
4137943040
4138205184
4138467328
4138729472
4138991616
4139253760
4139515904
4139778048
4140040192
4140302336
4140564480
4140826624
4141088768
4141350912
4141613056
4141875200
4142137344
4142399488
4142661632
4142923776
4143185920
4143448064
4143710208
4143972352
4144234496
4144496640
4144758784
4145020928
4145283072
4145545216
4145807360
4146069504
4146331648
4146593792
4146855936
4147118080
4147380224
4147642368
4147904512
4148166656
4148428800
4148690944
4148953088
4149215232
4149477376
4149739520
4150001664
4150263808
4150525952
4150788096
4151050240
4151312384
4151574528
4151836672
4152098816
4152360960
4152623104
4152885248
4153147392
4153409536
4153671680
4153933824
4154195968
4154458112
4154720256
4154982400
4155244544
4155506688
4155768832
4156030976
4156293120
4156555264
4156817408
4157079552
4157341696
4157603840
4157865984
4158128128
4158390272
4158652416
4158914560
4159176704
4159438848
4159700992
4159963136
4160225280
4160487424
4160749568
4161011712
4161273856
4161536000
4161798144
4162060288
4162322432
4162584576
4162846720
4163108864
4163371008
4163633152
4163895296
4164157440
4164419584
4164681728
4164943872
4165206016
4165468160
4165730304
4165992448
4166254592
4166516736
4166778880
4167041024
4167303168
4167565312
4167827456
4168089600
4168351744
4168613888
4168876032
4169138176
4169400320
4169662464
4169924608
4170186752
4170448896
4170711040
4170973184
4171235328
4171497472
4171759616
4172021760
4172283904
4172546048
4172808192
4173070336
4173332480
4173594624
4173856768
4174118912
4174381056
4174643200
4174905344
4175167488
4175429632
4175691776
4175953920
4176216064
4176478208
4176740352
4177002496
4177264640
4177526784
4177788928
4178051072
4178313216
4178575360
4178837504
4179099648
4179361792
4179623936
4179886080
4180148224
4180410368
4180672512
4180934656
4181196800
4181458944
4181721088
4181983232
4182245376
4182507520
4182769664
4183031808
4183293952
4183556096
4183818240
4184080384
4184342528
4184604672
4184866816
4185128960
4185391104
4185653248
4185915392
4186177536
4186439680
4186701824
4186963968
4187226112
4187488256
4187750400
4188012544
4188274688
4188536832
4188798976
4189061120
4189323264
4189585408
4189847552
4190109696
4190371840
4190633984
4190896128
4191158272
4191420416
4191682560
4191944704
4192206848
4192468992
4192731136
4192993280
4193255424
4193517568
4193779712
4194041856
4194304000
4194566144
4194828288
4195090432
4195352576
4195614720
4195876864
4196139008
4196401152
4196663296
4196925440
4197187584
4197449728
4197711872
4197974016
4198236160
4198498304
4198760448
4199022592
4199284736
4199546880
4199809024
4200071168
4200333312
4200595456
4200857600
4201119744
4201381888
4201644032
4201906176
4202168320
4202430464
4202692608
4202954752
4203216896
4203479040
4203741184
4204003328
4204265472
4204527616
4204789760
4205051904
4205314048
4205576192
4205838336
4206100480
4206362624
4206624768
4206886912
4207149056
4207411200
4207673344
4207935488
4208197632
4208459776
4208721920
4208984064
4209246208
4209508352
4209770496
4210032640
4210294784
4210556928
4210819072
4211081216
4211343360
4211605504
4211867648
4212129792
4212391936
4212654080
4212916224
4213178368
4213440512
4213702656
4213964800
4214226944
4214489088
4214751232
4215013376
4215275520
4215537664
4215799808
4216061952
4216324096
4216586240
4216848384
4217110528
4217372672
4217634816
4217896960
4218159104
4218421248
4218683392
4218945536
4219207680
4219469824
4219731968
4219994112
4220256256
4220518400
4220780544
4221042688
4221304832
4221566976
4221829120
4222091264
4222353408
4222615552
4222877696
4223139840
4223401984
4223664128
4223926272
4224188416
4224450560
4224712704
4224974848
4225236992
4225499136
4225761280
4226023424
4226285568
4226547712
4226809856
4227072000
4227334144
4227596288
4227858432
4228120576
4228382720
4228644864
4228907008
4229169152
4229431296
4229693440
4229955584
4230217728
4230479872
4230742016
4231004160
4231266304
4231528448
4231790592
4232052736
4232314880
4232577024
4232839168
4233101312
4233363456
4233625600
4233887744
4234149888
4234412032
4234674176
4234936320
4235198464
4235460608
4235722752
4235984896
4236247040
4236509184
4236771328
4237033472
4237295616
4237557760
4237819904
4238082048
4238344192
4238606336
4238868480
4239130624
4239392768
4239654912
4239917056
4240179200
4240441344
4240703488
4240965632
4241227776
4241489920
4241752064
4242014208
4242276352
4242538496
4242800640
4243062784
4243324928
4243587072
4243849216
4244111360
4244373504
4244635648
4244897792
4245159936
4245422080
4245684224
4245946368
4246208512
4246470656
4246732800
4246994944
4247257088
4247519232
4247781376
4248043520
4248305664
4248567808
4248829952
4249092096
4249354240
4249616384
4249878528
4250140672
4250402816
4250664960
4250927104
4251189248
4251451392
4251713536
4251975680
4252237824
4252499968
4252762112
4253024256
4253286400
4253548544
4253810688
4254072832
4254334976
4254597120
4254859264
4255121408
4255383552
4255645696
4255907840
4256169984
4256432128
4256694272
4256956416
4257218560
4257480704
4257742848
4258004992
4258267136
4258529280
4258791424
4259053568
4259315712
4259577856
4259840000
4260102144
4260364288
4260626432
4260888576
4261150720
4261412864
4261675008
4261937152
4262199296
4262461440
4262723584
4262985728
4263247872
4263510016
4263772160
4264034304
4264296448
4264558592
4264820736
4265082880
4265345024
4265607168
4265869312
4266131456
4266393600
4266655744
4266917888
4267180032
4267442176
4267704320
4267966464
4268228608
4268490752
4268752896
4269015040
4269277184
4269539328
4269801472
4270063616
4270325760
4270587904
4270850048
4271112192
4271374336
4271636480
4271898624
4272160768
4272422912
4272685056
4272947200
4273209344
4273471488
4273733632
4273995776
4274257920
4274520064
4274782208
4275044352
4275306496
4275568640
4275830784
4276092928
4276355072
4276617216
4276879360
4277141504
4277403648
4277665792
4277927936
4278190080
4278452224
4278714368
4278976512
4279238656
4279500800
4279762944
4280025088
4280287232
4280549376
4280811520
4281073664
4281335808
4281597952
4281860096
4282122240
4282384384
4282646528
4282908672
4283170816
4283432960
4283695104
4283957248
4284219392
4284481536
4284743680
4285005824
4285267968
4285530112
4285792256
4286054400
4286316544
4286578688
4286840832
4287102976
4287365120
4287627264
4287889408
4288151552
4288413696
4288675840
4288937984
4289200128
4289462272
4289724416
4289986560
4290248704
4290510848
4290772992
4291035136
4291297280
4291559424
4291821568
4292083712
4292345856
4292608000
4292870144
4293132288
4293394432
4293656576
4293918720
4294180864
4294443008
4294705152
4294967296
4295229440
4295491584
4295753728
4296015872
4296278016
4296540160
4296802304
4297064448
4297326592
4297588736
4297850880
4298113024
4298375168
4298637312
4298899456
4299161600
4299423744
4299685888
4299948032
4300210176
4300472320
4300734464
4300996608
4301258752
4301520896
4301783040
4302045184
4302307328
4302569472
4302831616
4303093760
4303355904
4303618048
4303880192
4304142336
4304404480
4304666624
4304928768
4305190912
4305453056
4305715200
4305977344
4306239488
4306501632
4306763776
4307025920
4307288064
4307550208
4307812352
4308074496
4308336640
4308598784
4308860928
4309123072
4309385216
4309647360
4309909504
4310171648
4310433792
4310695936
4310958080
4311220224
4311482368
4311744512
4312006656
4312268800
4312530944
4312793088
4313055232
4313317376
4313579520
4313841664
4314103808
4314365952
4314628096
4314890240
4315152384
4315414528
4315676672
4315938816
4316200960
4316463104
4316725248
4316987392
4317249536
4317511680
4317773824
4318035968
4318298112
4318560256
4318822400
4319084544
4319346688
4319608832
4319870976
4320133120
4320395264
4320657408
4320919552
4321181696
4321443840
4321705984
4321968128
4322230272
4322492416
4322754560
4323016704
4323278848
4323540992
4323803136
4324065280
4324327424
4324589568
4324851712
4325113856
4325376000
4325638144
4325900288
4326162432
4326424576
4326686720
4326948864
4327211008
4327473152
4327735296
4327997440
4328259584
4328521728
4328783872
4329046016
4329308160
4329570304
4329832448
4330094592
4330356736
4330618880
4330881024
4331143168
4331405312
4331667456
4331929600
4332191744
4332453888
4332716032
4332978176
4333240320
4333502464
4333764608
4334026752
4334288896
4334551040
4334813184
4335075328
4335337472
4335599616
4335861760
4336123904
4336386048
4336648192
4336910336
4337172480
4337434624
4337696768
4337958912
4338221056
4338483200
4338745344
4339007488
4339269632
4339531776
4339793920
4340056064
4340318208
4340580352
4340842496
4341104640
4341366784
4341628928
4341891072
4342153216
4342415360
4342677504
4342939648
4343201792
4343463936
4343726080
4343988224
4344250368
4344512512
4344774656
4345036800
4345298944
4345561088
4345823232
4346085376
4346347520
4346609664
4346871808
4347133952
4347396096
4347658240
4347920384
4348182528
4348444672
4348706816
4348968960
4349231104
4349493248
4349755392
4350017536
4350279680
4350541824
4350803968
4351066112
4351328256
4351590400
4351852544
4352114688
4352376832
4352638976
4352901120
4353163264
4353425408
4353687552
4353949696
4354211840
4354473984
4354736128
4354998272
4355260416
4355522560
4355784704
4356046848
4356308992
4356571136
4356833280
4357095424
4357357568
4357619712
4357881856
4358144000
4358406144
4358668288
4358930432
4359192576
4359454720
4359716864
4359979008
4360241152
4360503296
4360765440
4361027584
4361289728
4361551872
4361814016
4362076160
4362338304
4362600448
4362862592
4363124736
4363386880
4363649024
4363911168
4364173312
4364435456
4364697600
4364959744
4365221888
4365484032
4365746176
4366008320
4366270464
4366532608
4366794752
4367056896
4367319040
4367581184
4367843328
4368105472
4368367616
4368629760
4368891904
4369154048
4369416192
4369678336
4369940480
4370202624
4370464768
4370726912
4370989056
4371251200
4371513344
4371775488
4372037632
4372299776
4372561920
4372824064
4373086208
4373348352
4373610496
4373872640
4374134784
4374396928
4374659072
4374921216
4375183360
4375445504
4375707648
4375969792
4376231936
4376494080
4376756224
4377018368
4377280512
4377542656
4377804800
4378066944
4378329088
4378591232
4378853376
4379115520
4379377664
4379639808
4379901952
4380164096
4380426240
4380688384
4380950528
4381212672
4381474816
4381736960
4381999104
4382261248
4382523392
4382785536
4383047680
4383309824
4383571968
4383834112
4384096256
4384358400
4384620544
4384882688
4385144832
4385406976
4385669120
4385931264
4386193408
4386455552
4386717696
4386979840
4387241984
4387504128
4387766272
4388028416
4388290560
4388552704
4388814848
4389076992
4389339136
4389601280
4389863424
4390125568
4390387712
4390649856
4390912000
4391174144
4391436288
4391698432
4391960576
4392222720
4392484864
4392747008
4393009152
4393271296
4393533440
4393795584
4394057728
4394319872
4394582016
4394844160
4395106304
4395368448
4395630592
4395892736
4396154880
4396417024
4396679168
4396941312
4397203456
4397465600
4397727744
4397989888
4398252032
4398514176
4398776320
4399038464
4399300608
4399562752
4399824896
4400087040
4400349184
4400611328
4400873472
4401135616
4401397760
4401659904
4401922048
4402184192
4402446336
4402708480
4402970624
4403232768
4403494912
4403757056
4404019200
4404281344
4404543488
4404805632
4405067776
4405329920
4405592064
4405854208
4406116352
4406378496
4406640640
4406902784
4407164928
4407427072
4407689216
4407951360
4408213504
4408475648
4408737792
4408999936
4409262080
4409524224
4409786368
4410048512
4410310656
4410572800
4410834944
4411097088
4411359232
4411621376
4411883520
4412145664
4412407808
4412669952
4412932096
4413194240
4413456384
4413718528
4413980672
4414242816
4414504960
4414767104
4415029248
4415291392
4415553536
4415815680
4416077824
4416339968
4416602112
4416864256
4417126400
4417388544
4417650688
4417912832
4418174976
4418437120
4418699264
4418961408
4419223552
4419485696
4419747840
4420009984
4420272128
4420534272
4420796416
4421058560
4421320704
4421582848
4421844992
4422107136
4422369280
4422631424
4422893568
4423155712
4423417856
4423680000
4423942144
4424204288
4424466432
4424728576
4424990720
4425252864
4425515008
4425777152
4426039296
4426301440
4426563584
4426825728
4427087872
4427350016
4427612160
4427874304
4428136448
4428398592
4428660736
4428922880
4429185024
4429447168
4429709312
4429971456
4430233600
4430495744
4430757888
4431020032
4431282176
4431544320
4431806464
4432068608
4432330752
4432592896
4432855040
4433117184
4433379328
4433641472
4433903616
4434165760
4434427904
4434690048
4434952192
4435214336
4435476480
4435738624
4436000768
4436262912
4436525056
4436787200
4437049344
4437311488
4437573632
4437835776
4438097920
4438360064
4438622208
4438884352
4439146496
4439408640
4439670784
4439932928
4440195072
4440457216
4440719360
4440981504
4441243648
4441505792
4441767936
4442030080
4442292224
4442554368
4442816512
4443078656
4443340800
4443602944
4443865088
4444127232
4444389376
4444651520
4444913664
4445175808
4445437952
4445700096
4445962240
4446224384
4446486528
4446748672
4447010816
4447272960
4447535104
4447797248
4448059392
4448321536
4448583680
4448845824
4449107968
4449370112
4449632256
4449894400
4450156544
4450418688
4450680832
4450942976
4451205120
4451467264
4451729408
4451991552
4452253696
4452515840
4452777984
4453040128
4453302272
4453564416
4453826560
4454088704
4454350848
4454612992
4454875136
4455137280
4455399424
4455661568
4455923712
4456185856
4456448000
4456710144
4456972288
4457234432
4457496576
4457758720
4458020864
4458283008
4458545152
4458807296
4459069440
4459331584
4459593728
4459855872
4460118016
4460380160
4460642304
4460904448
4461166592
4461428736
4461690880
4461953024
4462215168
4462477312
4462739456
4463001600
4463263744
4463525888
4463788032
4464050176
4464312320
4464574464
4464836608
4465098752
4465360896
4465623040
4465885184
4466147328
4466409472
4466671616
4466933760
4467195904
4467458048
4467720192
4467982336
4468244480
4468506624
4468768768
4469030912
4469293056
4469555200
4469817344
4470079488
4470341632
4470603776
4470865920
4471128064
4471390208
4471652352
4471914496
4472176640
4472438784
4472700928
4472963072
4473225216
4473487360
4473749504
4474011648
4474273792
4474535936
4474798080
4475060224
4475322368
4475584512
4475846656
4476108800
4476370944
4476633088
4476895232
4477157376
4477419520
4477681664
4477943808
4478205952
4478468096
4478730240
4478992384
4479254528
4479516672
4479778816
4480040960
4480303104
4480565248
4480827392
4481089536
4481351680
4481613824
4481875968
4482138112
4482400256
4482662400
4482924544
4483186688
4483448832
4483710976
4483973120
4484235264
4484497408
4484759552
4485021696
4485283840
4485545984
4485808128
4486070272
4486332416
4486594560
4486856704
4487118848
4487380992
4487643136
4487905280
4488167424
4488429568
4488691712
4488953856
4489216000
4489478144
4489740288
4490002432
4490264576
4490526720
4490788864
4491051008
4491313152
4491575296
4491837440
4492099584
4492361728
4492623872
4492886016
4493148160
4493410304
4493672448
4493934592
4494196736
4494458880
4494721024
4494983168
4495245312
4495507456
4495769600
4496031744
4496293888
4496556032
4496818176
4497080320
4497342464
4497604608
4497866752
4498128896
4498391040
4498653184
4498915328
4499177472
4499439616
4499701760
4499963904
4500226048
4500488192
4500750336
4501012480
4501274624
4501536768
4501798912
4502061056
4502323200
4502585344
4502847488
4503109632
4503371776
4503633920
4503896064
4504158208
4504420352
4504682496
4504944640
4505206784
4505468928
4505731072
4505993216
4506255360
4506517504
4506779648
4507041792
4507303936
4507566080
4507828224
4508090368
4508352512
4508614656
4508876800
4509138944
4509401088
4509663232
4509925376
4510187520
4510449664
4510711808
4510973952
4511236096
4511498240
4511760384
4512022528
4512284672
4512546816
4512808960
4513071104
4513333248
4513595392
4513857536
4514119680
4514381824
4514643968
4514906112
4515168256
4515430400
4515692544
4515954688
4516216832
4516478976
4516741120
4517003264
4517265408
4517527552
4517789696
4518051840
4518313984
4518576128
4518838272
4519100416
4519362560
4519624704
4519886848
4520148992
4520411136
4520673280
4520935424
4521197568
4521459712
4521721856
4521984000
4522246144
4522508288
4522770432
4523032576
4523294720
4523556864
4523819008
4524081152
4524343296
4524605440
4524867584
4525129728
4525391872
4525654016
4525916160
4526178304
4526440448
4526702592
4526964736
4527226880
4527489024
4527751168
4528013312
4528275456
4528537600
4528799744
4529061888
4529324032
4529586176
4529848320
4530110464
4530372608
4530634752
4530896896
4531159040
4531421184
4531683328
4531945472
4532207616
4532469760
4532731904
4532994048
4533256192
4533518336
4533780480
4534042624
4534304768
4534566912
4534829056
4535091200
4535353344
4535615488
4535877632
4536139776
4536401920
4536664064
4536926208
4537188352
4537450496
4537712640
4537974784
4538236928
4538499072
4538761216
4539023360
4539285504
4539547648
4539809792
4540071936
4540334080
4540596224
4540858368
4541120512
4541382656
4541644800
4541906944
4542169088
4542431232
4542693376
4542955520
4543217664
4543479808
4543741952
4544004096
4544266240
4544528384
4544790528
4545052672
4545314816
4545576960
4545839104
4546101248
4546363392
4546625536
4546887680
4547149824
4547411968
4547674112
4547936256
4548198400
4548460544
4548722688
4548984832
4549246976
4549509120
4549771264
4550033408
4550295552
4550557696
4550819840
4551081984
4551344128
4551606272
4551868416
4552130560
4552392704
4552654848
4552916992
4553179136
4553441280
4553703424
4553965568
4554227712
4554489856
4554752000
4555014144
4555276288
4555538432
4555800576
4556062720
4556324864
4556587008
4556849152
4557111296
4557373440
4557635584
4557897728
4558159872
4558422016
4558684160
4558946304
4559208448
4559470592
4559732736
4559994880
4560257024
4560519168
4560781312
4561043456
4561305600
4561567744
4561829888
4562092032
4562354176
4562616320
4562878464
4563140608
4563402752
4563664896
4563927040
4564189184
4564451328
4564713472
4564975616
4565237760
4565499904
4565762048
4566024192
4566286336
4566548480
4566810624
4567072768
4567334912
4567597056
4567859200
4568121344
4568383488
4568645632
4568907776
4569169920
4569432064
4569694208
4569956352
4570218496
4570480640
4570742784
4571004928
4571267072
4571529216
4571791360
4572053504
4572315648
4572577792
4572839936
4573102080
4573364224
4573626368
4573888512
4574150656
4574412800
4574674944
4574937088
4575199232
4575461376
4575723520
4575985664
4576247808
4576509952
4576772096
4577034240
4577296384
4577558528
4577820672
4578082816
4578344960
4578607104
4578869248
4579131392
4579393536
4579655680
4579917824
4580179968
4580442112
4580704256
4580966400
4581228544
4581490688
4581752832
4582014976
4582277120
4582539264
4582801408
4583063552
4583325696
4583587840
4583849984
4584112128
4584374272
4584636416
4584898560
4585160704
4585422848
4585684992
4585947136
4586209280
4586471424
4586733568
4586995712
4587257856
4587520000
4587782144
4588044288
4588306432
4588568576
4588830720
4589092864
4589355008
4589617152
4589879296
4590141440
4590403584
4590665728
4590927872
4591190016
4591452160
4591714304
4591976448
4592238592
4592500736
4592762880
4593025024
4593287168
4593549312
4593811456
4594073600
4594335744
4594597888
4594860032
4595122176
4595384320
4595646464
4595908608
4596170752
4596432896
4596695040
4596957184
4597219328
4597481472
4597743616
4598005760
4598267904
4598530048
4598792192
4599054336
4599316480
4599578624
4599840768
4600102912
4600365056
4600627200
4600889344
4601151488
4601413632
4601675776
4601937920
4602200064
4602462208
4602724352
4602986496
4603248640
4603510784
4603772928
4604035072
4604297216
4604559360
4604821504
4605083648
4605345792
4605607936
4605870080
4606132224
4606394368
4606656512
4606918656
4607180800
4607442944
4607705088
4607967232
4608229376
4608491520
4608753664
4609015808
4609277952
4609540096
4609802240
4610064384
4610326528
4610588672
4610850816
4611112960
4611375104
4611637248
4611899392
4612161536
4612423680
4612685824
4612947968
4613210112
4613472256
4613734400
4613996544
4614258688
4614520832
4614782976
4615045120
4615307264
4615569408
4615831552
4616093696
4616355840
4616617984
4616880128
4617142272
4617404416
4617666560
4617928704
4618190848
4618452992
4618715136
4618977280
4619239424
4619501568
4619763712
4620025856
4620288000
4620550144
4620812288
4621074432
4621336576
4621598720
4621860864
4622123008
4622385152
4622647296
4622909440
4623171584
4623433728
4623695872
4623958016
4624220160
4624482304
4624744448
4625006592
4625268736
4625530880
4625793024
4626055168
4626317312
4626579456
4626841600
4627103744
4627365888
4627628032
4627890176
4628152320
4628414464
4628676608
4628938752
4629200896
4629463040
4629725184
4629987328
4630249472
4630511616
4630773760
4631035904
4631298048
4631560192
4631822336
4632084480
4632346624
4632608768
4632870912
4633133056
4633395200
4633657344
4633919488
4634181632
4634443776
4634705920
4634968064
4635230208
4635492352
4635754496
4636016640
4636278784
4636540928
4636803072
4637065216
4637327360
4637589504
4637851648
4638113792
4638375936
4638638080
4638900224
4639162368
4639424512
4639686656
4639948800
4640210944
4640473088
4640735232
4640997376
4641259520
4641521664
4641783808
4642045952
4642308096
4642570240
4642832384
4643094528
4643356672
4643618816
4643880960
4644143104
4644405248
4644667392
4644929536
4645191680
4645453824
4645715968
4645978112
4646240256
4646502400
4646764544
4647026688
4647288832
4647550976
4647813120
4648075264
4648337408
4648599552
4648861696
4649123840
4649385984
4649648128
4649910272
4650172416
4650434560
4650696704
4650958848
4651220992
4651483136
4651745280
4652007424
4652269568
4652531712
4652793856
4653056000
4653318144
4653580288
4653842432
4654104576
4654366720
4654628864
4654891008
4655153152
4655415296
4655677440
4655939584
4656201728
4656463872
4656726016
4656988160
4657250304
4657512448
4657774592
4658036736
4658298880
4658561024
4658823168
4659085312
4659347456
4659609600
4659871744
4660133888
4660396032
4660658176
4660920320
4661182464
4661444608
4661706752
4661968896
4662231040
4662493184
4662755328
4663017472
4663279616
4663541760
4663803904
4664066048
4664328192
4664590336
4664852480
4665114624
4665376768
4665638912
4665901056
4666163200
4666425344
4666687488
4666949632
4667211776
4667473920
4667736064
4667998208
4668260352
4668522496
4668784640
4669046784
4669308928
4669571072
4669833216
4670095360
4670357504
4670619648
4670881792
4671143936
4671406080
4671668224
4671930368
4672192512
4672454656
4672716800
4672978944
4673241088
4673503232
4673765376
4674027520
4674289664
4674551808
4674813952
4675076096
4675338240
4675600384
4675862528
4676124672
4676386816
4676648960
4676911104
4677173248
4677435392
4677697536
4677959680
4678221824
4678483968
4678746112
4679008256
4679270400
4679532544
4679794688
4680056832
4680318976
4680581120
4680843264
4681105408
4681367552
4681629696
4681891840
4682153984
4682416128
4682678272
4682940416
4683202560
4683464704
4683726848
4683988992
4684251136
4684513280
4684775424
4685037568
4685299712
4685561856
4685824000
4686086144
4686348288
4686610432
4686872576
4687134720
4687396864
4687659008
4687921152
4688183296
4688445440
4688707584
4688969728
4689231872
4689494016
4689756160
4690018304
4690280448
4690542592
4690804736
4691066880
4691329024
4691591168
4691853312
4692115456
4692377600
4692639744
4692901888
4693164032
4693426176
4693688320
4693950464
4694212608
4694474752
4694736896
4694999040
4695261184
4695523328
4695785472
4696047616
4696309760
4696571904
4696834048
4697096192
4697358336
4697620480
4697882624
4698144768
4698406912
4698669056
4698931200
4699193344
4699455488
4699717632
4699979776
4700241920
4700504064
4700766208
4701028352
4701290496
4701552640
4701814784
4702076928
4702339072
4702601216
4702863360
4703125504
4703387648
4703649792
4703911936
4704174080
4704436224
4704698368
4704960512
4705222656
4705484800
4705746944
4706009088
4706271232
4706533376
4706795520
4707057664
4707319808
4707581952
4707844096
4708106240
4708368384
4708630528
4708892672
4709154816
4709416960
4709679104
4709941248
4710203392
4710465536
4710727680
4710989824
4711251968
4711514112
4711776256
4712038400
4712300544
4712562688
4712824832
4713086976
4713349120
4713611264
4713873408
4714135552
4714397696
4714659840
4714921984
4715184128
4715446272
4715708416
4715970560
4716232704
4716494848
4716756992
4717019136
4717281280
4717543424
4717805568
4718067712
4718329856
4718592000
4718854144
4719116288
4719378432
4719640576
4719902720
4720164864
4720427008
4720689152
4720951296
4721213440
4721475584
4721737728
4721999872
4722262016
4722524160
4722786304
4723048448
4723310592
4723572736
4723834880
4724097024
4724359168
4724621312
4724883456
4725145600
4725407744
4725669888
4725932032
4726194176
4726456320
4726718464
4726980608
4727242752
4727504896
4727767040
4728029184
4728291328
4728553472
4728815616
4729077760
4729339904
4729602048
4729864192
4730126336
4730388480
4730650624
4730912768
4731174912
4731437056
4731699200
4731961344
4732223488
4732485632
4732747776
4733009920
4733272064
4733534208
4733796352
4734058496
4734320640
4734582784
4734844928
4735107072
4735369216
4735631360
4735893504
4736155648
4736417792
4736679936
4736942080
4737204224
4737466368
4737728512
4737990656
4738252800
4738514944
4738777088
4739039232
4739301376
4739563520
4739825664
4740087808
4740349952
4740612096
4740874240
4741136384
4741398528
4741660672
4741922816
4742184960
4742447104
4742709248
4742971392
4743233536
4743495680
4743757824
4744019968
4744282112
4744544256
4744806400
4745068544
4745330688
4745592832
4745854976
4746117120
4746379264
4746641408
4746903552
4747165696
4747427840
4747689984
4747952128
4748214272
4748476416
4748738560
4749000704
4749262848
4749524992
4749787136
4750049280
4750311424
4750573568
4750835712
4751097856
4751360000
4751622144
4751884288
4752146432
4752408576
4752670720
4752932864
4753195008
4753457152
4753719296
4753981440
4754243584
4754505728
4754767872
4755030016
4755292160
4755554304
4755816448
4756078592
4756340736
4756602880
4756865024
4757127168
4757389312
4757651456
4757913600
4758175744
4758437888
4758700032
4758962176
4759224320
4759486464
4759748608
4760010752
4760272896
4760535040
4760797184
4761059328
4761321472
4761583616
4761845760
4762107904
4762370048
4762632192
4762894336
4763156480
4763418624
4763680768
4763942912
4764205056
4764467200
4764729344
4764991488
4765253632
4765515776
4765777920
4766040064
4766302208
4766564352
4766826496
4767088640
4767350784
4767612928
4767875072
4768137216
4768399360
4768661504
4768923648
4769185792
4769447936
4769710080
4769972224
4770234368
4770496512
4770758656
4771020800
4771282944
4771545088
4771807232
4772069376
4772331520
4772593664
4772855808
4773117952
4773380096
4773642240
4773904384
4774166528
4774428672
4774690816
4774952960
4775215104
4775477248
4775739392
4776001536
4776263680
4776525824
4776787968
4777050112
4777312256
4777574400
4777836544
4778098688
4778360832
4778622976
4778885120
4779147264
4779409408
4779671552
4779933696
4780195840
4780457984
4780720128
4780982272
4781244416
4781506560
4781768704
4782030848
4782292992
4782555136
4782817280
4783079424
4783341568
4783603712
4783865856
4784128000
4784390144
4784652288
4784914432
4785176576
4785438720
4785700864
4785963008
4786225152
4786487296
4786749440
4787011584
4787273728
4787535872
4787798016
4788060160
4788322304
4788584448
4788846592
4789108736
4789370880
4789633024
4789895168
4790157312
4790419456
4790681600
4790943744
4791205888
4791468032
4791730176
4791992320
4792254464
4792516608
4792778752
4793040896
4793303040
4793565184
4793827328
4794089472
4794351616
4794613760
4794875904
4795138048
4795400192
4795662336
4795924480
4796186624
4796448768
4796710912
4796973056
4797235200
4797497344
4797759488
4798021632
4798283776
4798545920
4798808064
4799070208
4799332352
4799594496
4799856640
4800118784
4800380928
4800643072
4800905216
4801167360
4801429504
4801691648
4801953792
4802215936
4802478080
4802740224
4803002368
4803264512
4803526656
4803788800
4804050944
4804313088
4804575232
4804837376
4805099520
4805361664
4805623808
4805885952
4806148096
4806410240
4806672384
4806934528
4807196672
4807458816
4807720960
4807983104
4808245248
4808507392
4808769536
4809031680
4809293824
4809555968
4809818112
4810080256
4810342400
4810604544
4810866688
4811128832
4811390976
4811653120
4811915264
4812177408
4812439552
4812701696
4812963840
4813225984
4813488128
4813750272
4814012416
4814274560
4814536704
4814798848
4815060992
4815323136
4815585280
4815847424
4816109568
4816371712
4816633856
4816896000
4817158144
4817420288
4817682432
4817944576
4818206720
4818468864
4818731008
4818993152
4819255296
4819517440
4819779584
4820041728
4820303872
4820566016
4820828160
4821090304
4821352448
4821614592
4821876736
4822138880
4822401024
4822663168
4822925312
4823187456
4823449600
4823711744
4823973888
4824236032
4824498176
4824760320
4825022464
4825284608
4825546752
4825808896
4826071040
4826333184
4826595328
4826857472
4827119616
4827381760
4827643904
4827906048
4828168192
4828430336
4828692480
4828954624
4829216768
4829478912
4829741056
4830003200
4830265344
4830527488
4830789632
4831051776
4831313920
4831576064
4831838208
4832100352
4832362496
4832624640
4832886784
4833148928
4833411072
4833673216
4833935360
4834197504
4834459648
4834721792
4834983936
4835246080
4835508224
4835770368
4836032512
4836294656
4836556800
4836818944
4837081088
4837343232
4837605376
4837867520
4838129664
4838391808
4838653952
4838916096
4839178240
4839440384
4839702528
4839964672
4840226816
4840488960
4840751104
4841013248
4841275392
4841537536
4841799680
4842061824
4842323968
4842586112
4842848256
4843110400
4843372544
4843634688
4843896832
4844158976
4844421120
4844683264
4844945408
4845207552
4845469696
4845731840
4845993984
4846256128
4846518272
4846780416
4847042560
4847304704
4847566848
4847828992
4848091136
4848353280
4848615424
4848877568
4849139712
4849401856
4849664000
4849926144
4850188288
4850450432
4850712576
4850974720
4851236864
4851499008
4851761152
4852023296
4852285440
4852547584
4852809728
4853071872
4853334016
4853596160
4853858304
4854120448
4854382592
4854644736
4854906880
4855169024
4855431168
4855693312
4855955456
4856217600
4856479744
4856741888
4857004032
4857266176
4857528320
4857790464
4858052608
4858314752
4858576896
4858839040
4859101184
4859363328
4859625472
4859887616
4860149760
4860411904
4860674048
4860936192
4861198336
4861460480
4861722624
4861984768
4862246912
4862509056
4862771200
4863033344
4863295488
4863557632
4863819776
4864081920
4864344064
4864606208
4864868352
4865130496
4865392640
4865654784
4865916928
4866179072
4866441216
4866703360
4866965504
4867227648
4867489792
4867751936
4868014080
4868276224
4868538368
4868800512
4869062656
4869324800
4869586944
4869849088
4870111232
4870373376
4870635520
4870897664
4871159808
4871421952
4871684096
4871946240
4872208384
4872470528
4872732672
4872994816
4873256960
4873519104
4873781248
4874043392
4874305536
4874567680
4874829824
4875091968
4875354112
4875616256
4875878400
4876140544
4876402688
4876664832
4876926976
4877189120
4877451264
4877713408
4877975552
4878237696
4878499840
4878761984
4879024128
4879286272
4879548416
4879810560
4880072704
4880334848
4880596992
4880859136
4881121280
4881383424
4881645568
4881907712
4882169856
4882432000
4882694144
4882956288
4883218432
4883480576
4883742720
4884004864
4884267008
4884529152
4884791296
4885053440
4885315584
4885577728
4885839872
4886102016
4886364160
4886626304
4886888448
4887150592
4887412736
4887674880
4887937024
4888199168
4888461312
4888723456
4888985600
4889247744
4889509888
4889772032
4890034176
4890296320
4890558464
4890820608
4891082752
4891344896
4891607040
4891869184
4892131328
4892393472
4892655616
4892917760
4893179904
4893442048
4893704192
4893966336
4894228480
4894490624
4894752768
4895014912
4895277056
4895539200
4895801344
4896063488
4896325632
4896587776
4896849920
4897112064
4897374208
4897636352
4897898496
4898160640
4898422784
4898684928
4898947072
4899209216
4899471360
4899733504
4899995648
4900257792
4900519936
4900782080
4901044224
4901306368
4901568512
4901830656
4902092800
4902354944
4902617088
4902879232
4903141376
4903403520
4903665664
4903927808
4904189952
4904452096
4904714240
4904976384
4905238528
4905500672
4905762816
4906024960
4906287104
4906549248
4906811392
4907073536
4907335680
4907597824
4907859968
4908122112
4908384256
4908646400
4908908544
4909170688
4909432832
4909694976
4909957120
4910219264
4910481408
4910743552
4911005696
4911267840
4911529984
4911792128
4912054272
4912316416
4912578560
4912840704
4913102848
4913364992
4913627136
4913889280
4914151424
4914413568
4914675712
4914937856
4915200000
4915462144
4915724288
4915986432
4916248576
4916510720
4916772864
4917035008
4917297152
4917559296
4917821440
4918083584
4918345728
4918607872
4918870016
4919132160
4919394304
4919656448
4919918592
4920180736
4920442880
4920705024
4920967168
4921229312
4921491456
4921753600
4922015744
4922277888
4922540032
4922802176
4923064320
4923326464
4923588608
4923850752
4924112896
4924375040
4924637184
4924899328
4925161472
4925423616
4925685760
4925947904
4926210048
4926472192
4926734336
4926996480
4927258624
4927520768
4927782912
4928045056
4928307200
4928569344
4928831488
4929093632
4929355776
4929617920
4929880064
4930142208
4930404352
4930666496
4930928640
4931190784
4931452928
4931715072
4931977216
4932239360
4932501504
4932763648
4933025792
4933287936
4933550080
4933812224
4934074368
4934336512
4934598656
4934860800
4935122944
4935385088
4935647232
4935909376
4936171520
4936433664
4936695808
4936957952
4937220096
4937482240
4937744384
4938006528
4938268672
4938530816
4938792960
4939055104
4939317248
4939579392
4939841536
4940103680
4940365824
4940627968
4940890112
4941152256
4941414400
4941676544
4941938688
4942200832
4942462976
4942725120
4942987264
4943249408
4943511552
4943773696
4944035840
4944297984
4944560128
4944822272
4945084416
4945346560
4945608704
4945870848
4946132992
4946395136
4946657280
4946919424
4947181568
4947443712
4947705856
4947968000
4948230144
4948492288
4948754432
4949016576
4949278720
4949540864
4949803008
4950065152
4950327296
4950589440
4950851584
4951113728
4951375872
4951638016
4951900160
4952162304
4952424448
4952686592
4952948736
4953210880
4953473024
4953735168
4953997312
4954259456
4954521600
4954783744
4955045888
4955308032
4955570176
4955832320
4956094464
4956356608
4956618752
4956880896
4957143040
4957405184
4957667328
4957929472
4958191616
4958453760
4958715904
4958978048
4959240192
4959502336
4959764480
4960026624
4960288768
4960550912
4960813056
4961075200
4961337344
4961599488
4961861632
4962123776
4962385920
4962648064
4962910208
4963172352
4963434496
4963696640
4963958784
4964220928
4964483072
4964745216
4965007360
4965269504
4965531648
4965793792
4966055936
4966318080
4966580224
4966842368
4967104512
4967366656
4967628800
4967890944
4968153088
4968415232
4968677376
4968939520
4969201664
4969463808
4969725952
4969988096
4970250240
4970512384
4970774528
4971036672
4971298816
4971560960
4971823104
4972085248
4972347392
4972609536
4972871680
4973133824
4973395968
4973658112
4973920256
4974182400
4974444544
4974706688
4974968832
4975230976
4975493120
4975755264
4976017408
4976279552
4976541696
4976803840
4977065984
4977328128
4977590272
4977852416
4978114560
4978376704
4978638848
4978900992
4979163136
4979425280
4979687424
4979949568
4980211712
4980473856
4980736000
4980998144
4981260288
4981522432
4981784576
4982046720
4982308864
4982571008
4982833152
4983095296
4983357440
4983619584
4983881728
4984143872
4984406016
4984668160
4984930304
4985192448
4985454592
4985716736
4985978880
4986241024
4986503168
4986765312
4987027456
4987289600
4987551744
4987813888
4988076032
4988338176
4988600320
4988862464
4989124608
4989386752
4989648896
4989911040
4990173184
4990435328
4990697472
4990959616
4991221760
4991483904
4991746048
4992008192
4992270336
4992532480
4992794624
4993056768
4993318912
4993581056
4993843200
4994105344
4994367488
4994629632
4994891776
4995153920
4995416064
4995678208
4995940352
4996202496
4996464640
4996726784
4996988928
4997251072
4997513216
4997775360
4998037504
4998299648
4998561792
4998823936
4999086080
4999348224
4999610368
4999872512
5000134656
5000396800
5000658944
5000921088
5001183232
5001445376
5001707520
5001969664
5002231808
5002493952
5002756096
5003018240
5003280384
5003542528
5003804672
5004066816
5004328960
5004591104
5004853248
5005115392
5005377536
5005639680
5005901824
5006163968
5006426112
5006688256
5006950400
5007212544
5007474688
5007736832
5007998976
5008261120
5008523264
5008785408
5009047552
5009309696
5009571840
5009833984
5010096128
5010358272
5010620416
5010882560
5011144704
5011406848
5011668992
5011931136
5012193280
5012455424
5012717568
5012979712
5013241856
5013504000
5013766144
5014028288
5014290432
5014552576
5014814720
5015076864
5015339008
5015601152
5015863296
5016125440
5016387584
5016649728
5016911872
5017174016
5017436160
5017698304
5017960448
5018222592
5018484736
5018746880
5019009024
5019271168
5019533312
5019795456
5020057600
5020319744
5020581888
5020844032
5021106176
5021368320
5021630464
5021892608
5022154752
5022416896
5022679040
5022941184
5023203328
5023465472
5023727616
5023989760
5024251904
5024514048
5024776192
5025038336
5025300480
5025562624
5025824768
5026086912
5026349056
5026611200
5026873344
5027135488
5027397632
5027659776
5027921920
5028184064
5028446208
5028708352
5028970496
5029232640
5029494784
5029756928
5030019072
5030281216
5030543360
5030805504
5031067648
5031329792
5031591936
5031854080
5032116224
5032378368
5032640512
5032902656
5033164800
5033426944
5033689088
5033951232
5034213376
5034475520
5034737664
5034999808
5035261952
5035524096
5035786240
5036048384
5036310528
5036572672
5036834816
5037096960
5037359104
5037621248
5037883392
5038145536
5038407680
5038669824
5038931968
5039194112
5039456256
5039718400
5039980544
5040242688
5040504832
5040766976
5041029120
5041291264
5041553408
5041815552
5042077696
5042339840
5042601984
5042864128
5043126272
5043388416
5043650560
5043912704
5044174848
5044436992
5044699136
5044961280
5045223424
5045485568
5045747712
5046009856
5046272000
5046534144
5046796288
5047058432
5047320576
5047582720
5047844864
5048107008
5048369152
5048631296
5048893440
5049155584
5049417728
5049679872
5049942016
5050204160
5050466304
5050728448
5050990592
5051252736
5051514880
5051777024
5052039168
5052301312
5052563456
5052825600
5053087744
5053349888
5053612032
5053874176
5054136320
5054398464
5054660608
5054922752
5055184896
5055447040
5055709184
5055971328
5056233472
5056495616
5056757760
5057019904
5057282048
5057544192
5057806336
5058068480
5058330624
5058592768
5058854912
5059117056
5059379200
5059641344
5059903488
5060165632
5060427776
5060689920
5060952064
5061214208
5061476352
5061738496
5062000640
5062262784
5062524928
5062787072
5063049216
5063311360
5063573504
5063835648
5064097792
5064359936
5064622080
5064884224
5065146368
5065408512
5065670656
5065932800
5066194944
5066457088
5066719232
5066981376
5067243520
5067505664
5067767808
5068029952
5068292096
5068554240
5068816384
5069078528
5069340672
5069602816
5069864960
5070127104
5070389248
5070651392
5070913536
5071175680
5071437824
5071699968
5071962112
5072224256
5072486400
5072748544
5073010688
5073272832
5073534976
5073797120
5074059264
5074321408
5074583552
5074845696
5075107840
5075369984
5075632128
5075894272
5076156416
5076418560
5076680704
5076942848
5077204992
5077467136
5077729280
5077991424
5078253568
5078515712
5078777856
5079040000
5079302144
5079564288
5079826432
5080088576
5080350720
5080612864
5080875008
5081137152
5081399296
5081661440
5081923584
5082185728
5082447872
5082710016
5082972160
5083234304
5083496448
5083758592
5084020736
5084282880
5084545024
5084807168
5085069312
5085331456
5085593600
5085855744
5086117888
5086380032
5086642176
5086904320
5087166464
5087428608
5087690752
5087952896
5088215040
5088477184
5088739328
5089001472
5089263616
5089525760
5089787904
5090050048
5090312192
5090574336
5090836480
5091098624
5091360768
5091622912
5091885056
5092147200
5092409344
5092671488
5092933632
5093195776
5093457920
5093720064
5093982208
5094244352
5094506496
5094768640
5095030784
5095292928
5095555072
5095817216
5096079360
5096341504
5096603648
5096865792
5097127936
5097390080
5097652224
5097914368
5098176512
5098438656
5098700800
5098962944
5099225088
5099487232
5099749376
5100011520
5100273664
5100535808
5100797952
5101060096
5101322240
5101584384
5101846528
5102108672
5102370816
5102632960
5102895104
5103157248
5103419392
5103681536
5103943680
5104205824
5104467968
5104730112
5104992256
5105254400
5105516544
5105778688
5106040832
5106302976
5106565120
5106827264
5107089408
5107351552
5107613696
5107875840
5108137984
5108400128
5108662272
5108924416
5109186560
5109448704
5109710848
5109972992
5110235136
5110497280
5110759424
5111021568
5111283712
5111545856
5111808000
5112070144
5112332288
5112594432
5112856576
5113118720
5113380864
5113643008
5113905152
5114167296
5114429440
5114691584
5114953728
5115215872
5115478016
5115740160
5116002304
5116264448
5116526592
5116788736
5117050880
5117313024
5117575168
5117837312
5118099456
5118361600
5118623744
5118885888
5119148032
5119410176
5119672320
5119934464
5120196608
5120458752
5120720896
5120983040
5121245184
5121507328
5121769472
5122031616
5122293760
5122555904
5122818048
5123080192
5123342336
5123604480
5123866624
5124128768
5124390912
5124653056
5124915200
5125177344
5125439488
5125701632
5125963776
5126225920
5126488064
5126750208
5127012352
5127274496
5127536640
5127798784
5128060928
5128323072
5128585216
5128847360
5129109504
5129371648
5129633792
5129895936
5130158080
5130420224
5130682368
5130944512
5131206656
5131468800
5131730944
5131993088
5132255232
5132517376
5132779520
5133041664
5133303808
5133565952
5133828096
5134090240
5134352384
5134614528
5134876672
5135138816
5135400960
5135663104
5135925248
5136187392
5136449536
5136711680
5136973824
5137235968
5137498112
5137760256
5138022400
5138284544
5138546688
5138808832
5139070976
5139333120
5139595264
5139857408
5140119552
5140381696
5140643840
5140905984
5141168128
5141430272
5141692416
5141954560
5142216704
5142478848
5142740992
5143003136
5143265280
5143527424
5143789568
5144051712
5144313856
5144576000
5144838144
5145100288
5145362432
5145624576
5145886720
5146148864
5146411008
5146673152
5146935296
5147197440
5147459584
5147721728
5147983872
5148246016
5148508160
5148770304
5149032448
5149294592
5149556736
5149818880
5150081024
5150343168
5150605312
5150867456
5151129600
5151391744
5151653888
5151916032
5152178176
5152440320
5152702464
5152964608
5153226752
5153488896
5153751040
5154013184
5154275328
5154537472
5154799616
5155061760
5155323904
5155586048
5155848192
5156110336
5156372480
5156634624
5156896768
5157158912
5157421056
5157683200
5157945344
5158207488
5158469632
5158731776
5158993920
5159256064
5159518208
5159780352
5160042496
5160304640
5160566784
5160828928
5161091072
5161353216
5161615360
5161877504
5162139648
5162401792
5162663936
5162926080
5163188224
5163450368
5163712512
5163974656
5164236800
5164498944
5164761088
5165023232
5165285376
5165547520
5165809664
5166071808
5166333952
5166596096
5166858240
5167120384
5167382528
5167644672
5167906816
5168168960
5168431104
5168693248
5168955392
5169217536
5169479680
5169741824
5170003968
5170266112
5170528256
5170790400
5171052544
5171314688
5171576832
5171838976
5172101120
5172363264
5172625408
5172887552
5173149696
5173411840
5173673984
5173936128
5174198272
5174460416
5174722560
5174984704
5175246848
5175508992
5175771136
5176033280
5176295424
5176557568
5176819712
5177081856
5177344000
5177606144
5177868288
5178130432
5178392576
5178654720
5178916864
5179179008
5179441152
5179703296
5179965440
5180227584
5180489728
5180751872
5181014016
5181276160
5181538304
5181800448
5182062592
5182324736
5182586880
5182849024
5183111168
5183373312
5183635456
5183897600
5184159744
5184421888
5184684032
5184946176
5185208320
5185470464
5185732608
5185994752
5186256896
5186519040
5186781184
5187043328
5187305472
5187567616
5187829760
5188091904
5188354048
5188616192
5188878336
5189140480
5189402624
5189664768
5189926912
5190189056
5190451200
5190713344
5190975488
5191237632
5191499776
5191761920
5192024064
5192286208
5192548352
5192810496
5193072640
5193334784
5193596928
5193859072
5194121216
5194383360
5194645504
5194907648
5195169792
5195431936
5195694080
5195956224
5196218368
5196480512
5196742656
5197004800
5197266944
5197529088
5197791232
5198053376
5198315520
5198577664
5198839808
5199101952
5199364096
5199626240
5199888384
5200150528
5200412672
5200674816
5200936960
5201199104
5201461248
5201723392
5201985536
5202247680
5202509824
5202771968
5203034112
5203296256
5203558400
5203820544
5204082688
5204344832
5204606976
5204869120
5205131264
5205393408
5205655552
5205917696
5206179840
5206441984
5206704128
5206966272
5207228416
5207490560
5207752704
5208014848
5208276992
5208539136
5208801280
5209063424
5209325568
5209587712
5209849856
5210112000
5210374144
5210636288
5210898432
5211160576
5211422720
5211684864
5211947008
5212209152
5212471296
5212733440
5212995584
5213257728
5213519872
5213782016
5214044160
5214306304
5214568448
5214830592
5215092736
5215354880
5215617024
5215879168
5216141312
5216403456
5216665600
5216927744
5217189888
5217452032
5217714176
5217976320
5218238464
5218500608
5218762752
5219024896
5219287040
5219549184
5219811328
5220073472
5220335616
5220597760
5220859904
5221122048
5221384192
5221646336
5221908480
5222170624
5222432768
5222694912
5222957056
5223219200
5223481344
5223743488
5224005632
5224267776
5224529920
5224792064
5225054208
5225316352
5225578496
5225840640
5226102784
5226364928
5226627072
5226889216
5227151360
5227413504
5227675648
5227937792
5228199936
5228462080
5228724224
5228986368
5229248512
5229510656
5229772800
5230034944
5230297088
5230559232
5230821376
5231083520
5231345664
5231607808
5231869952
5232132096
5232394240
5232656384
5232918528
5233180672
5233442816
5233704960
5233967104
5234229248
5234491392
5234753536
5235015680
5235277824
5235539968
5235802112
5236064256
5236326400
5236588544
5236850688
5237112832
5237374976
5237637120
5237899264
5238161408
5238423552
5238685696
5238947840
5239209984
5239472128
5239734272
5239996416
5240258560
5240520704
5240782848
5241044992
5241307136
5241569280
5241831424
5242093568
5242355712
5242617856
5242880000
5243142144
5243404288
5243666432
5243928576
5244190720
5244452864
5244715008
5244977152
5245239296
5245501440
5245763584
5246025728
5246287872
5246550016
5246812160
5247074304
5247336448
5247598592
5247860736
5248122880
5248385024
5248647168
5248909312
5249171456
5249433600
5249695744
5249957888
5250220032
5250482176
5250744320
5251006464
5251268608
5251530752
5251792896
5252055040
5252317184
5252579328
5252841472
5253103616
5253365760
5253627904
5253890048
5254152192
5254414336
5254676480
5254938624
5255200768
5255462912
5255725056
5255987200
5256249344
5256511488
5256773632
5257035776
5257297920
5257560064
5257822208
5258084352
5258346496
5258608640
5258870784
5259132928
5259395072
5259657216
5259919360
5260181504
5260443648
5260705792
5260967936
5261230080
5261492224
5261754368
5262016512
5262278656
5262540800
5262802944
5263065088
5263327232
5263589376
5263851520
5264113664
5264375808
5264637952
5264900096
5265162240
5265424384
5265686528
5265948672
5266210816
5266472960
5266735104
5266997248
5267259392
5267521536
5267783680
5268045824
5268307968
5268570112
5268832256
5269094400
5269356544
5269618688
5269880832
5270142976
5270405120
5270667264
5270929408
5271191552
5271453696
5271715840
5271977984
5272240128
5272502272
5272764416
5273026560
5273288704
5273550848
5273812992
5274075136
5274337280
5274599424
5274861568
5275123712
5275385856
5275648000
5275910144
5276172288
5276434432
5276696576
5276958720
5277220864
5277483008
5277745152
5278007296
5278269440
5278531584
5278793728
5279055872
5279318016
5279580160
5279842304
5280104448
5280366592
5280628736
5280890880
5281153024
5281415168
5281677312
5281939456
5282201600
5282463744
5282725888
5282988032
5283250176
5283512320
5283774464
5284036608
5284298752
5284560896
5284823040
5285085184
5285347328
5285609472
5285871616
5286133760
5286395904
5286658048
5286920192
5287182336
5287444480
5287706624
5287968768
5288230912
5288493056
5288755200
5289017344
5289279488
5289541632
5289803776
5290065920
5290328064
5290590208
5290852352
5291114496
5291376640
5291638784
5291900928
5292163072
5292425216
5292687360
5292949504
5293211648
5293473792
5293735936
5293998080
5294260224
5294522368
5294784512
5295046656
5295308800
5295570944
5295833088
5296095232
5296357376
5296619520
5296881664
5297143808
5297405952
5297668096
5297930240
5298192384
5298454528
5298716672
5298978816
5299240960
5299503104
5299765248
5300027392
5300289536
5300551680
5300813824
5301075968
5301338112
5301600256
5301862400
5302124544
5302386688
5302648832
5302910976
5303173120
5303435264
5303697408
5303959552
5304221696
5304483840
5304745984
5305008128
5305270272
5305532416
5305794560
5306056704
5306318848
5306580992
5306843136
5307105280
5307367424
5307629568
5307891712
5308153856
5308416000
5308678144
5308940288
5309202432
5309464576
5309726720
5309988864
5310251008
5310513152
5310775296
5311037440
5311299584
5311561728
5311823872
5312086016
5312348160
5312610304
5312872448
5313134592
5313396736
5313658880
5313921024
5314183168
5314445312
5314707456
5314969600
5315231744
5315493888
5315756032
5316018176
5316280320
5316542464
5316804608
5317066752
5317328896
5317591040
5317853184
5318115328
5318377472
5318639616
5318901760
5319163904
5319426048
5319688192
5319950336
5320212480
5320474624
5320736768
5320998912
5321261056
5321523200
5321785344
5322047488
5322309632
5322571776
5322833920
5323096064
5323358208
5323620352
5323882496
5324144640
5324406784
5324668928
5324931072
5325193216
5325455360
5325717504
5325979648
5326241792
5326503936
5326766080
5327028224
5327290368
5327552512
5327814656
5328076800
5328338944
5328601088
5328863232
5329125376
5329387520
5329649664
5329911808
5330173952
5330436096
5330698240
5330960384
5331222528
5331484672
5331746816
5332008960
5332271104
5332533248
5332795392
5333057536
5333319680
5333581824
5333843968
5334106112
5334368256
5334630400
5334892544
5335154688
5335416832
5335678976
5335941120
5336203264
5336465408
5336727552
5336989696
5337251840
5337513984
5337776128
5338038272
5338300416
5338562560
5338824704
5339086848
5339348992
5339611136
5339873280
5340135424
5340397568
5340659712
5340921856
5341184000
5341446144
5341708288
5341970432
5342232576
5342494720
5342756864
5343019008
5343281152
5343543296
5343805440
5344067584
5344329728
5344591872
5344854016
5345116160
5345378304
5345640448
5345902592
5346164736
5346426880
5346689024
5346951168
5347213312
5347475456
5347737600
5347999744
5348261888
5348524032
5348786176
5349048320
5349310464
5349572608
5349834752
5350096896
5350359040
5350621184
5350883328
5351145472
5351407616
5351669760
5351931904
5352194048
5352456192
5352718336
5352980480
5353242624
5353504768
5353766912
5354029056
5354291200
5354553344
5354815488
5355077632
5355339776
5355601920
5355864064
5356126208
5356388352
5356650496
5356912640
5357174784
5357436928
5357699072
5357961216
5358223360
5358485504
5358747648
5359009792
5359271936
5359534080
5359796224
5360058368
5360320512
5360582656
5360844800
5361106944
5361369088
5361631232
5361893376
5362155520
5362417664
5362679808
5362941952
5363204096
5363466240
5363728384
5363990528
5364252672
5364514816
5364776960
5365039104
5365301248
5365563392
5365825536
5366087680
5366349824
5366611968
5366874112
5367136256
5367398400
5367660544
5367922688
5368184832
5368446976
5368709120
5368971264
5369233408
5369495552
5369757696
5370019840
5370281984
5370544128
5370806272
5371068416
5371330560
5371592704
5371854848
5372116992
5372379136
5372641280
5372903424
5373165568
5373427712
5373689856
5373952000
5374214144
5374476288
5374738432
5375000576
5375262720
5375524864
5375787008
5376049152
5376311296
5376573440
5376835584
5377097728
5377359872
5377622016
5377884160
5378146304
5378408448
5378670592
5378932736
5379194880
5379457024
5379719168
5379981312
5380243456
5380505600
5380767744
5381029888
5381292032
5381554176
5381816320
5382078464
5382340608
5382602752
5382864896
5383127040
5383389184
5383651328
5383913472
5384175616
5384437760
5384699904
5384962048
5385224192
5385486336
5385748480
5386010624
5386272768
5386534912
5386797056
5387059200
5387321344
5387583488
5387845632
5388107776
5388369920
5388632064
5388894208
5389156352
5389418496
5389680640
5389942784
5390204928
5390467072
5390729216
5390991360
5391253504
5391515648
5391777792
5392039936
5392302080
5392564224
5392826368
5393088512
5393350656
5393612800
5393874944
5394137088
5394399232
5394661376
5394923520
5395185664
5395447808
5395709952
5395972096
5396234240
5396496384
5396758528
5397020672
5397282816
5397544960
5397807104
5398069248
5398331392
5398593536
5398855680
5399117824
5399379968
5399642112
5399904256
5400166400
5400428544
5400690688
5400952832
5401214976
5401477120
5401739264
5402001408
5402263552
5402525696
5402787840
5403049984
5403312128
5403574272
5403836416
5404098560
5404360704
5404622848
5404884992
5405147136
5405409280
5405671424
5405933568
5406195712
5406457856
5406720000
5406982144
5407244288
5407506432
5407768576
5408030720
5408292864
5408555008
5408817152
5409079296
5409341440
5409603584
5409865728
5410127872
5410390016
5410652160
5410914304
5411176448
5411438592
5411700736
5411962880
5412225024
5412487168
5412749312
5413011456
5413273600
5413535744
5413797888
5414060032
5414322176
5414584320
5414846464
5415108608
5415370752
5415632896
5415895040
5416157184
5416419328
5416681472
5416943616
5417205760
5417467904
5417730048
5417992192
5418254336
5418516480
5418778624
5419040768
5419302912
5419565056
5419827200
5420089344
5420351488
5420613632
5420875776
5421137920
5421400064
5421662208
5421924352
5422186496
5422448640
5422710784
5422972928
5423235072
5423497216
5423759360
5424021504
5424283648
5424545792
5424807936
5425070080
5425332224
5425594368
5425856512
5426118656
5426380800
5426642944
5426905088
5427167232
5427429376
5427691520
5427953664
5428215808
5428477952
5428740096
5429002240
5429264384
5429526528
5429788672
5430050816
5430312960
5430575104
5430837248
5431099392
5431361536
5431623680
5431885824
5432147968
5432410112
5432672256
5432934400
5433196544
5433458688
5433720832
5433982976
5434245120
5434507264
5434769408
5435031552
5435293696
5435555840
5435817984
5436080128
5436342272
5436604416
5436866560
5437128704
5437390848
5437652992
5437915136
5438177280
5438439424
5438701568
5438963712
5439225856
5439488000
5439750144
5440012288
5440274432
5440536576
5440798720
5441060864
5441323008
5441585152
5441847296
5442109440
5442371584
5442633728
5442895872
5443158016
5443420160
5443682304
5443944448
5444206592
5444468736
5444730880
5444993024
5445255168
5445517312
5445779456
5446041600
5446303744
5446565888
5446828032
5447090176
5447352320
5447614464
5447876608
5448138752
5448400896
5448663040
5448925184
5449187328
5449449472
5449711616
5449973760
5450235904
5450498048
5450760192
5451022336
5451284480
5451546624
5451808768
5452070912
5452333056
5452595200
5452857344
5453119488
5453381632
5453643776
5453905920
5454168064
5454430208
5454692352
5454954496
5455216640
5455478784
5455740928
5456003072
5456265216
5456527360
5456789504
5457051648
5457313792
5457575936
5457838080
5458100224
5458362368
5458624512
5458886656
5459148800
5459410944
5459673088
5459935232
5460197376
5460459520
5460721664
5460983808
5461245952
5461508096
5461770240
5462032384
5462294528
5462556672
5462818816
5463080960
5463343104
5463605248
5463867392
5464129536
5464391680
5464653824
5464915968
5465178112
5465440256
5465702400
5465964544
5466226688
5466488832
5466750976
5467013120
5467275264
5467537408
5467799552
5468061696
5468323840
5468585984
5468848128
5469110272
5469372416
5469634560
5469896704
5470158848
5470420992
5470683136
5470945280
5471207424
5471469568
5471731712
5471993856
5472256000
5472518144
5472780288
5473042432
5473304576
5473566720
5473828864
5474091008
5474353152
5474615296
5474877440
5475139584
5475401728
5475663872
5475926016
5476188160
5476450304
5476712448
5476974592
5477236736
5477498880
5477761024
5478023168
5478285312
5478547456
5478809600
5479071744
5479333888
5479596032
5479858176
5480120320
5480382464
5480644608
5480906752
5481168896
5481431040
5481693184
5481955328
5482217472
5482479616
5482741760
5483003904
5483266048
5483528192
5483790336
5484052480
5484314624
5484576768
5484838912
5485101056
5485363200
5485625344
5485887488
5486149632
5486411776
5486673920
5486936064
5487198208
5487460352
5487722496
5487984640
5488246784
5488508928
5488771072
5489033216
5489295360
5489557504
5489819648
5490081792
5490343936
5490606080
5490868224
5491130368
5491392512
5491654656
5491916800
5492178944
5492441088
5492703232
5492965376
5493227520
5493489664
5493751808
5494013952
5494276096
5494538240
5494800384
5495062528
5495324672
5495586816
5495848960
5496111104
5496373248
5496635392
5496897536
5497159680
5497421824
5497683968
5497946112
5498208256
5498470400
5498732544
5498994688
5499256832
5499518976
5499781120
5500043264
5500305408
5500567552
5500829696
5501091840
5501353984
5501616128
5501878272
5502140416
5502402560
5502664704
5502926848
5503188992
5503451136
5503713280
5503975424
5504237568
5504499712
5504761856
5505024000
5505286144
5505548288
5505810432
5506072576
5506334720
5506596864
5506859008
5507121152
5507383296
5507645440
5507907584
5508169728
5508431872
5508694016
5508956160
5509218304
5509480448
5509742592
5510004736
5510266880
5510529024
5510791168
5511053312
5511315456
5511577600
5511839744
5512101888
5512364032
5512626176
5512888320
5513150464
5513412608
5513674752
5513936896
5514199040
5514461184
5514723328
5514985472
5515247616
5515509760
5515771904
5516034048
5516296192
5516558336
5516820480
5517082624
5517344768
5517606912
5517869056
5518131200
5518393344
5518655488
5518917632
5519179776
5519441920
5519704064
5519966208
5520228352
5520490496
5520752640
5521014784
5521276928
5521539072
5521801216
5522063360
5522325504
5522587648
5522849792
5523111936
5523374080
5523636224
5523898368
5524160512
5524422656
5524684800
5524946944
5525209088
5525471232
5525733376
5525995520
5526257664
5526519808
5526781952
5527044096
5527306240
5527568384
5527830528
5528092672
5528354816
5528616960
5528879104
5529141248
5529403392
5529665536
5529927680
5530189824
5530451968
5530714112
5530976256
5531238400
5531500544
5531762688
5532024832
5532286976
5532549120
5532811264
5533073408
5533335552
5533597696
5533859840
5534121984
5534384128
5534646272
5534908416
5535170560
5535432704
5535694848
5535956992
5536219136
5536481280
5536743424
5537005568
5537267712
5537529856
5537792000
5538054144
5538316288
5538578432
5538840576
5539102720
5539364864
5539627008
5539889152
5540151296
5540413440
5540675584
5540937728
5541199872
5541462016
5541724160
5541986304
5542248448
5542510592
5542772736
5543034880
5543297024
5543559168
5543821312
5544083456
5544345600
5544607744
5544869888
5545132032
5545394176
5545656320
5545918464
5546180608
5546442752
5546704896
5546967040
5547229184
5547491328
5547753472
5548015616
5548277760
5548539904
5548802048
5549064192
5549326336
5549588480
5549850624
5550112768
5550374912
5550637056
5550899200
5551161344
5551423488
5551685632
5551947776
5552209920
5552472064
5552734208
5552996352
5553258496
5553520640
5553782784
5554044928
5554307072
5554569216
5554831360
5555093504
5555355648
5555617792
5555879936
5556142080
5556404224
5556666368
5556928512
5557190656
5557452800
5557714944
5557977088
5558239232
5558501376
5558763520
5559025664
5559287808
5559549952
5559812096
5560074240
5560336384
5560598528
5560860672
5561122816
5561384960
5561647104
5561909248
5562171392
5562433536
5562695680
5562957824
5563219968
5563482112
5563744256
5564006400
5564268544
5564530688
5564792832
5565054976
5565317120
5565579264
5565841408
5566103552
5566365696
5566627840
5566889984
5567152128
5567414272
5567676416
5567938560
5568200704
5568462848
5568724992
5568987136
5569249280
5569511424
5569773568
5570035712
5570297856
5570560000
5570822144
5571084288
5571346432
5571608576
5571870720
5572132864
5572395008
5572657152
5572919296
5573181440
5573443584
5573705728
5573967872
5574230016
5574492160
5574754304
5575016448
5575278592
5575540736
5575802880
5576065024
5576327168
5576589312
5576851456
5577113600
5577375744
5577637888
5577900032
5578162176
5578424320
5578686464
5578948608
5579210752
5579472896
5579735040
5579997184
5580259328
5580521472
5580783616
5581045760
5581307904
5581570048
5581832192
5582094336
5582356480
5582618624
5582880768
5583142912
5583405056
5583667200
5583929344
5584191488
5584453632
5584715776
5584977920
5585240064
5585502208
5585764352
5586026496
5586288640
5586550784
5586812928
5587075072
5587337216
5587599360
5587861504
5588123648
5588385792
5588647936
5588910080
5589172224
5589434368
5589696512
5589958656
5590220800
5590482944
5590745088
5591007232
5591269376
5591531520
5591793664
5592055808
5592317952
5592580096
5592842240
5593104384
5593366528
5593628672
5593890816
5594152960
5594415104
5594677248
5594939392
5595201536
5595463680
5595725824
5595987968
5596250112
5596512256
5596774400
5597036544
5597298688
5597560832
5597822976
5598085120
5598347264
5598609408
5598871552
5599133696
5599395840
5599657984
5599920128
5600182272
5600444416
5600706560
5600968704
5601230848
5601492992
5601755136
5602017280
5602279424
5602541568
5602803712
5603065856
5603328000
5603590144
5603852288
5604114432
5604376576
5604638720
5604900864
5605163008
5605425152
5605687296
5605949440
5606211584
5606473728
5606735872
5606998016
5607260160
5607522304
5607784448
5608046592
5608308736
5608570880
5608833024
5609095168
5609357312
5609619456
5609881600
5610143744
5610405888
5610668032
5610930176
5611192320
5611454464
5611716608
5611978752
5612240896
5612503040
5612765184
5613027328
5613289472
5613551616
5613813760
5614075904
5614338048
5614600192
5614862336
5615124480
5615386624
5615648768
5615910912
5616173056
5616435200
5616697344
5616959488
5617221632
5617483776
5617745920
5618008064
5618270208
5618532352
5618794496
5619056640
5619318784
5619580928
5619843072
5620105216
5620367360
5620629504
5620891648
5621153792
5621415936
5621678080
5621940224
5622202368
5622464512
5622726656
5622988800
5623250944
5623513088
5623775232
5624037376
5624299520
5624561664
5624823808
5625085952
5625348096
5625610240
5625872384
5626134528
5626396672
5626658816
5626920960
5627183104
5627445248
5627707392
5627969536
5628231680
5628493824
5628755968
5629018112
5629280256
5629542400
5629804544
5630066688
5630328832
5630590976
5630853120
5631115264
5631377408
5631639552
5631901696
5632163840
5632425984
5632688128
5632950272
5633212416
5633474560
5633736704
5633998848
5634260992
5634523136
5634785280
5635047424
5635309568
5635571712
5635833856
5636096000
5636358144
5636620288
5636882432
5637144576
5637406720
5637668864
5637931008
5638193152
5638455296
5638717440
5638979584
5639241728
5639503872
5639766016
5640028160
5640290304
5640552448
5640814592
5641076736
5641338880
5641601024
5641863168
5642125312
5642387456
5642649600
5642911744
5643173888
5643436032
5643698176
5643960320
5644222464
5644484608
5644746752
5645008896
5645271040
5645533184
5645795328
5646057472
5646319616
5646581760
5646843904
5647106048
5647368192
5647630336
5647892480
5648154624
5648416768
5648678912
5648941056
5649203200
5649465344
5649727488
5649989632
5650251776
5650513920
5650776064
5651038208
5651300352
5651562496
5651824640
5652086784
5652348928
5652611072
5652873216
5653135360
5653397504
5653659648
5653921792
5654183936
5654446080
5654708224
5654970368
5655232512
5655494656
5655756800
5656018944
5656281088
5656543232
5656805376
5657067520
5657329664
5657591808
5657853952
5658116096
5658378240
5658640384
5658902528
5659164672
5659426816
5659688960
5659951104
5660213248
5660475392
5660737536
5660999680
5661261824
5661523968
5661786112
5662048256
5662310400
5662572544
5662834688
5663096832
5663358976
5663621120
5663883264
5664145408
5664407552
5664669696
5664931840
5665193984
5665456128
5665718272
5665980416
5666242560
5666504704
5666766848
5667028992
5667291136
5667553280
5667815424
5668077568
5668339712
5668601856
5668864000
5669126144
5669388288
5669650432
5669912576
5670174720
5670436864
5670699008
5670961152
5671223296
5671485440
5671747584
5672009728
5672271872
5672534016
5672796160
5673058304
5673320448
5673582592
5673844736
5674106880
5674369024
5674631168
5674893312
5675155456
5675417600
5675679744
5675941888
5676204032
5676466176
5676728320
5676990464
5677252608
5677514752
5677776896
5678039040
5678301184
5678563328
5678825472
5679087616
5679349760
5679611904
5679874048
5680136192
5680398336
5680660480
5680922624
5681184768
5681446912
5681709056
5681971200
5682233344
5682495488
5682757632
5683019776
5683281920
5683544064
5683806208
5684068352
5684330496
5684592640
5684854784
5685116928
5685379072
5685641216
5685903360
5686165504
5686427648
5686689792
5686951936
5687214080
5687476224
5687738368
5688000512
5688262656
5688524800
5688786944
5689049088
5689311232
5689573376
5689835520
5690097664
5690359808
5690621952
5690884096
5691146240
5691408384
5691670528
5691932672
5692194816
5692456960
5692719104
5692981248
5693243392
5693505536
5693767680
5694029824
5694291968
5694554112
5694816256
5695078400
5695340544
5695602688
5695864832
5696126976
5696389120
5696651264
5696913408
5697175552
5697437696
5697699840
5697961984
5698224128
5698486272
5698748416
5699010560
5699272704
5699534848
5699796992
5700059136
5700321280
5700583424
5700845568
5701107712
5701369856
5701632000
5701894144
5702156288
5702418432
5702680576
5702942720
5703204864
5703467008
5703729152
5703991296
5704253440
5704515584
5704777728
5705039872
5705302016
5705564160
5705826304
5706088448
5706350592
5706612736
5706874880
5707137024
5707399168
5707661312
5707923456
5708185600
5708447744
5708709888
5708972032
5709234176
5709496320
5709758464
5710020608
5710282752
5710544896
5710807040
5711069184
5711331328
5711593472
5711855616
5712117760
5712379904
5712642048
5712904192
5713166336
5713428480
5713690624
5713952768
5714214912
5714477056
5714739200
5715001344
5715263488
5715525632
5715787776
5716049920
5716312064
5716574208
5716836352
5717098496
5717360640
5717622784
5717884928
5718147072
5718409216
5718671360
5718933504
5719195648
5719457792
5719719936
5719982080
5720244224
5720506368
5720768512
5721030656
5721292800
5721554944
5721817088
5722079232
5722341376
5722603520
5722865664
5723127808
5723389952
5723652096
5723914240
5724176384
5724438528
5724700672
5724962816
5725224960
5725487104
5725749248
5726011392
5726273536
5726535680
5726797824
5727059968
5727322112
5727584256
5727846400
5728108544
5728370688
5728632832
5728894976
5729157120
5729419264
5729681408
5729943552
5730205696
5730467840
5730729984
5730992128
5731254272
5731516416
5731778560
5732040704
5732302848
5732564992
5732827136
5733089280
5733351424
5733613568
5733875712
5734137856
5734400000
5734662144
5734924288
5735186432
5735448576
5735710720
5735972864
5736235008
5736497152
5736759296
5737021440
5737283584
5737545728
5737807872
5738070016
5738332160
5738594304
5738856448
5739118592
5739380736
5739642880
5739905024
5740167168
5740429312
5740691456
5740953600
5741215744
5741477888
5741740032
5742002176
5742264320
5742526464
5742788608
5743050752
5743312896
5743575040
5743837184
5744099328
5744361472
5744623616
5744885760
5745147904
5745410048
5745672192
5745934336
5746196480
5746458624
5746720768
5746982912
5747245056
5747507200
5747769344
5748031488
5748293632
5748555776
5748817920
5749080064
5749342208
5749604352
5749866496
5750128640
5750390784
5750652928
5750915072
5751177216
5751439360
5751701504
5751963648
5752225792
5752487936
5752750080
5753012224
5753274368
5753536512
5753798656
5754060800
5754322944
5754585088
5754847232
5755109376
5755371520
5755633664
5755895808
5756157952
5756420096
5756682240
5756944384
5757206528
5757468672
5757730816
5757992960
5758255104
5758517248
5758779392
5759041536
5759303680
5759565824
5759827968
5760090112
5760352256
5760614400
5760876544
5761138688
5761400832
5761662976
5761925120
5762187264
5762449408
5762711552
5762973696
5763235840
5763497984
5763760128
5764022272
5764284416
5764546560
5764808704
5765070848
5765332992
5765595136
5765857280
5766119424
5766381568
5766643712
5766905856
5767168000
5767430144
5767692288
5767954432
5768216576
5768478720
5768740864
5769003008
5769265152
5769527296
5769789440
5770051584
5770313728
5770575872
5770838016
5771100160
5771362304
5771624448
5771886592
5772148736
5772410880
5772673024
5772935168
5773197312
5773459456
5773721600
5773983744
5774245888
5774508032
5774770176
5775032320
5775294464
5775556608
5775818752
5776080896
5776343040
5776605184
5776867328
5777129472
5777391616
5777653760
5777915904
5778178048
5778440192
5778702336
5778964480
5779226624
5779488768
5779750912
5780013056
5780275200
5780537344
5780799488
5781061632
5781323776
5781585920
5781848064
5782110208
5782372352
5782634496
5782896640
5783158784
5783420928
5783683072
5783945216
5784207360
5784469504
5784731648
5784993792
5785255936
5785518080
5785780224
5786042368
5786304512
5786566656
5786828800
5787090944
5787353088
5787615232
5787877376
5788139520
5788401664
5788663808
5788925952
5789188096
5789450240
5789712384
5789974528
5790236672
5790498816
5790760960
5791023104
5791285248
5791547392
5791809536
5792071680
5792333824
5792595968
5792858112
5793120256
5793382400
5793644544
5793906688
5794168832
5794430976
5794693120
5794955264
5795217408
5795479552
5795741696
5796003840
5796265984
5796528128
5796790272
5797052416
5797314560
5797576704
5797838848
5798100992
5798363136
5798625280
5798887424
5799149568
5799411712
5799673856
5799936000
5800198144
5800460288
5800722432
5800984576
5801246720
5801508864
5801771008
5802033152
5802295296
5802557440
5802819584
5803081728
5803343872
5803606016
5803868160
5804130304
5804392448
5804654592
5804916736
5805178880
5805441024
5805703168
5805965312
5806227456
5806489600
5806751744
5807013888
5807276032
5807538176
5807800320
5808062464
5808324608
5808586752
5808848896
5809111040
5809373184
5809635328
5809897472
5810159616
5810421760
5810683904
5810946048
5811208192
5811470336
5811732480
5811994624
5812256768
5812518912
5812781056
5813043200
5813305344
5813567488
5813829632
5814091776
5814353920
5814616064
5814878208
5815140352
5815402496
5815664640
5815926784
5816188928
5816451072
5816713216
5816975360
5817237504
5817499648
5817761792
5818023936
5818286080
5818548224
5818810368
5819072512
5819334656
5819596800
5819858944
5820121088
5820383232
5820645376
5820907520
5821169664
5821431808
5821693952
5821956096
5822218240
5822480384
5822742528
5823004672
5823266816
5823528960
5823791104
5824053248
5824315392
5824577536
5824839680
5825101824
5825363968
5825626112
5825888256
5826150400
5826412544
5826674688
5826936832
5827198976
5827461120
5827723264
5827985408
5828247552
5828509696
5828771840
5829033984
5829296128
5829558272
5829820416
5830082560
5830344704
5830606848
5830868992
5831131136
5831393280
5831655424
5831917568
5832179712
5832441856
5832704000
5832966144
5833228288
5833490432
5833752576
5834014720
5834276864
5834539008
5834801152
5835063296
5835325440
5835587584
5835849728
5836111872
5836374016
5836636160
5836898304
5837160448
5837422592
5837684736
5837946880
5838209024
5838471168
5838733312
5838995456
5839257600
5839519744
5839781888
5840044032
5840306176
5840568320
5840830464
5841092608
5841354752
5841616896
5841879040
5842141184
5842403328
5842665472
5842927616
5843189760
5843451904
5843714048
5843976192
5844238336
5844500480
5844762624
5845024768
5845286912
5845549056
5845811200
5846073344
5846335488
5846597632
5846859776
5847121920
5847384064
5847646208
5847908352
5848170496
5848432640
5848694784
5848956928
5849219072
5849481216
5849743360
5850005504
5850267648
5850529792
5850791936
5851054080
5851316224
5851578368
5851840512
5852102656
5852364800
5852626944
5852889088
5853151232
5853413376
5853675520
5853937664
5854199808
5854461952
5854724096
5854986240
5855248384
5855510528
5855772672
5856034816
5856296960
5856559104
5856821248
5857083392
5857345536
5857607680
5857869824
5858131968
5858394112
5858656256
5858918400
5859180544
5859442688
5859704832
5859966976
5860229120
5860491264
5860753408
5861015552
5861277696
5861539840
5861801984
5862064128
5862326272
5862588416
5862850560
5863112704
5863374848
5863636992
5863899136
5864161280
5864423424
5864685568
5864947712
5865209856
5865472000
5865734144
5865996288
5866258432
5866520576
5866782720
5867044864
5867307008
5867569152
5867831296
5868093440
5868355584
5868617728
5868879872
5869142016
5869404160
5869666304
5869928448
5870190592
5870452736
5870714880
5870977024
5871239168
5871501312
5871763456
5872025600
5872287744
5872549888
5872812032
5873074176
5873336320
5873598464
5873860608
5874122752
5874384896
5874647040
5874909184
5875171328
5875433472
5875695616
5875957760
5876219904
5876482048
5876744192
5877006336
5877268480
5877530624
5877792768
5878054912
5878317056
5878579200
5878841344
5879103488
5879365632
5879627776
5879889920
5880152064
5880414208
5880676352
5880938496
5881200640
5881462784
5881724928
5881987072
5882249216
5882511360
5882773504
5883035648
5883297792
5883559936
5883822080
5884084224
5884346368
5884608512
5884870656
5885132800
5885394944
5885657088
5885919232
5886181376
5886443520
5886705664
5886967808
5887229952
5887492096
5887754240
5888016384
5888278528
5888540672
5888802816
5889064960
5889327104
5889589248
5889851392
5890113536
5890375680
5890637824
5890899968
5891162112
5891424256
5891686400
5891948544
5892210688
5892472832
5892734976
5892997120
5893259264
5893521408
5893783552
5894045696
5894307840
5894569984
5894832128
5895094272
5895356416
5895618560
5895880704
5896142848
5896404992
5896667136
5896929280
5897191424
5897453568
5897715712
5897977856
5898240000
5898502144
5898764288
5899026432
5899288576
5899550720
5899812864
5900075008
5900337152
5900599296
5900861440
5901123584
5901385728
5901647872
5901910016
5902172160
5902434304
5902696448
5902958592
5903220736
5903482880
5903745024
5904007168
5904269312
5904531456
5904793600
5905055744
5905317888
5905580032
5905842176
5906104320
5906366464
5906628608
5906890752
5907152896
5907415040
5907677184
5907939328
5908201472
5908463616
5908725760
5908987904
5909250048
5909512192
5909774336
5910036480
5910298624
5910560768
5910822912
5911085056
5911347200
5911609344
5911871488
5912133632
5912395776
5912657920
5912920064
5913182208
5913444352
5913706496
5913968640
5914230784
5914492928
5914755072
5915017216
5915279360
5915541504
5915803648
5916065792
5916327936
5916590080
5916852224
5917114368
5917376512
5917638656
5917900800
5918162944
5918425088
5918687232
5918949376
5919211520
5919473664
5919735808
5919997952
5920260096
5920522240
5920784384
5921046528
5921308672
5921570816
5921832960
5922095104
5922357248
5922619392
5922881536
5923143680
5923405824
5923667968
5923930112
5924192256
5924454400
5924716544
5924978688
5925240832
5925502976
5925765120
5926027264
5926289408
5926551552
5926813696
5927075840
5927337984
5927600128
5927862272
5928124416
5928386560
5928648704
5928910848
5929172992
5929435136
5929697280
5929959424
5930221568
5930483712
5930745856
5931008000
5931270144
5931532288
5931794432
5932056576
5932318720
5932580864
5932843008
5933105152
5933367296
5933629440
5933891584
5934153728
5934415872
5934678016
5934940160
5935202304
5935464448
5935726592
5935988736
5936250880
5936513024
5936775168
5937037312
5937299456
5937561600
5937823744
5938085888
5938348032
5938610176
5938872320
5939134464
5939396608
5939658752
5939920896
5940183040
5940445184
5940707328
5940969472
5941231616
5941493760
5941755904
5942018048
5942280192
5942542336
5942804480
5943066624
5943328768
5943590912
5943853056
5944115200
5944377344
5944639488
5944901632
5945163776
5945425920
5945688064
5945950208
5946212352
5946474496
5946736640
5946998784
5947260928
5947523072
5947785216
5948047360
5948309504
5948571648
5948833792
5949095936
5949358080
5949620224
5949882368
5950144512
5950406656
5950668800
5950930944
5951193088
5951455232
5951717376
5951979520
5952241664
5952503808
5952765952
5953028096
5953290240
5953552384
5953814528
5954076672
5954338816
5954600960
5954863104
5955125248
5955387392
5955649536
5955911680
5956173824
5956435968
5956698112
5956960256
5957222400
5957484544
5957746688
5958008832
5958270976
5958533120
5958795264
5959057408
5959319552
5959581696
5959843840
5960105984
5960368128
5960630272
5960892416
5961154560
5961416704
5961678848
5961940992
5962203136
5962465280
5962727424
5962989568
5963251712
5963513856
5963776000
5964038144
5964300288
5964562432
5964824576
5965086720
5965348864
5965611008
5965873152
5966135296
5966397440
5966659584
5966921728
5967183872
5967446016
5967708160
5967970304
5968232448
5968494592
5968756736
5969018880
5969281024
5969543168
5969805312
5970067456
5970329600
5970591744
5970853888
5971116032
5971378176
5971640320
5971902464
5972164608
5972426752
5972688896
5972951040
5973213184
5973475328
5973737472
5973999616
5974261760
5974523904
5974786048
5975048192
5975310336
5975572480
5975834624
5976096768
5976358912
5976621056
5976883200
5977145344
5977407488
5977669632
5977931776
5978193920
5978456064
5978718208
5978980352
5979242496
5979504640
5979766784
5980028928
5980291072
5980553216
5980815360
5981077504
5981339648
5981601792
5981863936
5982126080
5982388224
5982650368
5982912512
5983174656
5983436800
5983698944
5983961088
5984223232
5984485376
5984747520
5985009664
5985271808
5985533952
5985796096
5986058240
5986320384
5986582528
5986844672
5987106816
5987368960
5987631104
5987893248
5988155392
5988417536
5988679680
5988941824
5989203968
5989466112
5989728256
5989990400
5990252544
5990514688
5990776832
5991038976
5991301120
5991563264
5991825408
5992087552
5992349696
5992611840
5992873984
5993136128
5993398272
5993660416
5993922560
5994184704
5994446848
5994708992
5994971136
5995233280
5995495424
5995757568
5996019712
5996281856
5996544000
5996806144
5997068288
5997330432
5997592576
5997854720
5998116864
5998379008
5998641152
5998903296
5999165440
5999427584
5999689728
5999951872
6000214016
6000476160
6000738304
6001000448
6001262592
6001524736
6001786880
6002049024
6002311168
6002573312
6002835456
6003097600
6003359744
6003621888
6003884032
6004146176
6004408320
6004670464
6004932608
6005194752
6005456896
6005719040
6005981184
6006243328
6006505472
6006767616
6007029760
6007291904
6007554048
6007816192
6008078336
6008340480
6008602624
6008864768
6009126912
6009389056
6009651200
6009913344
6010175488
6010437632
6010699776
6010961920
6011224064
6011486208
6011748352
6012010496
6012272640
6012534784
6012796928
6013059072
6013321216
6013583360
6013845504
6014107648
6014369792
6014631936
6014894080
6015156224
6015418368
6015680512
6015942656
6016204800
6016466944
6016729088
6016991232
6017253376
6017515520
6017777664
6018039808
6018301952
6018564096
6018826240
6019088384
6019350528
6019612672
6019874816
6020136960
6020399104
6020661248
6020923392
6021185536
6021447680
6021709824
6021971968
6022234112
6022496256
6022758400
6023020544
6023282688
6023544832
6023806976
6024069120
6024331264
6024593408
6024855552
6025117696
6025379840
6025641984
6025904128
6026166272
6026428416
6026690560
6026952704
6027214848
6027476992
6027739136
6028001280
6028263424
6028525568
6028787712
6029049856
6029312000
6029574144
6029836288
6030098432
6030360576
6030622720
6030884864
6031147008
6031409152
6031671296
6031933440
6032195584
6032457728
6032719872
6032982016
6033244160
6033506304
6033768448
6034030592
6034292736
6034554880
6034817024
6035079168
6035341312
6035603456
6035865600
6036127744
6036389888
6036652032
6036914176
6037176320
6037438464
6037700608
6037962752
6038224896
6038487040
6038749184
6039011328
6039273472
6039535616
6039797760
6040059904
6040322048
6040584192
6040846336
6041108480
6041370624
6041632768
6041894912
6042157056
6042419200
6042681344
6042943488
6043205632
6043467776
6043729920
6043992064
6044254208
6044516352
6044778496
6045040640
6045302784
6045564928
6045827072
6046089216
6046351360
6046613504
6046875648
6047137792
6047399936
6047662080
6047924224
6048186368
6048448512
6048710656
6048972800
6049234944
6049497088
6049759232
6050021376
6050283520
6050545664
6050807808
6051069952
6051332096
6051594240
6051856384
6052118528
6052380672
6052642816
6052904960
6053167104
6053429248
6053691392
6053953536
6054215680
6054477824
6054739968
6055002112
6055264256
6055526400
6055788544
6056050688
6056312832
6056574976
6056837120
6057099264
6057361408
6057623552
6057885696
6058147840
6058409984
6058672128
6058934272
6059196416
6059458560
6059720704
6059982848
6060244992
6060507136
6060769280
6061031424
6061293568
6061555712
6061817856
6062080000
6062342144
6062604288
6062866432
6063128576
6063390720
6063652864
6063915008
6064177152
6064439296
6064701440
6064963584
6065225728
6065487872
6065750016
6066012160
6066274304
6066536448
6066798592
6067060736
6067322880
6067585024
6067847168
6068109312
6068371456
6068633600
6068895744
6069157888
6069420032
6069682176
6069944320
6070206464
6070468608
6070730752
6070992896
6071255040
6071517184
6071779328
6072041472
6072303616
6072565760
6072827904
6073090048
6073352192
6073614336
6073876480
6074138624
6074400768
6074662912
6074925056
6075187200
6075449344
6075711488
6075973632
6076235776
6076497920
6076760064
6077022208
6077284352
6077546496
6077808640
6078070784
6078332928
6078595072
6078857216
6079119360
6079381504
6079643648
6079905792
6080167936
6080430080
6080692224
6080954368
6081216512
6081478656
6081740800
6082002944
6082265088
6082527232
6082789376
6083051520
6083313664
6083575808
6083837952
6084100096
6084362240
6084624384
6084886528
6085148672
6085410816
6085672960
6085935104
6086197248
6086459392
6086721536
6086983680
6087245824
6087507968
6087770112
6088032256
6088294400
6088556544
6088818688
6089080832
6089342976
6089605120
6089867264
6090129408
6090391552
6090653696
6090915840
6091177984
6091440128
6091702272
6091964416
6092226560
6092488704
6092750848
6093012992
6093275136
6093537280
6093799424
6094061568
6094323712
6094585856
6094848000
6095110144
6095372288
6095634432
6095896576
6096158720
6096420864
6096683008
6096945152
6097207296
6097469440
6097731584
6097993728
6098255872
6098518016
6098780160
6099042304
6099304448
6099566592
6099828736
6100090880
6100353024
6100615168
6100877312
6101139456
6101401600
6101663744
6101925888
6102188032
6102450176
6102712320
6102974464
6103236608
6103498752
6103760896
6104023040
6104285184
6104547328
6104809472
6105071616
6105333760
6105595904
6105858048
6106120192
6106382336
6106644480
6106906624
6107168768
6107430912
6107693056
6107955200
6108217344
6108479488
6108741632
6109003776
6109265920
6109528064
6109790208
6110052352
6110314496
6110576640
6110838784
6111100928
6111363072
6111625216
6111887360
6112149504
6112411648
6112673792
6112935936
6113198080
6113460224
6113722368
6113984512
6114246656
6114508800
6114770944
6115033088
6115295232
6115557376
6115819520
6116081664
6116343808
6116605952
6116868096
6117130240
6117392384
6117654528
6117916672
6118178816
6118440960
6118703104
6118965248
6119227392
6119489536
6119751680
6120013824
6120275968
6120538112
6120800256
6121062400
6121324544
6121586688
6121848832
6122110976
6122373120
6122635264
6122897408
6123159552
6123421696
6123683840
6123945984
6124208128
6124470272
6124732416
6124994560
6125256704
6125518848
6125780992
6126043136
6126305280
6126567424
6126829568
6127091712
6127353856
6127616000
6127878144
6128140288
6128402432
6128664576
6128926720
6129188864
6129451008
6129713152
6129975296
6130237440
6130499584
6130761728
6131023872
6131286016
6131548160
6131810304
6132072448
6132334592
6132596736
6132858880
6133121024
6133383168
6133645312
6133907456
6134169600
6134431744
6134693888
6134956032
6135218176
6135480320
6135742464
6136004608
6136266752
6136528896
6136791040
6137053184
6137315328
6137577472
6137839616
6138101760
6138363904
6138626048
6138888192
6139150336
6139412480
6139674624
6139936768
6140198912
6140461056
6140723200
6140985344
6141247488
6141509632
6141771776
6142033920
6142296064
6142558208
6142820352
6143082496
6143344640
6143606784
6143868928
6144131072
6144393216
6144655360
6144917504
6145179648
6145441792
6145703936
6145966080
6146228224
6146490368
6146752512
6147014656
6147276800
6147538944
6147801088
6148063232
6148325376
6148587520
6148849664
6149111808
6149373952
6149636096
6149898240
6150160384
6150422528
6150684672
6150946816
6151208960
6151471104
6151733248
6151995392
6152257536
6152519680
6152781824
6153043968
6153306112
6153568256
6153830400
6154092544
6154354688
6154616832
6154878976
6155141120
6155403264
6155665408
6155927552
6156189696
6156451840
6156713984
6156976128
6157238272
6157500416
6157762560
6158024704
6158286848
6158548992
6158811136
6159073280
6159335424
6159597568
6159859712
6160121856
6160384000
6160646144
6160908288
6161170432
6161432576
6161694720
6161956864
6162219008
6162481152
6162743296
6163005440
6163267584
6163529728
6163791872
6164054016
6164316160
6164578304
6164840448
6165102592
6165364736
6165626880
6165889024
6166151168
6166413312
6166675456
6166937600
6167199744
6167461888
6167724032
6167986176
6168248320
6168510464
6168772608
6169034752
6169296896
6169559040
6169821184
6170083328
6170345472
6170607616
6170869760
6171131904
6171394048
6171656192
6171918336
6172180480
6172442624
6172704768
6172966912
6173229056
6173491200
6173753344
6174015488
6174277632
6174539776
6174801920
6175064064
6175326208
6175588352
6175850496
6176112640
6176374784
6176636928
6176899072
6177161216
6177423360
6177685504
6177947648
6178209792
6178471936
6178734080
6178996224
6179258368
6179520512
6179782656
6180044800
6180306944
6180569088
6180831232
6181093376
6181355520
6181617664
6181879808
6182141952
6182404096
6182666240
6182928384
6183190528
6183452672
6183714816
6183976960
6184239104
6184501248
6184763392
6185025536
6185287680
6185549824
6185811968
6186074112
6186336256
6186598400
6186860544
6187122688
6187384832
6187646976
6187909120
6188171264
6188433408
6188695552
6188957696
6189219840
6189481984
6189744128
6190006272
6190268416
6190530560
6190792704
6191054848
6191316992
6191579136
6191841280
6192103424
6192365568
6192627712
6192889856
6193152000
6193414144
6193676288
6193938432
6194200576
6194462720
6194724864
6194987008
6195249152
6195511296
6195773440
6196035584
6196297728
6196559872
6196822016
6197084160
6197346304
6197608448
6197870592
6198132736
6198394880
6198657024
6198919168
6199181312
6199443456
6199705600
6199967744
6200229888
6200492032
6200754176
6201016320
6201278464
6201540608
6201802752
6202064896
6202327040
6202589184
6202851328
6203113472
6203375616
6203637760
6203899904
6204162048
6204424192
6204686336
6204948480
6205210624
6205472768
6205734912
6205997056
6206259200
6206521344
6206783488
6207045632
6207307776
6207569920
6207832064
6208094208
6208356352
6208618496
6208880640
6209142784
6209404928
6209667072
6209929216
6210191360
6210453504
6210715648
6210977792
6211239936
6211502080
6211764224
6212026368
6212288512
6212550656
6212812800
6213074944
6213337088
6213599232
6213861376
6214123520
6214385664
6214647808
6214909952
6215172096
6215434240
6215696384
6215958528
6216220672
6216482816
6216744960
6217007104
6217269248
6217531392
6217793536
6218055680
6218317824
6218579968
6218842112
6219104256
6219366400
6219628544
6219890688
6220152832
6220414976
6220677120
6220939264
6221201408
6221463552
6221725696
6221987840
6222249984
6222512128
6222774272
6223036416
6223298560
6223560704
6223822848
6224084992
6224347136
6224609280
6224871424
6225133568
6225395712
6225657856
6225920000
6226182144
6226444288
6226706432
6226968576
6227230720
6227492864
6227755008
6228017152
6228279296
6228541440
6228803584
6229065728
6229327872
6229590016
6229852160
6230114304
6230376448
6230638592
6230900736
6231162880
6231425024
6231687168
6231949312
6232211456
6232473600
6232735744
6232997888
6233260032
6233522176
6233784320
6234046464
6234308608
6234570752
6234832896
6235095040
6235357184
6235619328
6235881472
6236143616
6236405760
6236667904
6236930048
6237192192
6237454336
6237716480
6237978624
6238240768
6238502912
6238765056
6239027200
6239289344
6239551488
6239813632
6240075776
6240337920
6240600064
6240862208
6241124352
6241386496
6241648640
6241910784
6242172928
6242435072
6242697216
6242959360
6243221504
6243483648
6243745792
6244007936
6244270080
6244532224
6244794368
6245056512
6245318656
6245580800
6245842944
6246105088
6246367232
6246629376
6246891520
6247153664
6247415808
6247677952
6247940096
6248202240
6248464384
6248726528
6248988672
6249250816
6249512960
6249775104
6250037248
6250299392
6250561536
6250823680
6251085824
6251347968
6251610112
6251872256
6252134400
6252396544
6252658688
6252920832
6253182976
6253445120
6253707264
6253969408
6254231552
6254493696
6254755840
6255017984
6255280128
6255542272
6255804416
6256066560
6256328704
6256590848
6256852992
6257115136
6257377280
6257639424
6257901568
6258163712
6258425856
6258688000
6258950144
6259212288
6259474432
6259736576
6259998720
6260260864
6260523008
6260785152
6261047296
6261309440
6261571584
6261833728
6262095872
6262358016
6262620160
6262882304
6263144448
6263406592
6263668736
6263930880
6264193024
6264455168
6264717312
6264979456
6265241600
6265503744
6265765888
6266028032
6266290176
6266552320
6266814464
6267076608
6267338752
6267600896
6267863040
6268125184
6268387328
6268649472
6268911616
6269173760
6269435904
6269698048
6269960192
6270222336
6270484480
6270746624
6271008768
6271270912
6271533056
6271795200
6272057344
6272319488
6272581632
6272843776
6273105920
6273368064
6273630208
6273892352
6274154496
6274416640
6274678784
6274940928
6275203072
6275465216
6275727360
6275989504
6276251648
6276513792
6276775936
6277038080
6277300224
6277562368
6277824512
6278086656
6278348800
6278610944
6278873088
6279135232
6279397376
6279659520
6279921664
6280183808
6280445952
6280708096
6280970240
6281232384
6281494528
6281756672
6282018816
6282280960
6282543104
6282805248
6283067392
6283329536
6283591680
6283853824
6284115968
6284378112
6284640256
6284902400
6285164544
6285426688
6285688832
6285950976
6286213120
6286475264
6286737408
6286999552
6287261696
6287523840
6287785984
6288048128
6288310272
6288572416
6288834560
6289096704
6289358848
6289620992
6289883136
6290145280
6290407424
6290669568
6290931712
6291193856
6291456000
6291718144
6291980288
6292242432
6292504576
6292766720
6293028864
6293291008
6293553152
6293815296
6294077440
6294339584
6294601728
6294863872
6295126016
6295388160
6295650304
6295912448
6296174592
6296436736
6296698880
6296961024
6297223168
6297485312
6297747456
6298009600
6298271744
6298533888
6298796032
6299058176
6299320320
6299582464
6299844608
6300106752
6300368896
6300631040
6300893184
6301155328
6301417472
6301679616
6301941760
6302203904
6302466048
6302728192
6302990336
6303252480
6303514624
6303776768
6304038912
6304301056
6304563200
6304825344
6305087488
6305349632
6305611776
6305873920
6306136064
6306398208
6306660352
6306922496
6307184640
6307446784
6307708928
6307971072
6308233216
6308495360
6308757504
6309019648
6309281792
6309543936
6309806080
6310068224
6310330368
6310592512
6310854656
6311116800
6311378944
6311641088
6311903232
6312165376
6312427520
6312689664
6312951808
6313213952
6313476096
6313738240
6314000384
6314262528
6314524672
6314786816
6315048960
6315311104
6315573248
6315835392
6316097536
6316359680
6316621824
6316883968
6317146112
6317408256
6317670400
6317932544
6318194688
6318456832
6318718976
6318981120
6319243264
6319505408
6319767552
6320029696
6320291840
6320553984
6320816128
6321078272
6321340416
6321602560
6321864704
6322126848
6322388992
6322651136
6322913280
6323175424
6323437568
6323699712
6323961856
6324224000
6324486144
6324748288
6325010432
6325272576
6325534720
6325796864
6326059008
6326321152
6326583296
6326845440
6327107584
6327369728
6327631872
6327894016
6328156160
6328418304
6328680448
6328942592
6329204736
6329466880
6329729024
6329991168
6330253312
6330515456
6330777600
6331039744
6331301888
6331564032
6331826176
6332088320
6332350464
6332612608
6332874752
6333136896
6333399040
6333661184
6333923328
6334185472
6334447616
6334709760
6334971904
6335234048
6335496192
6335758336
6336020480
6336282624
6336544768
6336806912
6337069056
6337331200
6337593344
6337855488
6338117632
6338379776
6338641920
6338904064
6339166208
6339428352
6339690496
6339952640
6340214784
6340476928
6340739072
6341001216
6341263360
6341525504
6341787648
6342049792
6342311936
6342574080
6342836224
6343098368
6343360512
6343622656
6343884800
6344146944
6344409088
6344671232
6344933376
6345195520
6345457664
6345719808
6345981952
6346244096
6346506240
6346768384
6347030528
6347292672
6347554816
6347816960
6348079104
6348341248
6348603392
6348865536
6349127680
6349389824
6349651968
6349914112
6350176256
6350438400
6350700544
6350962688
6351224832
6351486976
6351749120
6352011264
6352273408
6352535552
6352797696
6353059840
6353321984
6353584128
6353846272
6354108416
6354370560
6354632704
6354894848
6355156992
6355419136
6355681280
6355943424
6356205568
6356467712
6356729856
6356992000
6357254144
6357516288
6357778432
6358040576
6358302720
6358564864
6358827008
6359089152
6359351296
6359613440
6359875584
6360137728
6360399872
6360662016
6360924160
6361186304
6361448448
6361710592
6361972736
6362234880
6362497024
6362759168
6363021312
6363283456
6363545600
6363807744
6364069888
6364332032
6364594176
6364856320
6365118464
6365380608
6365642752
6365904896
6366167040
6366429184
6366691328
6366953472
6367215616
6367477760
6367739904
6368002048
6368264192
6368526336
6368788480
6369050624
6369312768
6369574912
6369837056
6370099200
6370361344
6370623488
6370885632
6371147776
6371409920
6371672064
6371934208
6372196352
6372458496
6372720640
6372982784
6373244928
6373507072
6373769216
6374031360
6374293504
6374555648
6374817792
6375079936
6375342080
6375604224
6375866368
6376128512
6376390656
6376652800
6376914944
6377177088
6377439232
6377701376
6377963520
6378225664
6378487808
6378749952
6379012096
6379274240
6379536384
6379798528
6380060672
6380322816
6380584960
6380847104
6381109248
6381371392
6381633536
6381895680
6382157824
6382419968
6382682112
6382944256
6383206400
6383468544
6383730688
6383992832
6384254976
6384517120
6384779264
6385041408
6385303552
6385565696
6385827840
6386089984
6386352128
6386614272
6386876416
6387138560
6387400704
6387662848
6387924992
6388187136
6388449280
6388711424
6388973568
6389235712
6389497856
6389760000
6390022144
6390284288
6390546432
6390808576
6391070720
6391332864
6391595008
6391857152
6392119296
6392381440
6392643584
6392905728
6393167872
6393430016
6393692160
6393954304
6394216448
6394478592
6394740736
6395002880
6395265024
6395527168
6395789312
6396051456
6396313600
6396575744
6396837888
6397100032
6397362176
6397624320
6397886464
6398148608
6398410752
6398672896
6398935040
6399197184
6399459328
6399721472
6399983616
6400245760
6400507904
6400770048
6401032192
6401294336
6401556480
6401818624
6402080768
6402342912
6402605056
6402867200
6403129344
6403391488
6403653632
6403915776
6404177920
6404440064
6404702208
6404964352
6405226496
6405488640
6405750784
6406012928
6406275072
6406537216
6406799360
6407061504
6407323648
6407585792
6407847936
6408110080
6408372224
6408634368
6408896512
6409158656
6409420800
6409682944
6409945088
6410207232
6410469376
6410731520
6410993664
6411255808
6411517952
6411780096
6412042240
6412304384
6412566528
6412828672
6413090816
6413352960
6413615104
6413877248
6414139392
6414401536
6414663680
6414925824
6415187968
6415450112
6415712256
6415974400
6416236544
6416498688
6416760832
6417022976
6417285120
6417547264
6417809408
6418071552
6418333696
6418595840
6418857984
6419120128
6419382272
6419644416
6419906560
6420168704
6420430848
6420692992
6420955136
6421217280
6421479424
6421741568
6422003712
6422265856
6422528000
6422790144
6423052288
6423314432
6423576576
6423838720
6424100864
6424363008
6424625152
6424887296
6425149440
6425411584
6425673728
6425935872
6426198016
6426460160
6426722304
6426984448
6427246592
6427508736
6427770880
6428033024
6428295168
6428557312
6428819456
6429081600
6429343744
6429605888
6429868032
6430130176
6430392320
6430654464
6430916608
6431178752
6431440896
6431703040
6431965184
6432227328
6432489472
6432751616
6433013760
6433275904
6433538048
6433800192
6434062336
6434324480
6434586624
6434848768
6435110912
6435373056
6435635200
6435897344
6436159488
6436421632
6436683776
6436945920
6437208064
6437470208
6437732352
6437994496
6438256640
6438518784
6438780928
6439043072
6439305216
6439567360
6439829504
6440091648
6440353792
6440615936
6440878080
6441140224
6441402368
6441664512
6441926656
6442188800
6442450944
6442713088
6442975232
6443237376
6443499520
6443761664
6444023808
6444285952
6444548096
6444810240
6445072384
6445334528
6445596672
6445858816
6446120960
6446383104
6446645248
6446907392
6447169536
6447431680
6447693824
6447955968
6448218112
6448480256
6448742400
6449004544
6449266688
6449528832
6449790976
6450053120
6450315264
6450577408
6450839552
6451101696
6451363840
6451625984
6451888128
6452150272
6452412416
6452674560
6452936704
6453198848
6453460992
6453723136
6453985280
6454247424
6454509568
6454771712
6455033856
6455296000
6455558144
6455820288
6456082432
6456344576
6456606720
6456868864
6457131008
6457393152
6457655296
6457917440
6458179584
6458441728
6458703872
6458966016
6459228160
6459490304
6459752448
6460014592
6460276736
6460538880
6460801024
6461063168
6461325312
6461587456
6461849600
6462111744
6462373888
6462636032
6462898176
6463160320
6463422464
6463684608
6463946752
6464208896
6464471040
6464733184
6464995328
6465257472
6465519616
6465781760
6466043904
6466306048
6466568192
6466830336
6467092480
6467354624
6467616768
6467878912
6468141056
6468403200
6468665344
6468927488
6469189632
6469451776
6469713920
6469976064
6470238208
6470500352
6470762496
6471024640
6471286784
6471548928
6471811072
6472073216
6472335360
6472597504
6472859648
6473121792
6473383936
6473646080
6473908224
6474170368
6474432512
6474694656
6474956800
6475218944
6475481088
6475743232
6476005376
6476267520
6476529664
6476791808
6477053952
6477316096
6477578240
6477840384
6478102528
6478364672
6478626816
6478888960
6479151104
6479413248
6479675392
6479937536
6480199680
6480461824
6480723968
6480986112
6481248256
6481510400
6481772544
6482034688
6482296832
6482558976
6482821120
6483083264
6483345408
6483607552
6483869696
6484131840
6484393984
6484656128
6484918272
6485180416
6485442560
6485704704
6485966848
6486228992
6486491136
6486753280
6487015424
6487277568
6487539712
6487801856
6488064000
6488326144
6488588288
6488850432
6489112576
6489374720
6489636864
6489899008
6490161152
6490423296
6490685440
6490947584
6491209728
6491471872
6491734016
6491996160
6492258304
6492520448
6492782592
6493044736
6493306880
6493569024
6493831168
6494093312
6494355456
6494617600
6494879744
6495141888
6495404032
6495666176
6495928320
6496190464
6496452608
6496714752
6496976896
6497239040
6497501184
6497763328
6498025472
6498287616
6498549760
6498811904
6499074048
6499336192
6499598336
6499860480
6500122624
6500384768
6500646912
6500909056
6501171200
6501433344
6501695488
6501957632
6502219776
6502481920
6502744064
6503006208
6503268352
6503530496
6503792640
6504054784
6504316928
6504579072
6504841216
6505103360
6505365504
6505627648
6505889792
6506151936
6506414080
6506676224
6506938368
6507200512
6507462656
6507724800
6507986944
6508249088
6508511232
6508773376
6509035520
6509297664
6509559808
6509821952
6510084096
6510346240
6510608384
6510870528
6511132672
6511394816
6511656960
6511919104
6512181248
6512443392
6512705536
6512967680
6513229824
6513491968
6513754112
6514016256
6514278400
6514540544
6514802688
6515064832
6515326976
6515589120
6515851264
6516113408
6516375552
6516637696
6516899840
6517161984
6517424128
6517686272
6517948416
6518210560
6518472704
6518734848
6518996992
6519259136
6519521280
6519783424
6520045568
6520307712
6520569856
6520832000
6521094144
6521356288
6521618432
6521880576
6522142720
6522404864
6522667008
6522929152
6523191296
6523453440
6523715584
6523977728
6524239872
6524502016
6524764160
6525026304
6525288448
6525550592
6525812736
6526074880
6526337024
6526599168
6526861312
6527123456
6527385600
6527647744
6527909888
6528172032
6528434176
6528696320
6528958464
6529220608
6529482752
6529744896
6530007040
6530269184
6530531328
6530793472
6531055616
6531317760
6531579904
6531842048
6532104192
6532366336
6532628480
6532890624
6533152768
6533414912
6533677056
6533939200
6534201344
6534463488
6534725632
6534987776
6535249920
6535512064
6535774208
6536036352
6536298496
6536560640
6536822784
6537084928
6537347072
6537609216
6537871360
6538133504
6538395648
6538657792
6538919936
6539182080
6539444224
6539706368
6539968512
6540230656
6540492800
6540754944
6541017088
6541279232
6541541376
6541803520
6542065664
6542327808
6542589952
6542852096
6543114240
6543376384
6543638528
6543900672
6544162816
6544424960
6544687104
6544949248
6545211392
6545473536
6545735680
6545997824
6546259968
6546522112
6546784256
6547046400
6547308544
6547570688
6547832832
6548094976
6548357120
6548619264
6548881408
6549143552
6549405696
6549667840
6549929984
6550192128
6550454272
6550716416
6550978560
6551240704
6551502848
6551764992
6552027136
6552289280
6552551424
6552813568
6553075712
6553337856
6553600000
6553862144
6554124288
6554386432
6554648576
6554910720
6555172864
6555435008
6555697152
6555959296
6556221440
6556483584
6556745728
6557007872
6557270016
6557532160
6557794304
6558056448
6558318592
6558580736
6558842880
6559105024
6559367168
6559629312
6559891456
6560153600
6560415744
6560677888
6560940032
6561202176
6561464320
6561726464
6561988608
6562250752
6562512896
6562775040
6563037184
6563299328
6563561472
6563823616
6564085760
6564347904
6564610048
6564872192
6565134336
6565396480
6565658624
6565920768
6566182912
6566445056
6566707200
6566969344
6567231488
6567493632
6567755776
6568017920
6568280064
6568542208
6568804352
6569066496
6569328640
6569590784
6569852928
6570115072
6570377216
6570639360
6570901504
6571163648
6571425792
6571687936
6571950080
6572212224
6572474368
6572736512
6572998656
6573260800
6573522944
6573785088
6574047232
6574309376
6574571520
6574833664
6575095808
6575357952
6575620096
6575882240
6576144384
6576406528
6576668672
6576930816
6577192960
6577455104
6577717248
6577979392
6578241536
6578503680
6578765824
6579027968
6579290112
6579552256
6579814400
6580076544
6580338688
6580600832
6580862976
6581125120
6581387264
6581649408
6581911552
6582173696
6582435840
6582697984
6582960128
6583222272
6583484416
6583746560
6584008704
6584270848
6584532992
6584795136
6585057280
6585319424
6585581568
6585843712
6586105856
6586368000
6586630144
6586892288
6587154432
6587416576
6587678720
6587940864
6588203008
6588465152
6588727296
6588989440
6589251584
6589513728
6589775872
6590038016
6590300160
6590562304
6590824448
6591086592
6591348736
6591610880
6591873024
6592135168
6592397312
6592659456
6592921600
6593183744
6593445888
6593708032
6593970176
6594232320
6594494464
6594756608
6595018752
6595280896
6595543040
6595805184
6596067328
6596329472
6596591616
6596853760
6597115904
6597378048
6597640192
6597902336
6598164480
6598426624
6598688768
6598950912
6599213056
6599475200
6599737344
6599999488
6600261632
6600523776
6600785920
6601048064
6601310208
6601572352
6601834496
6602096640
6602358784
6602620928
6602883072
6603145216
6603407360
6603669504
6603931648
6604193792
6604455936
6604718080
6604980224
6605242368
6605504512
6605766656
6606028800
6606290944
6606553088
6606815232
6607077376
6607339520
6607601664
6607863808
6608125952
6608388096
6608650240
6608912384
6609174528
6609436672
6609698816
6609960960
6610223104
6610485248
6610747392
6611009536
6611271680
6611533824
6611795968
6612058112
6612320256
6612582400
6612844544
6613106688
6613368832
6613630976
6613893120
6614155264
6614417408
6614679552
6614941696
6615203840
6615465984
6615728128
6615990272
6616252416
6616514560
6616776704
6617038848
6617300992
6617563136
6617825280
6618087424
6618349568
6618611712
6618873856
6619136000
6619398144
6619660288
6619922432
6620184576
6620446720
6620708864
6620971008
6621233152
6621495296
6621757440
6622019584
6622281728
6622543872
6622806016
6623068160
6623330304
6623592448
6623854592
6624116736
6624378880
6624641024
6624903168
6625165312
6625427456
6625689600
6625951744
6626213888
6626476032
6626738176
6627000320
6627262464
6627524608
6627786752
6628048896
6628311040
6628573184
6628835328
6629097472
6629359616
6629621760
6629883904
6630146048
6630408192
6630670336
6630932480
6631194624
6631456768
6631718912
6631981056
6632243200
6632505344
6632767488
6633029632
6633291776
6633553920
6633816064
6634078208
6634340352
6634602496
6634864640
6635126784
6635388928
6635651072
6635913216
6636175360
6636437504
6636699648
6636961792
6637223936
6637486080
6637748224
6638010368
6638272512
6638534656
6638796800
6639058944
6639321088
6639583232
6639845376
6640107520
6640369664
6640631808
6640893952
6641156096
6641418240
6641680384
6641942528
6642204672
6642466816
6642728960
6642991104
6643253248
6643515392
6643777536
6644039680
6644301824
6644563968
6644826112
6645088256
6645350400
6645612544
6645874688
6646136832
6646398976
6646661120
6646923264
6647185408
6647447552
6647709696
6647971840
6648233984
6648496128
6648758272
6649020416
6649282560
6649544704
6649806848
6650068992
6650331136
6650593280
6650855424
6651117568
6651379712
6651641856
6651904000
6652166144
6652428288
6652690432
6652952576
6653214720
6653476864
6653739008
6654001152
6654263296
6654525440
6654787584
6655049728
6655311872
6655574016
6655836160
6656098304
6656360448
6656622592
6656884736
6657146880
6657409024
6657671168
6657933312
6658195456
6658457600
6658719744
6658981888
6659244032
6659506176
6659768320
6660030464
6660292608
6660554752
6660816896
6661079040
6661341184
6661603328
6661865472
6662127616
6662389760
6662651904
6662914048
6663176192
6663438336
6663700480
6663962624
6664224768
6664486912
6664749056
6665011200
6665273344
6665535488
6665797632
6666059776
6666321920
6666584064
6666846208
6667108352
6667370496
6667632640
6667894784
6668156928
6668419072
6668681216
6668943360
6669205504
6669467648
6669729792
6669991936
6670254080
6670516224
6670778368
6671040512
6671302656
6671564800
6671826944
6672089088
6672351232
6672613376
6672875520
6673137664
6673399808
6673661952
6673924096
6674186240
6674448384
6674710528
6674972672
6675234816
6675496960
6675759104
6676021248
6676283392
6676545536
6676807680
6677069824
6677331968
6677594112
6677856256
6678118400
6678380544
6678642688
6678904832
6679166976
6679429120
6679691264
6679953408
6680215552
6680477696
6680739840
6681001984
6681264128
6681526272
6681788416
6682050560
6682312704
6682574848
6682836992
6683099136
6683361280
6683623424
6683885568
6684147712
6684409856
6684672000
6684934144
6685196288
6685458432
6685720576
6685982720
6686244864
6686507008
6686769152
6687031296
6687293440
6687555584
6687817728
6688079872
6688342016
6688604160
6688866304
6689128448
6689390592
6689652736
6689914880
6690177024
6690439168
6690701312
6690963456
6691225600
6691487744
6691749888
6692012032
6692274176
6692536320
6692798464
6693060608
6693322752
6693584896
6693847040
6694109184
6694371328
6694633472
6694895616
6695157760
6695419904
6695682048
6695944192
6696206336
6696468480
6696730624
6696992768
6697254912
6697517056
6697779200
6698041344
6698303488
6698565632
6698827776
6699089920
6699352064
6699614208
6699876352
6700138496
6700400640
6700662784
6700924928
6701187072
6701449216
6701711360
6701973504
6702235648
6702497792
6702759936
6703022080
6703284224
6703546368
6703808512
6704070656
6704332800
6704594944
6704857088
6705119232
6705381376
6705643520
6705905664
6706167808
6706429952
6706692096
6706954240
6707216384
6707478528
6707740672
6708002816
6708264960
6708527104
6708789248
6709051392
6709313536
6709575680
6709837824
6710099968
6710362112
6710624256
6710886400
6711148544
6711410688
6711672832
6711934976
6712197120
6712459264
6712721408
6712983552
6713245696
6713507840
6713769984
6714032128
6714294272
6714556416
6714818560
6715080704
6715342848
6715604992
6715867136
6716129280
6716391424
6716653568
6716915712
6717177856
6717440000
6717702144
6717964288
6718226432
6718488576
6718750720
6719012864
6719275008
6719537152
6719799296
6720061440
6720323584
6720585728
6720847872
6721110016
6721372160
6721634304
6721896448
6722158592
6722420736
6722682880
6722945024
6723207168
6723469312
6723731456
6723993600
6724255744
6724517888
6724780032
6725042176
6725304320
6725566464
6725828608
6726090752
6726352896
6726615040
6726877184
6727139328
6727401472
6727663616
6727925760
6728187904
6728450048
6728712192
6728974336
6729236480
6729498624
6729760768
6730022912
6730285056
6730547200
6730809344
6731071488
6731333632
6731595776
6731857920
6732120064
6732382208
6732644352
6732906496
6733168640
6733430784
6733692928
6733955072
6734217216
6734479360
6734741504
6735003648
6735265792
6735527936
6735790080
6736052224
6736314368
6736576512
6736838656
6737100800
6737362944
6737625088
6737887232
6738149376
6738411520
6738673664
6738935808
6739197952
6739460096
6739722240
6739984384
6740246528
6740508672
6740770816
6741032960
6741295104
6741557248
6741819392
6742081536
6742343680
6742605824
6742867968
6743130112
6743392256
6743654400
6743916544
6744178688
6744440832
6744702976
6744965120
6745227264
6745489408
6745751552
6746013696
6746275840
6746537984
6746800128
6747062272
6747324416
6747586560
6747848704
6748110848
6748372992
6748635136
6748897280
6749159424
6749421568
6749683712
6749945856
6750208000
6750470144
6750732288
6750994432
6751256576
6751518720
6751780864
6752043008
6752305152
6752567296
6752829440
6753091584
6753353728
6753615872
6753878016
6754140160
6754402304
6754664448
6754926592
6755188736
6755450880
6755713024
6755975168
6756237312
6756499456
6756761600
6757023744
6757285888
6757548032
6757810176
6758072320
6758334464
6758596608
6758858752
6759120896
6759383040
6759645184
6759907328
6760169472
6760431616
6760693760
6760955904
6761218048
6761480192
6761742336
6762004480
6762266624
6762528768
6762790912
6763053056
6763315200
6763577344
6763839488
6764101632
6764363776
6764625920
6764888064
6765150208
6765412352
6765674496
6765936640
6766198784
6766460928
6766723072
6766985216
6767247360
6767509504
6767771648
6768033792
6768295936
6768558080
6768820224
6769082368
6769344512
6769606656
6769868800
6770130944
6770393088
6770655232
6770917376
6771179520
6771441664
6771703808
6771965952
6772228096
6772490240
6772752384
6773014528
6773276672
6773538816
6773800960
6774063104
6774325248
6774587392
6774849536
6775111680
6775373824
6775635968
6775898112
6776160256
6776422400
6776684544
6776946688
6777208832
6777470976
6777733120
6777995264
6778257408
6778519552
6778781696
6779043840
6779305984
6779568128
6779830272
6780092416
6780354560
6780616704
6780878848
6781140992
6781403136
6781665280
6781927424
6782189568
6782451712
6782713856
6782976000
6783238144
6783500288
6783762432
6784024576
6784286720
6784548864
6784811008
6785073152
6785335296
6785597440
6785859584
6786121728
6786383872
6786646016
6786908160
6787170304
6787432448
6787694592
6787956736
6788218880
6788481024
6788743168
6789005312
6789267456
6789529600
6789791744
6790053888
6790316032
6790578176
6790840320
6791102464
6791364608
6791626752
6791888896
6792151040
6792413184
6792675328
6792937472
6793199616
6793461760
6793723904
6793986048
6794248192
6794510336
6794772480
6795034624
6795296768
6795558912
6795821056
6796083200
6796345344
6796607488
6796869632
6797131776
6797393920
6797656064
6797918208
6798180352
6798442496
6798704640
6798966784
6799228928
6799491072
6799753216
6800015360
6800277504
6800539648
6800801792
6801063936
6801326080
6801588224
6801850368
6802112512
6802374656
6802636800
6802898944
6803161088
6803423232
6803685376
6803947520
6804209664
6804471808
6804733952
6804996096
6805258240
6805520384
6805782528
6806044672
6806306816
6806568960
6806831104
6807093248
6807355392
6807617536
6807879680
6808141824
6808403968
6808666112
6808928256
6809190400
6809452544
6809714688
6809976832
6810238976
6810501120
6810763264
6811025408
6811287552
6811549696
6811811840
6812073984
6812336128
6812598272
6812860416
6813122560
6813384704
6813646848
6813908992
6814171136
6814433280
6814695424
6814957568
6815219712
6815481856
6815744000
6816006144
6816268288
6816530432
6816792576
6817054720
6817316864
6817579008
6817841152
6818103296
6818365440
6818627584
6818889728
6819151872
6819414016
6819676160
6819938304
6820200448
6820462592
6820724736
6820986880
6821249024
6821511168
6821773312
6822035456
6822297600
6822559744
6822821888
6823084032
6823346176
6823608320
6823870464
6824132608
6824394752
6824656896
6824919040
6825181184
6825443328
6825705472
6825967616
6826229760
6826491904
6826754048
6827016192
6827278336
6827540480
6827802624
6828064768
6828326912
6828589056
6828851200
6829113344
6829375488
6829637632
6829899776
6830161920
6830424064
6830686208
6830948352
6831210496
6831472640
6831734784
6831996928
6832259072
6832521216
6832783360
6833045504
6833307648
6833569792
6833831936
6834094080
6834356224
6834618368
6834880512
6835142656
6835404800
6835666944
6835929088
6836191232
6836453376
6836715520
6836977664
6837239808
6837501952
6837764096
6838026240
6838288384
6838550528
6838812672
6839074816
6839336960
6839599104
6839861248
6840123392
6840385536
6840647680
6840909824
6841171968
6841434112
6841696256
6841958400
6842220544
6842482688
6842744832
6843006976
6843269120
6843531264
6843793408
6844055552
6844317696
6844579840
6844841984
6845104128
6845366272
6845628416
6845890560
6846152704
6846414848
6846676992
6846939136
6847201280
6847463424
6847725568
6847987712
6848249856
6848512000
6848774144
6849036288
6849298432
6849560576
6849822720
6850084864
6850347008
6850609152
6850871296
6851133440
6851395584
6851657728
6851919872
6852182016
6852444160
6852706304
6852968448
6853230592
6853492736
6853754880
6854017024
6854279168
6854541312
6854803456
6855065600
6855327744
6855589888
6855852032
6856114176
6856376320
6856638464
6856900608
6857162752
6857424896
6857687040
6857949184
6858211328
6858473472
6858735616
6858997760
6859259904
6859522048
6859784192
6860046336
6860308480
6860570624
6860832768
6861094912
6861357056
6861619200
6861881344
6862143488
6862405632
6862667776
6862929920
6863192064
6863454208
6863716352
6863978496
6864240640
6864502784
6864764928
6865027072
6865289216
6865551360
6865813504
6866075648
6866337792
6866599936
6866862080
6867124224
6867386368
6867648512
6867910656
6868172800
6868434944
6868697088
6868959232
6869221376
6869483520
6869745664
6870007808
6870269952
6870532096
6870794240
6871056384
6871318528
6871580672
6871842816
6872104960
6872367104
6872629248
6872891392
6873153536
6873415680
6873677824
6873939968
6874202112
6874464256
6874726400
6874988544
6875250688
6875512832
6875774976
6876037120
6876299264
6876561408
6876823552
6877085696
6877347840
6877609984
6877872128
6878134272
6878396416
6878658560
6878920704
6879182848
6879444992
6879707136
6879969280
6880231424
6880493568
6880755712
6881017856
6881280000
6881542144
6881804288
6882066432
6882328576
6882590720
6882852864
6883115008
6883377152
6883639296
6883901440
6884163584
6884425728
6884687872
6884950016
6885212160
6885474304
6885736448
6885998592
6886260736
6886522880
6886785024
6887047168
6887309312
6887571456
6887833600
6888095744
6888357888
6888620032
6888882176
6889144320
6889406464
6889668608
6889930752
6890192896
6890455040
6890717184
6890979328
6891241472
6891503616
6891765760
6892027904
6892290048
6892552192
6892814336
6893076480
6893338624
6893600768
6893862912
6894125056
6894387200
6894649344
6894911488
6895173632
6895435776
6895697920
6895960064
6896222208
6896484352
6896746496
6897008640
6897270784
6897532928
6897795072
6898057216
6898319360
6898581504
6898843648
6899105792
6899367936
6899630080
6899892224
6900154368
6900416512
6900678656
6900940800
6901202944
6901465088
6901727232
6901989376
6902251520
6902513664
6902775808
6903037952
6903300096
6903562240
6903824384
6904086528
6904348672
6904610816
6904872960
6905135104
6905397248
6905659392
6905921536
6906183680
6906445824
6906707968
6906970112
6907232256
6907494400
6907756544
6908018688
6908280832
6908542976
6908805120
6909067264
6909329408
6909591552
6909853696
6910115840
6910377984
6910640128
6910902272
6911164416
6911426560
6911688704
6911950848
6912212992
6912475136
6912737280
6912999424
6913261568
6913523712
6913785856
6914048000
6914310144
6914572288
6914834432
6915096576
6915358720
6915620864
6915883008
6916145152
6916407296
6916669440
6916931584
6917193728
6917455872
6917718016
6917980160
6918242304
6918504448
6918766592
6919028736
6919290880
6919553024
6919815168
6920077312
6920339456
6920601600
6920863744
6921125888
6921388032
6921650176
6921912320
6922174464
6922436608
6922698752
6922960896
6923223040
6923485184
6923747328
6924009472
6924271616
6924533760
6924795904
6925058048
6925320192
6925582336
6925844480
6926106624
6926368768
6926630912
6926893056
6927155200
6927417344
6927679488
6927941632
6928203776
6928465920
6928728064
6928990208
6929252352
6929514496
6929776640
6930038784
6930300928
6930563072
6930825216
6931087360
6931349504
6931611648
6931873792
6932135936
6932398080
6932660224
6932922368
6933184512
6933446656
6933708800
6933970944
6934233088
6934495232
6934757376
6935019520
6935281664
6935543808
6935805952
6936068096
6936330240
6936592384
6936854528
6937116672
6937378816
6937640960
6937903104
6938165248
6938427392
6938689536
6938951680
6939213824
6939475968
6939738112
6940000256
6940262400
6940524544
6940786688
6941048832
6941310976
6941573120
6941835264
6942097408
6942359552
6942621696
6942883840
6943145984
6943408128
6943670272
6943932416
6944194560
6944456704
6944718848
6944980992
6945243136
6945505280
6945767424
6946029568
6946291712
6946553856
6946816000
6947078144
6947340288
6947602432
6947864576
6948126720
6948388864
6948651008
6948913152
6949175296
6949437440
6949699584
6949961728
6950223872
6950486016
6950748160
6951010304
6951272448
6951534592
6951796736
6952058880
6952321024
6952583168
6952845312
6953107456
6953369600
6953631744
6953893888
6954156032
6954418176
6954680320
6954942464
6955204608
6955466752
6955728896
6955991040
6956253184
6956515328
6956777472
6957039616
6957301760
6957563904
6957826048
6958088192
6958350336
6958612480
6958874624
6959136768
6959398912
6959661056
6959923200
6960185344
6960447488
6960709632
6960971776
6961233920
6961496064
6961758208
6962020352
6962282496
6962544640
6962806784
6963068928
6963331072
6963593216
6963855360
6964117504
6964379648
6964641792
6964903936
6965166080
6965428224
6965690368
6965952512
6966214656
6966476800
6966738944
6967001088
6967263232
6967525376
6967787520
6968049664
6968311808
6968573952
6968836096
6969098240
6969360384
6969622528
6969884672
6970146816
6970408960
6970671104
6970933248
6971195392
6971457536
6971719680
6971981824
6972243968
6972506112
6972768256
6973030400
6973292544
6973554688
6973816832
6974078976
6974341120
6974603264
6974865408
6975127552
6975389696
6975651840
6975913984
6976176128
6976438272
6976700416
6976962560
6977224704
6977486848
6977748992
6978011136
6978273280
6978535424
6978797568
6979059712
6979321856
6979584000
6979846144
6980108288
6980370432
6980632576
6980894720
6981156864
6981419008
6981681152
6981943296
6982205440
6982467584
6982729728
6982991872
6983254016
6983516160
6983778304
6984040448
6984302592
6984564736
6984826880
6985089024
6985351168
6985613312
6985875456
6986137600
6986399744
6986661888
6986924032
6987186176
6987448320
6987710464
6987972608
6988234752
6988496896
6988759040
6989021184
6989283328
6989545472
6989807616
6990069760
6990331904
6990594048
6990856192
6991118336
6991380480
6991642624
6991904768
6992166912
6992429056
6992691200
6992953344
6993215488
6993477632
6993739776
6994001920
6994264064
6994526208
6994788352
6995050496
6995312640
6995574784
6995836928
6996099072
6996361216
6996623360
6996885504
6997147648
6997409792
6997671936
6997934080
6998196224
6998458368
6998720512
6998982656
6999244800
6999506944
6999769088
7000031232
7000293376
7000555520
7000817664
7001079808
7001341952
7001604096
7001866240
7002128384
7002390528
7002652672
7002914816
7003176960
7003439104
7003701248
7003963392
7004225536
7004487680
7004749824
7005011968
7005274112
7005536256
7005798400
7006060544
7006322688
7006584832
7006846976
7007109120
7007371264
7007633408
7007895552
7008157696
7008419840
7008681984
7008944128
7009206272
7009468416
7009730560
7009992704
7010254848
7010516992
7010779136
7011041280
7011303424
7011565568
7011827712
7012089856
7012352000
7012614144
7012876288
7013138432
7013400576
7013662720
7013924864
7014187008
7014449152
7014711296
7014973440
7015235584
7015497728
7015759872
7016022016
7016284160
7016546304
7016808448
7017070592
7017332736
7017594880
7017857024
7018119168
7018381312
7018643456
7018905600
7019167744
7019429888
7019692032
7019954176
7020216320
7020478464
7020740608
7021002752
7021264896
7021527040
7021789184
7022051328
7022313472
7022575616
7022837760
7023099904
7023362048
7023624192
7023886336
7024148480
7024410624
7024672768
7024934912
7025197056
7025459200
7025721344
7025983488
7026245632
7026507776
7026769920
7027032064
7027294208
7027556352
7027818496
7028080640
7028342784
7028604928
7028867072
7029129216
7029391360
7029653504
7029915648
7030177792
7030439936
7030702080
7030964224
7031226368
7031488512
7031750656
7032012800
7032274944
7032537088
7032799232
7033061376
7033323520
7033585664
7033847808
7034109952
7034372096
7034634240
7034896384
7035158528
7035420672
7035682816
7035944960
7036207104
7036469248
7036731392
7036993536
7037255680
7037517824
7037779968
7038042112
7038304256
7038566400
7038828544
7039090688
7039352832
7039614976
7039877120
7040139264
7040401408
7040663552
7040925696
7041187840
7041449984
7041712128
7041974272
7042236416
7042498560
7042760704
7043022848
7043284992
7043547136
7043809280
7044071424
7044333568
7044595712
7044857856
7045120000
7045382144
7045644288
7045906432
7046168576
7046430720
7046692864
7046955008
7047217152
7047479296
7047741440
7048003584
7048265728
7048527872
7048790016
7049052160
7049314304
7049576448
7049838592
7050100736
7050362880
7050625024
7050887168
7051149312
7051411456
7051673600
7051935744
7052197888
7052460032
7052722176
7052984320
7053246464
7053508608
7053770752
7054032896
7054295040
7054557184
7054819328
7055081472
7055343616
7055605760
7055867904
7056130048
7056392192
7056654336
7056916480
7057178624
7057440768
7057702912
7057965056
7058227200
7058489344
7058751488
7059013632
7059275776
7059537920
7059800064
7060062208
7060324352
7060586496
7060848640
7061110784
7061372928
7061635072
7061897216
7062159360
7062421504
7062683648
7062945792
7063207936
7063470080
7063732224
7063994368
7064256512
7064518656
7064780800
7065042944
7065305088
7065567232
7065829376
7066091520
7066353664
7066615808
7066877952
7067140096
7067402240
7067664384
7067926528
7068188672
7068450816
7068712960
7068975104
7069237248
7069499392
7069761536
7070023680
7070285824
7070547968
7070810112
7071072256
7071334400
7071596544
7071858688
7072120832
7072382976
7072645120
7072907264
7073169408
7073431552
7073693696
7073955840
7074217984
7074480128
7074742272
7075004416
7075266560
7075528704
7075790848
7076052992
7076315136
7076577280
7076839424
7077101568
7077363712
7077625856
7077888000
7078150144
7078412288
7078674432
7078936576
7079198720
7079460864
7079723008
7079985152
7080247296
7080509440
7080771584
7081033728
7081295872
7081558016
7081820160
7082082304
7082344448
7082606592
7082868736
7083130880
7083393024
7083655168
7083917312
7084179456
7084441600
7084703744
7084965888
7085228032
7085490176
7085752320
7086014464
7086276608
7086538752
7086800896
7087063040
7087325184
7087587328
7087849472
7088111616
7088373760
7088635904
7088898048
7089160192
7089422336
7089684480
7089946624
7090208768
7090470912
7090733056
7090995200
7091257344
7091519488
7091781632
7092043776
7092305920
7092568064
7092830208
7093092352
7093354496
7093616640
7093878784
7094140928
7094403072
7094665216
7094927360
7095189504
7095451648
7095713792
7095975936
7096238080
7096500224
7096762368
7097024512
7097286656
7097548800
7097810944
7098073088
7098335232
7098597376
7098859520
7099121664
7099383808
7099645952
7099908096
7100170240
7100432384
7100694528
7100956672
7101218816
7101480960
7101743104
7102005248
7102267392
7102529536
7102791680
7103053824
7103315968
7103578112
7103840256
7104102400
7104364544
7104626688
7104888832
7105150976
7105413120
7105675264
7105937408
7106199552
7106461696
7106723840
7106985984
7107248128
7107510272
7107772416
7108034560
7108296704
7108558848
7108820992
7109083136
7109345280
7109607424
7109869568
7110131712
7110393856
7110656000
7110918144
7111180288
7111442432
7111704576
7111966720
7112228864
7112491008
7112753152
7113015296
7113277440
7113539584
7113801728
7114063872
7114326016
7114588160
7114850304
7115112448
7115374592
7115636736
7115898880
7116161024
7116423168
7116685312
7116947456
7117209600
7117471744
7117733888
7117996032
7118258176
7118520320
7118782464
7119044608
7119306752
7119568896
7119831040
7120093184
7120355328
7120617472
7120879616
7121141760
7121403904
7121666048
7121928192
7122190336
7122452480
7122714624
7122976768
7123238912
7123501056
7123763200
7124025344
7124287488
7124549632
7124811776
7125073920
7125336064
7125598208
7125860352
7126122496
7126384640
7126646784
7126908928
7127171072
7127433216
7127695360
7127957504
7128219648
7128481792
7128743936
7129006080
7129268224
7129530368
7129792512
7130054656
7130316800
7130578944
7130841088
7131103232
7131365376
7131627520
7131889664
7132151808
7132413952
7132676096
7132938240
7133200384
7133462528
7133724672
7133986816
7134248960
7134511104
7134773248
7135035392
7135297536
7135559680
7135821824
7136083968
7136346112
7136608256
7136870400
7137132544
7137394688
7137656832
7137918976
7138181120
7138443264
7138705408
7138967552
7139229696
7139491840
7139753984
7140016128
7140278272
7140540416
7140802560
7141064704
7141326848
7141588992
7141851136
7142113280
7142375424
7142637568
7142899712
7143161856
7143424000
7143686144
7143948288
7144210432
7144472576
7144734720
7144996864
7145259008
7145521152
7145783296
7146045440
7146307584
7146569728
7146831872
7147094016
7147356160
7147618304
7147880448
7148142592
7148404736
7148666880
7148929024
7149191168
7149453312
7149715456
7149977600
7150239744
7150501888
7150764032
7151026176
7151288320
7151550464
7151812608
7152074752
7152336896
7152599040
7152861184
7153123328
7153385472
7153647616
7153909760
7154171904
7154434048
7154696192
7154958336
7155220480
7155482624
7155744768
7156006912
7156269056
7156531200
7156793344
7157055488
7157317632
7157579776
7157841920
7158104064
7158366208
7158628352
7158890496
7159152640
7159414784
7159676928
7159939072
7160201216
7160463360
7160725504
7160987648
7161249792
7161511936
7161774080
7162036224
7162298368
7162560512
7162822656
7163084800
7163346944
7163609088
7163871232
7164133376
7164395520
7164657664
7164919808
7165181952
7165444096
7165706240
7165968384
7166230528
7166492672
7166754816
7167016960
7167279104
7167541248
7167803392
7168065536
7168327680
7168589824
7168851968
7169114112
7169376256
7169638400
7169900544
7170162688
7170424832
7170686976
7170949120
7171211264
7171473408
7171735552
7171997696
7172259840
7172521984
7172784128
7173046272
7173308416
7173570560
7173832704
7174094848
7174356992
7174619136
7174881280
7175143424
7175405568
7175667712
7175929856
7176192000
7176454144
7176716288
7176978432
7177240576
7177502720
7177764864
7178027008
7178289152
7178551296
7178813440
7179075584
7179337728
7179599872
7179862016
7180124160
7180386304
7180648448
7180910592
7181172736
7181434880
7181697024
7181959168
7182221312
7182483456
7182745600
7183007744
7183269888
7183532032
7183794176
7184056320
7184318464
7184580608
7184842752
7185104896
7185367040
7185629184
7185891328
7186153472
7186415616
7186677760
7186939904
7187202048
7187464192
7187726336
7187988480
7188250624
7188512768
7188774912
7189037056
7189299200
7189561344
7189823488
7190085632
7190347776
7190609920
7190872064
7191134208
7191396352
7191658496
7191920640
7192182784
7192444928
7192707072
7192969216
7193231360
7193493504
7193755648
7194017792
7194279936
7194542080
7194804224
7195066368
7195328512
7195590656
7195852800
7196114944
7196377088
7196639232
7196901376
7197163520
7197425664
7197687808
7197949952
7198212096
7198474240
7198736384
7198998528
7199260672
7199522816
7199784960
7200047104
7200309248
7200571392
7200833536
7201095680
7201357824
7201619968
7201882112
7202144256
7202406400
7202668544
7202930688
7203192832
7203454976
7203717120
7203979264
7204241408
7204503552
7204765696
7205027840
7205289984
7205552128
7205814272
7206076416
7206338560
7206600704
7206862848
7207124992
7207387136
7207649280
7207911424
7208173568
7208435712
7208697856
7208960000
7209222144
7209484288
7209746432
7210008576
7210270720
7210532864
7210795008
7211057152
7211319296
7211581440
7211843584
7212105728
7212367872
7212630016
7212892160
7213154304
7213416448
7213678592
7213940736
7214202880
7214465024
7214727168
7214989312
7215251456
7215513600
7215775744
7216037888
7216300032
7216562176
7216824320
7217086464
7217348608
7217610752
7217872896
7218135040
7218397184
7218659328
7218921472
7219183616
7219445760
7219707904
7219970048
7220232192
7220494336
7220756480
7221018624
7221280768
7221542912
7221805056
7222067200
7222329344
7222591488
7222853632
7223115776
7223377920
7223640064
7223902208
7224164352
7224426496
7224688640
7224950784
7225212928
7225475072
7225737216
7225999360
7226261504
7226523648
7226785792
7227047936
7227310080
7227572224
7227834368
7228096512
7228358656
7228620800
7228882944
7229145088
7229407232
7229669376
7229931520
7230193664
7230455808
7230717952
7230980096
7231242240
7231504384
7231766528
7232028672
7232290816
7232552960
7232815104
7233077248
7233339392
7233601536
7233863680
7234125824
7234387968
7234650112
7234912256
7235174400
7235436544
7235698688
7235960832
7236222976
7236485120
7236747264
7237009408
7237271552
7237533696
7237795840
7238057984
7238320128
7238582272
7238844416
7239106560
7239368704
7239630848
7239892992
7240155136
7240417280
7240679424
7240941568
7241203712
7241465856
7241728000
7241990144
7242252288
7242514432
7242776576
7243038720
7243300864
7243563008
7243825152
7244087296
7244349440
7244611584
7244873728
7245135872
7245398016
7245660160
7245922304
7246184448
7246446592
7246708736
7246970880
7247233024
7247495168
7247757312
7248019456
7248281600
7248543744
7248805888
7249068032
7249330176
7249592320
7249854464
7250116608
7250378752
7250640896
7250903040
7251165184
7251427328
7251689472
7251951616
7252213760
7252475904
7252738048
7253000192
7253262336
7253524480
7253786624
7254048768
7254310912
7254573056
7254835200
7255097344
7255359488
7255621632
7255883776
7256145920
7256408064
7256670208
7256932352
7257194496
7257456640
7257718784
7257980928
7258243072
7258505216
7258767360
7259029504
7259291648
7259553792
7259815936
7260078080
7260340224
7260602368
7260864512
7261126656
7261388800
7261650944
7261913088
7262175232
7262437376
7262699520
7262961664
7263223808
7263485952
7263748096
7264010240
7264272384
7264534528
7264796672
7265058816
7265320960
7265583104
7265845248
7266107392
7266369536
7266631680
7266893824
7267155968
7267418112
7267680256
7267942400
7268204544
7268466688
7268728832
7268990976
7269253120
7269515264
7269777408
7270039552
7270301696
7270563840
7270825984
7271088128
7271350272
7271612416
7271874560
7272136704
7272398848
7272660992
7272923136
7273185280
7273447424
7273709568
7273971712
7274233856
7274496000
7274758144
7275020288
7275282432
7275544576
7275806720
7276068864
7276331008
7276593152
7276855296
7277117440
7277379584
7277641728
7277903872
7278166016
7278428160
7278690304
7278952448
7279214592
7279476736
7279738880
7280001024
7280263168
7280525312
7280787456
7281049600
7281311744
7281573888
7281836032
7282098176
7282360320
7282622464
7282884608
7283146752
7283408896
7283671040
7283933184
7284195328
7284457472
7284719616
7284981760
7285243904
7285506048
7285768192
7286030336
7286292480
7286554624
7286816768
7287078912
7287341056
7287603200
7287865344
7288127488
7288389632
7288651776
7288913920
7289176064
7289438208
7289700352
7289962496
7290224640
7290486784
7290748928
7291011072
7291273216
7291535360
7291797504
7292059648
7292321792
7292583936
7292846080
7293108224
7293370368
7293632512
7293894656
7294156800
7294418944
7294681088
7294943232
7295205376
7295467520
7295729664
7295991808
7296253952
7296516096
7296778240
7297040384
7297302528
7297564672
7297826816
7298088960
7298351104
7298613248
7298875392
7299137536
7299399680
7299661824
7299923968
7300186112
7300448256
7300710400
7300972544
7301234688
7301496832
7301758976
7302021120
7302283264
7302545408
7302807552
7303069696
7303331840
7303593984
7303856128
7304118272
7304380416
7304642560
7304904704
7305166848
7305428992
7305691136
7305953280
7306215424
7306477568
7306739712
7307001856
7307264000
7307526144
7307788288
7308050432
7308312576
7308574720
7308836864
7309099008
7309361152
7309623296
7309885440
7310147584
7310409728
7310671872
7310934016
7311196160
7311458304
7311720448
7311982592
7312244736
7312506880
7312769024
7313031168
7313293312
7313555456
7313817600
7314079744
7314341888
7314604032
7314866176
7315128320
7315390464
7315652608
7315914752
7316176896
7316439040
7316701184
7316963328
7317225472
7317487616
7317749760
7318011904
7318274048
7318536192
7318798336
7319060480
7319322624
7319584768
7319846912
7320109056
7320371200
7320633344
7320895488
7321157632
7321419776
7321681920
7321944064
7322206208
7322468352
7322730496
7322992640
7323254784
7323516928
7323779072
7324041216
7324303360
7324565504
7324827648
7325089792
7325351936
7325614080
7325876224
7326138368
7326400512
7326662656
7326924800
7327186944
7327449088
7327711232
7327973376
7328235520
7328497664
7328759808
7329021952
7329284096
7329546240
7329808384
7330070528
7330332672
7330594816
7330856960
7331119104
7331381248
7331643392
7331905536
7332167680
7332429824
7332691968
7332954112
7333216256
7333478400
7333740544
7334002688
7334264832
7334526976
7334789120
7335051264
7335313408
7335575552
7335837696
7336099840
7336361984
7336624128
7336886272
7337148416
7337410560
7337672704
7337934848
7338196992
7338459136
7338721280
7338983424
7339245568
7339507712
7339769856
7340032000
7340294144
7340556288
7340818432
7341080576
7341342720
7341604864
7341867008
7342129152
7342391296
7342653440
7342915584
7343177728
7343439872
7343702016
7343964160
7344226304
7344488448
7344750592
7345012736
7345274880
7345537024
7345799168
7346061312
7346323456
7346585600
7346847744
7347109888
7347372032
7347634176
7347896320
7348158464
7348420608
7348682752
7348944896
7349207040
7349469184
7349731328
7349993472
7350255616
7350517760
7350779904
7351042048
7351304192
7351566336
7351828480
7352090624
7352352768
7352614912
7352877056
7353139200
7353401344
7353663488
7353925632
7354187776
7354449920
7354712064
7354974208
7355236352
7355498496
7355760640
7356022784
7356284928
7356547072
7356809216
7357071360
7357333504
7357595648
7357857792
7358119936
7358382080
7358644224
7358906368
7359168512
7359430656
7359692800
7359954944
7360217088
7360479232
7360741376
7361003520
7361265664
7361527808
7361789952
7362052096
7362314240
7362576384
7362838528
7363100672
7363362816
7363624960
7363887104
7364149248
7364411392
7364673536
7364935680
7365197824
7365459968
7365722112
7365984256
7366246400
7366508544
7366770688
7367032832
7367294976
7367557120
7367819264
7368081408
7368343552
7368605696
7368867840
7369129984
7369392128
7369654272
7369916416
7370178560
7370440704
7370702848
7370964992
7371227136
7371489280
7371751424
7372013568
7372275712
7372537856
7372800000
7373062144
7373324288
7373586432
7373848576
7374110720
7374372864
7374635008
7374897152
7375159296
7375421440
7375683584
7375945728
7376207872
7376470016
7376732160
7376994304
7377256448
7377518592
7377780736
7378042880
7378305024
7378567168
7378829312
7379091456
7379353600
7379615744
7379877888
7380140032
7380402176
7380664320
7380926464
7381188608
7381450752
7381712896
7381975040
7382237184
7382499328
7382761472
7383023616
7383285760
7383547904
7383810048
7384072192
7384334336
7384596480
7384858624
7385120768
7385382912
7385645056
7385907200
7386169344
7386431488
7386693632
7386955776
7387217920
7387480064
7387742208
7388004352
7388266496
7388528640
7388790784
7389052928
7389315072
7389577216
7389839360
7390101504
7390363648
7390625792
7390887936
7391150080
7391412224
7391674368
7391936512
7392198656
7392460800
7392722944
7392985088
7393247232
7393509376
7393771520
7394033664
7394295808
7394557952
7394820096
7395082240
7395344384
7395606528
7395868672
7396130816
7396392960
7396655104
7396917248
7397179392
7397441536
7397703680
7397965824
7398227968
7398490112
7398752256
7399014400
7399276544
7399538688
7399800832
7400062976
7400325120
7400587264
7400849408
7401111552
7401373696
7401635840
7401897984
7402160128
7402422272
7402684416
7402946560
7403208704
7403470848
7403732992
7403995136
7404257280
7404519424
7404781568
7405043712
7405305856
7405568000
7405830144
7406092288
7406354432
7406616576
7406878720
7407140864
7407403008
7407665152
7407927296
7408189440
7408451584
7408713728
7408975872
7409238016
7409500160
7409762304
7410024448
7410286592
7410548736
7410810880
7411073024
7411335168
7411597312
7411859456
7412121600
7412383744
7412645888
7412908032
7413170176
7413432320
7413694464
7413956608
7414218752
7414480896
7414743040
7415005184
7415267328
7415529472
7415791616
7416053760
7416315904
7416578048
7416840192
7417102336
7417364480
7417626624
7417888768
7418150912
7418413056
7418675200
7418937344
7419199488
7419461632
7419723776
7419985920
7420248064
7420510208
7420772352
7421034496
7421296640
7421558784
7421820928
7422083072
7422345216
7422607360
7422869504
7423131648
7423393792
7423655936
7423918080
7424180224
7424442368
7424704512
7424966656
7425228800
7425490944
7425753088
7426015232
7426277376
7426539520
7426801664
7427063808
7427325952
7427588096
7427850240
7428112384
7428374528
7428636672
7428898816
7429160960
7429423104
7429685248
7429947392
7430209536
7430471680
7430733824
7430995968
7431258112
7431520256
7431782400
7432044544
7432306688
7432568832
7432830976
7433093120
7433355264
7433617408
7433879552
7434141696
7434403840
7434665984
7434928128
7435190272
7435452416
7435714560
7435976704
7436238848
7436500992
7436763136
7437025280
7437287424
7437549568
7437811712
7438073856
7438336000
7438598144
7438860288
7439122432
7439384576
7439646720
7439908864
7440171008
7440433152
7440695296
7440957440
7441219584
7441481728
7441743872
7442006016
7442268160
7442530304
7442792448
7443054592
7443316736
7443578880
7443841024
7444103168
7444365312
7444627456
7444889600
7445151744
7445413888
7445676032
7445938176
7446200320
7446462464
7446724608
7446986752
7447248896
7447511040
7447773184
7448035328
7448297472
7448559616
7448821760
7449083904
7449346048
7449608192
7449870336
7450132480
7450394624
7450656768
7450918912
7451181056
7451443200
7451705344
7451967488
7452229632
7452491776
7452753920
7453016064
7453278208
7453540352
7453802496
7454064640
7454326784
7454588928
7454851072
7455113216
7455375360
7455637504
7455899648
7456161792
7456423936
7456686080
7456948224
7457210368
7457472512
7457734656
7457996800
7458258944
7458521088
7458783232
7459045376
7459307520
7459569664
7459831808
7460093952
7460356096
7460618240
7460880384
7461142528
7461404672
7461666816
7461928960
7462191104
7462453248
7462715392
7462977536
7463239680
7463501824
7463763968
7464026112
7464288256
7464550400
7464812544
7465074688
7465336832
7465598976
7465861120
7466123264
7466385408
7466647552
7466909696
7467171840
7467433984
7467696128
7467958272
7468220416
7468482560
7468744704
7469006848
7469268992
7469531136
7469793280
7470055424
7470317568
7470579712
7470841856
7471104000
7471366144
7471628288
7471890432
7472152576
7472414720
7472676864
7472939008
7473201152
7473463296
7473725440
7473987584
7474249728
7474511872
7474774016
7475036160
7475298304
7475560448
7475822592
7476084736
7476346880
7476609024
7476871168
7477133312
7477395456
7477657600
7477919744
7478181888
7478444032
7478706176
7478968320
7479230464
7479492608
7479754752
7480016896
7480279040
7480541184
7480803328
7481065472
7481327616
7481589760
7481851904
7482114048
7482376192
7482638336
7482900480
7483162624
7483424768
7483686912
7483949056
7484211200
7484473344
7484735488
7484997632
7485259776
7485521920
7485784064
7486046208
7486308352
7486570496
7486832640
7487094784
7487356928
7487619072
7487881216
7488143360
7488405504
7488667648
7488929792
7489191936
7489454080
7489716224
7489978368
7490240512
7490502656
7490764800
7491026944
7491289088
7491551232
7491813376
7492075520
7492337664
7492599808
7492861952
7493124096
7493386240
7493648384
7493910528
7494172672
7494434816
7494696960
7494959104
7495221248
7495483392
7495745536
7496007680
7496269824
7496531968
7496794112
7497056256
7497318400
7497580544
7497842688
7498104832
7498366976
7498629120
7498891264
7499153408
7499415552
7499677696
7499939840
7500201984
7500464128
7500726272
7500988416
7501250560
7501512704
7501774848
7502036992
7502299136
7502561280
7502823424
7503085568
7503347712
7503609856
7503872000
7504134144
7504396288
7504658432
7504920576
7505182720
7505444864
7505707008
7505969152
7506231296
7506493440
7506755584
7507017728
7507279872
7507542016
7507804160
7508066304
7508328448
7508590592
7508852736
7509114880
7509377024
7509639168
7509901312
7510163456
7510425600
7510687744
7510949888
7511212032
7511474176
7511736320
7511998464
7512260608
7512522752
7512784896
7513047040
7513309184
7513571328
7513833472
7514095616
7514357760
7514619904
7514882048
7515144192
7515406336
7515668480
7515930624
7516192768
7516454912
7516717056
7516979200
7517241344
7517503488
7517765632
7518027776
7518289920
7518552064
7518814208
7519076352
7519338496
7519600640
7519862784
7520124928
7520387072
7520649216
7520911360
7521173504
7521435648
7521697792
7521959936
7522222080
7522484224
7522746368
7523008512
7523270656
7523532800
7523794944
7524057088
7524319232
7524581376
7524843520
7525105664
7525367808
7525629952
7525892096
7526154240
7526416384
7526678528
7526940672
7527202816
7527464960
7527727104
7527989248
7528251392
7528513536
7528775680
7529037824
7529299968
7529562112
7529824256
7530086400
7530348544
7530610688
7530872832
7531134976
7531397120
7531659264
7531921408
7532183552
7532445696
7532707840
7532969984
7533232128
7533494272
7533756416
7534018560
7534280704
7534542848
7534804992
7535067136
7535329280
7535591424
7535853568
7536115712
7536377856
7536640000
7536902144
7537164288
7537426432
7537688576
7537950720
7538212864
7538475008
7538737152
7538999296
7539261440
7539523584
7539785728
7540047872
7540310016
7540572160
7540834304
7541096448
7541358592
7541620736
7541882880
7542145024
7542407168
7542669312
7542931456
7543193600
7543455744
7543717888
7543980032
7544242176
7544504320
7544766464
7545028608
7545290752
7545552896
7545815040
7546077184
7546339328
7546601472
7546863616
7547125760
7547387904
7547650048
7547912192
7548174336
7548436480
7548698624
7548960768
7549222912
7549485056
7549747200
7550009344
7550271488
7550533632
7550795776
7551057920
7551320064
7551582208
7551844352
7552106496
7552368640
7552630784
7552892928
7553155072
7553417216
7553679360
7553941504
7554203648
7554465792
7554727936
7554990080
7555252224
7555514368
7555776512
7556038656
7556300800
7556562944
7556825088
7557087232
7557349376
7557611520
7557873664
7558135808
7558397952
7558660096
7558922240
7559184384
7559446528
7559708672
7559970816
7560232960
7560495104
7560757248
7561019392
7561281536
7561543680
7561805824
7562067968
7562330112
7562592256
7562854400
7563116544
7563378688
7563640832
7563902976
7564165120
7564427264
7564689408
7564951552
7565213696
7565475840
7565737984
7566000128
7566262272
7566524416
7566786560
7567048704
7567310848
7567572992
7567835136
7568097280
7568359424
7568621568
7568883712
7569145856
7569408000
7569670144
7569932288
7570194432
7570456576
7570718720
7570980864
7571243008
7571505152
7571767296
7572029440
7572291584
7572553728
7572815872
7573078016
7573340160
7573602304
7573864448
7574126592
7574388736
7574650880
7574913024
7575175168
7575437312
7575699456
7575961600
7576223744
7576485888
7576748032
7577010176
7577272320
7577534464
7577796608
7578058752
7578320896
7578583040
7578845184
7579107328
7579369472
7579631616
7579893760
7580155904
7580418048
7580680192
7580942336
7581204480
7581466624
7581728768
7581990912
7582253056
7582515200
7582777344
7583039488
7583301632
7583563776
7583825920
7584088064
7584350208
7584612352
7584874496
7585136640
7585398784
7585660928
7585923072
7586185216
7586447360
7586709504
7586971648
7587233792
7587495936
7587758080
7588020224
7588282368
7588544512
7588806656
7589068800
7589330944
7589593088
7589855232
7590117376
7590379520
7590641664
7590903808
7591165952
7591428096
7591690240
7591952384
7592214528
7592476672
7592738816
7593000960
7593263104
7593525248
7593787392
7594049536
7594311680
7594573824
7594835968
7595098112
7595360256
7595622400
7595884544
7596146688
7596408832
7596670976
7596933120
7597195264
7597457408
7597719552
7597981696
7598243840
7598505984
7598768128
7599030272
7599292416
7599554560
7599816704
7600078848
7600340992
7600603136
7600865280
7601127424
7601389568
7601651712
7601913856
7602176000
7602438144
7602700288
7602962432
7603224576
7603486720
7603748864
7604011008
7604273152
7604535296
7604797440
7605059584
7605321728
7605583872
7605846016
7606108160
7606370304
7606632448
7606894592
7607156736
7607418880
7607681024
7607943168
7608205312
7608467456
7608729600
7608991744
7609253888
7609516032
7609778176
7610040320
7610302464
7610564608
7610826752
7611088896
7611351040
7611613184
7611875328
7612137472
7612399616
7612661760
7612923904
7613186048
7613448192
7613710336
7613972480
7614234624
7614496768
7614758912
7615021056
7615283200
7615545344
7615807488
7616069632
7616331776
7616593920
7616856064
7617118208
7617380352
7617642496
7617904640
7618166784
7618428928
7618691072
7618953216
7619215360
7619477504
7619739648
7620001792
7620263936
7620526080
7620788224
7621050368
7621312512
7621574656
7621836800
7622098944
7622361088
7622623232
7622885376
7623147520
7623409664
7623671808
7623933952
7624196096
7624458240
7624720384
7624982528
7625244672
7625506816
7625768960
7626031104
7626293248
7626555392
7626817536
7627079680
7627341824
7627603968
7627866112
7628128256
7628390400
7628652544
7628914688
7629176832
7629438976
7629701120
7629963264
7630225408
7630487552
7630749696
7631011840
7631273984
7631536128
7631798272
7632060416
7632322560
7632584704
7632846848
7633108992
7633371136
7633633280
7633895424
7634157568
7634419712
7634681856
7634944000
7635206144
7635468288
7635730432
7635992576
7636254720
7636516864
7636779008
7637041152
7637303296
7637565440
7637827584
7638089728
7638351872
7638614016
7638876160
7639138304
7639400448
7639662592
7639924736
7640186880
7640449024
7640711168
7640973312
7641235456
7641497600
7641759744
7642021888
7642284032
7642546176
7642808320
7643070464
7643332608
7643594752
7643856896
7644119040
7644381184
7644643328
7644905472
7645167616
7645429760
7645691904
7645954048
7646216192
7646478336
7646740480
7647002624
7647264768
7647526912
7647789056
7648051200
7648313344
7648575488
7648837632
7649099776
7649361920
7649624064
7649886208
7650148352
7650410496
7650672640
7650934784
7651196928
7651459072
7651721216
7651983360
7652245504
7652507648
7652769792
7653031936
7653294080
7653556224
7653818368
7654080512
7654342656
7654604800
7654866944
7655129088
7655391232
7655653376
7655915520
7656177664
7656439808
7656701952
7656964096
7657226240
7657488384
7657750528
7658012672
7658274816
7658536960
7658799104
7659061248
7659323392
7659585536
7659847680
7660109824
7660371968
7660634112
7660896256
7661158400
7661420544
7661682688
7661944832
7662206976
7662469120
7662731264
7662993408
7663255552
7663517696
7663779840
7664041984
7664304128
7664566272
7664828416
7665090560
7665352704
7665614848
7665876992
7666139136
7666401280
7666663424
7666925568
7667187712
7667449856
7667712000
7667974144
7668236288
7668498432
7668760576
7669022720
7669284864
7669547008
7669809152
7670071296
7670333440
7670595584
7670857728
7671119872
7671382016
7671644160
7671906304
7672168448
7672430592
7672692736
7672954880
7673217024
7673479168
7673741312
7674003456
7674265600
7674527744
7674789888
7675052032
7675314176
7675576320
7675838464
7676100608
7676362752
7676624896
7676887040
7677149184
7677411328
7677673472
7677935616
7678197760
7678459904
7678722048
7678984192
7679246336
7679508480
7679770624
7680032768
7680294912
7680557056
7680819200
7681081344
7681343488
7681605632
7681867776
7682129920
7682392064
7682654208
7682916352
7683178496
7683440640
7683702784
7683964928
7684227072
7684489216
7684751360
7685013504
7685275648
7685537792
7685799936
7686062080
7686324224
7686586368
7686848512
7687110656
7687372800
7687634944
7687897088
7688159232
7688421376
7688683520
7688945664
7689207808
7689469952
7689732096
7689994240
7690256384
7690518528
7690780672
7691042816
7691304960
7691567104
7691829248
7692091392
7692353536
7692615680
7692877824
7693139968
7693402112
7693664256
7693926400
7694188544
7694450688
7694712832
7694974976
7695237120
7695499264
7695761408
7696023552
7696285696
7696547840
7696809984
7697072128
7697334272
7697596416
7697858560
7698120704
7698382848
7698644992
7698907136
7699169280
7699431424
7699693568
7699955712
7700217856
7700480000
7700742144
7701004288
7701266432
7701528576
7701790720
7702052864
7702315008
7702577152
7702839296
7703101440
7703363584
7703625728
7703887872
7704150016
7704412160
7704674304
7704936448
7705198592
7705460736
7705722880
7705985024
7706247168
7706509312
7706771456
7707033600
7707295744
7707557888
7707820032
7708082176
7708344320
7708606464
7708868608
7709130752
7709392896
7709655040
7709917184
7710179328
7710441472
7710703616
7710965760
7711227904
7711490048
7711752192
7712014336
7712276480
7712538624
7712800768
7713062912
7713325056
7713587200
7713849344
7714111488
7714373632
7714635776
7714897920
7715160064
7715422208
7715684352
7715946496
7716208640
7716470784
7716732928
7716995072
7717257216
7717519360
7717781504
7718043648
7718305792
7718567936
7718830080
7719092224
7719354368
7719616512
7719878656
7720140800
7720402944
7720665088
7720927232
7721189376
7721451520
7721713664
7721975808
7722237952
7722500096
7722762240
7723024384
7723286528
7723548672
7723810816
7724072960
7724335104
7724597248
7724859392
7725121536
7725383680
7725645824
7725907968
7726170112
7726432256
7726694400
7726956544
7727218688
7727480832
7727742976
7728005120
7728267264
7728529408
7728791552
7729053696
7729315840
7729577984
7729840128
7730102272
7730364416
7730626560
7730888704
7731150848
7731412992
7731675136
7731937280
7732199424
7732461568
7732723712
7732985856
7733248000
7733510144
7733772288
7734034432
7734296576
7734558720
7734820864
7735083008
7735345152
7735607296
7735869440
7736131584
7736393728
7736655872
7736918016
7737180160
7737442304
7737704448
7737966592
7738228736
7738490880
7738753024
7739015168
7739277312
7739539456
7739801600
7740063744
7740325888
7740588032
7740850176
7741112320
7741374464
7741636608
7741898752
7742160896
7742423040
7742685184
7742947328
7743209472
7743471616
7743733760
7743995904
7744258048
7744520192
7744782336
7745044480
7745306624
7745568768
7745830912
7746093056
7746355200
7746617344
7746879488
7747141632
7747403776
7747665920
7747928064
7748190208
7748452352
7748714496
7748976640
7749238784
7749500928
7749763072
7750025216
7750287360
7750549504
7750811648
7751073792
7751335936
7751598080
7751860224
7752122368
7752384512
7752646656
7752908800
7753170944
7753433088
7753695232
7753957376
7754219520
7754481664
7754743808
7755005952
7755268096
7755530240
7755792384
7756054528
7756316672
7756578816
7756840960
7757103104
7757365248
7757627392
7757889536
7758151680
7758413824
7758675968
7758938112
7759200256
7759462400
7759724544
7759986688
7760248832
7760510976
7760773120
7761035264
7761297408
7761559552
7761821696
7762083840
7762345984
7762608128
7762870272
7763132416
7763394560
7763656704
7763918848
7764180992
7764443136
7764705280
7764967424
7765229568
7765491712
7765753856
7766016000
7766278144
7766540288
7766802432
7767064576
7767326720
7767588864
7767851008
7768113152
7768375296
7768637440
7768899584
7769161728
7769423872
7769686016
7769948160
7770210304
7770472448
7770734592
7770996736
7771258880
7771521024
7771783168
7772045312
7772307456
7772569600
7772831744
7773093888
7773356032
7773618176
7773880320
7774142464
7774404608
7774666752
7774928896
7775191040
7775453184
7775715328
7775977472
7776239616
7776501760
7776763904
7777026048
7777288192
7777550336
7777812480
7778074624
7778336768
7778598912
7778861056
7779123200
7779385344
7779647488
7779909632
7780171776
7780433920
7780696064
7780958208
7781220352
7781482496
7781744640
7782006784
7782268928
7782531072
7782793216
7783055360
7783317504
7783579648
7783841792
7784103936
7784366080
7784628224
7784890368
7785152512
7785414656
7785676800
7785938944
7786201088
7786463232
7786725376
7786987520
7787249664
7787511808
7787773952
7788036096
7788298240
7788560384
7788822528
7789084672
7789346816
7789608960
7789871104
7790133248
7790395392
7790657536
7790919680
7791181824
7791443968
7791706112
7791968256
7792230400
7792492544
7792754688
7793016832
7793278976
7793541120
7793803264
7794065408
7794327552
7794589696
7794851840
7795113984
7795376128
7795638272
7795900416
7796162560
7796424704
7796686848
7796948992
7797211136
7797473280
7797735424
7797997568
7798259712
7798521856
7798784000
7799046144
7799308288
7799570432
7799832576
7800094720
7800356864
7800619008
7800881152
7801143296
7801405440
7801667584
7801929728
7802191872
7802454016
7802716160
7802978304
7803240448
7803502592
7803764736
7804026880
7804289024
7804551168
7804813312
7805075456
7805337600
7805599744
7805861888
7806124032
7806386176
7806648320
7806910464
7807172608
7807434752
7807696896
7807959040
7808221184
7808483328
7808745472
7809007616
7809269760
7809531904
7809794048
7810056192
7810318336
7810580480
7810842624
7811104768
7811366912
7811629056
7811891200
7812153344
7812415488
7812677632
7812939776
7813201920
7813464064
7813726208
7813988352
7814250496
7814512640
7814774784
7815036928
7815299072
7815561216
7815823360
7816085504
7816347648
7816609792
7816871936
7817134080
7817396224
7817658368
7817920512
7818182656
7818444800
7818706944
7818969088
7819231232
7819493376
7819755520
7820017664
7820279808
7820541952
7820804096
7821066240
7821328384
7821590528
7821852672
7822114816
7822376960
7822639104
7822901248
7823163392
7823425536
7823687680
7823949824
7824211968
7824474112
7824736256
7824998400
7825260544
7825522688
7825784832
7826046976
7826309120
7826571264
7826833408
7827095552
7827357696
7827619840
7827881984
7828144128
7828406272
7828668416
7828930560
7829192704
7829454848
7829716992
7829979136
7830241280
7830503424
7830765568
7831027712
7831289856
7831552000
7831814144
7832076288
7832338432
7832600576
7832862720
7833124864
7833387008
7833649152
7833911296
7834173440
7834435584
7834697728
7834959872
7835222016
7835484160
7835746304
7836008448
7836270592
7836532736
7836794880
7837057024
7837319168
7837581312
7837843456
7838105600
7838367744
7838629888
7838892032
7839154176
7839416320
7839678464
7839940608
7840202752
7840464896
7840727040
7840989184
7841251328
7841513472
7841775616
7842037760
7842299904
7842562048
7842824192
7843086336
7843348480
7843610624
7843872768
7844134912
7844397056
7844659200
7844921344
7845183488
7845445632
7845707776
7845969920
7846232064
7846494208
7846756352
7847018496
7847280640
7847542784
7847804928
7848067072
7848329216
7848591360
7848853504
7849115648
7849377792
7849639936
7849902080
7850164224
7850426368
7850688512
7850950656
7851212800
7851474944
7851737088
7851999232
7852261376
7852523520
7852785664
7853047808
7853309952
7853572096
7853834240
7854096384
7854358528
7854620672
7854882816
7855144960
7855407104
7855669248
7855931392
7856193536
7856455680
7856717824
7856979968
7857242112
7857504256
7857766400
7858028544
7858290688
7858552832
7858814976
7859077120
7859339264
7859601408
7859863552
7860125696
7860387840
7860649984
7860912128
7861174272
7861436416
7861698560
7861960704
7862222848
7862484992
7862747136
7863009280
7863271424
7863533568
7863795712
7864057856
7864320000
7864582144
7864844288
7865106432
7865368576
7865630720
7865892864
7866155008
7866417152
7866679296
7866941440
7867203584
7867465728
7867727872
7867990016
7868252160
7868514304
7868776448
7869038592
7869300736
7869562880
7869825024
7870087168
7870349312
7870611456
7870873600
7871135744
7871397888
7871660032
7871922176
7872184320
7872446464
7872708608
7872970752
7873232896
7873495040
7873757184
7874019328
7874281472
7874543616
7874805760
7875067904
7875330048
7875592192
7875854336
7876116480
7876378624
7876640768
7876902912
7877165056
7877427200
7877689344
7877951488
7878213632
7878475776
7878737920
7879000064
7879262208
7879524352
7879786496
7880048640
7880310784
7880572928
7880835072
7881097216
7881359360
7881621504
7881883648
7882145792
7882407936
7882670080
7882932224
7883194368
7883456512
7883718656
7883980800
7884242944
7884505088
7884767232
7885029376
7885291520
7885553664
7885815808
7886077952
7886340096
7886602240
7886864384
7887126528
7887388672
7887650816
7887912960
7888175104
7888437248
7888699392
7888961536
7889223680
7889485824
7889747968
7890010112
7890272256
7890534400
7890796544
7891058688
7891320832
7891582976
7891845120
7892107264
7892369408
7892631552
7892893696
7893155840
7893417984
7893680128
7893942272
7894204416
7894466560
7894728704
7894990848
7895252992
7895515136
7895777280
7896039424
7896301568
7896563712
7896825856
7897088000
7897350144
7897612288
7897874432
7898136576
7898398720
7898660864
7898923008
7899185152
7899447296
7899709440
7899971584
7900233728
7900495872
7900758016
7901020160
7901282304
7901544448
7901806592
7902068736
7902330880
7902593024
7902855168
7903117312
7903379456
7903641600
7903903744
7904165888
7904428032
7904690176
7904952320
7905214464
7905476608
7905738752
7906000896
7906263040
7906525184
7906787328
7907049472
7907311616
7907573760
7907835904
7908098048
7908360192
7908622336
7908884480
7909146624
7909408768
7909670912
7909933056
7910195200
7910457344
7910719488
7910981632
7911243776
7911505920
7911768064
7912030208
7912292352
7912554496
7912816640
7913078784
7913340928
7913603072
7913865216
7914127360
7914389504
7914651648
7914913792
7915175936
7915438080
7915700224
7915962368
7916224512
7916486656
7916748800
7917010944
7917273088
7917535232
7917797376
7918059520
7918321664
7918583808
7918845952
7919108096
7919370240
7919632384
7919894528
7920156672
7920418816
7920680960
7920943104
7921205248
7921467392
7921729536
7921991680
7922253824
7922515968
7922778112
7923040256
7923302400
7923564544
7923826688
7924088832
7924350976
7924613120
7924875264
7925137408
7925399552
7925661696
7925923840
7926185984
7926448128
7926710272
7926972416
7927234560
7927496704
7927758848
7928020992
7928283136
7928545280
7928807424
7929069568
7929331712
7929593856
7929856000
7930118144
7930380288
7930642432
7930904576
7931166720
7931428864
7931691008
7931953152
7932215296
7932477440
7932739584
7933001728
7933263872
7933526016
7933788160
7934050304
7934312448
7934574592
7934836736
7935098880
7935361024
7935623168
7935885312
7936147456
7936409600
7936671744
7936933888
7937196032
7937458176
7937720320
7937982464
7938244608
7938506752
7938768896
7939031040
7939293184
7939555328
7939817472
7940079616
7940341760
7940603904
7940866048
7941128192
7941390336
7941652480
7941914624
7942176768
7942438912
7942701056
7942963200
7943225344
7943487488
7943749632
7944011776
7944273920
7944536064
7944798208
7945060352
7945322496
7945584640
7945846784
7946108928
7946371072
7946633216
7946895360
7947157504
7947419648
7947681792
7947943936
7948206080
7948468224
7948730368
7948992512
7949254656
7949516800
7949778944
7950041088
7950303232
7950565376
7950827520
7951089664
7951351808
7951613952
7951876096
7952138240
7952400384
7952662528
7952924672
7953186816
7953448960
7953711104
7953973248
7954235392
7954497536
7954759680
7955021824
7955283968
7955546112
7955808256
7956070400
7956332544
7956594688
7956856832
7957118976
7957381120
7957643264
7957905408
7958167552
7958429696
7958691840
7958953984
7959216128
7959478272
7959740416
7960002560
7960264704
7960526848
7960788992
7961051136
7961313280
7961575424
7961837568
7962099712
7962361856
7962624000
7962886144
7963148288
7963410432
7963672576
7963934720
7964196864
7964459008
7964721152
7964983296
7965245440
7965507584
7965769728
7966031872
7966294016
7966556160
7966818304
7967080448
7967342592
7967604736
7967866880
7968129024
7968391168
7968653312
7968915456
7969177600
7969439744
7969701888
7969964032
7970226176
7970488320
7970750464
7971012608
7971274752
7971536896
7971799040
7972061184
7972323328
7972585472
7972847616
7973109760
7973371904
7973634048
7973896192
7974158336
7974420480
7974682624
7974944768
7975206912
7975469056
7975731200
7975993344
7976255488
7976517632
7976779776
7977041920
7977304064
7977566208
7977828352
7978090496
7978352640
7978614784
7978876928
7979139072
7979401216
7979663360
7979925504
7980187648
7980449792
7980711936
7980974080
7981236224
7981498368
7981760512
7982022656
7982284800
7982546944
7982809088
7983071232
7983333376
7983595520
7983857664
7984119808
7984381952
7984644096
7984906240
7985168384
7985430528
7985692672
7985954816
7986216960
7986479104
7986741248
7987003392
7987265536
7987527680
7987789824
7988051968
7988314112
7988576256
7988838400
7989100544
7989362688
7989624832
7989886976
7990149120
7990411264
7990673408
7990935552
7991197696
7991459840
7991721984
7991984128
7992246272
7992508416
7992770560
7993032704
7993294848
7993556992
7993819136
7994081280
7994343424
7994605568
7994867712
7995129856
7995392000
7995654144
7995916288
7996178432
7996440576
7996702720
7996964864
7997227008
7997489152
7997751296
7998013440
7998275584
7998537728
7998799872
7999062016
7999324160
7999586304
7999848448
8000110592
8000372736
8000634880
8000897024
8001159168
8001421312
8001683456
8001945600
8002207744
8002469888
8002732032
8002994176
8003256320
8003518464
8003780608
8004042752
8004304896
8004567040
8004829184
8005091328
8005353472
8005615616
8005877760
8006139904
8006402048
8006664192
8006926336
8007188480
8007450624
8007712768
8007974912
8008237056
8008499200
8008761344
8009023488
8009285632
8009547776
8009809920
8010072064
8010334208
8010596352
8010858496
8011120640
8011382784
8011644928
8011907072
8012169216
8012431360
8012693504
8012955648
8013217792
8013479936
8013742080
8014004224
8014266368
8014528512
8014790656
8015052800
8015314944
8015577088
8015839232
8016101376
8016363520
8016625664
8016887808
8017149952
8017412096
8017674240
8017936384
8018198528
8018460672
8018722816
8018984960
8019247104
8019509248
8019771392
8020033536
8020295680
8020557824
8020819968
8021082112
8021344256
8021606400
8021868544
8022130688
8022392832
8022654976
8022917120
8023179264
8023441408
8023703552
8023965696
8024227840
8024489984
8024752128
8025014272
8025276416
8025538560
8025800704
8026062848
8026324992
8026587136
8026849280
8027111424
8027373568
8027635712
8027897856
8028160000
8028422144
8028684288
8028946432
8029208576
8029470720
8029732864
8029995008
8030257152
8030519296
8030781440
8031043584
8031305728
8031567872
8031830016
8032092160
8032354304
8032616448
8032878592
8033140736
8033402880
8033665024
8033927168
8034189312
8034451456
8034713600
8034975744
8035237888
8035500032
8035762176
8036024320
8036286464
8036548608
8036810752
8037072896
8037335040
8037597184
8037859328
8038121472
8038383616
8038645760
8038907904
8039170048
8039432192
8039694336
8039956480
8040218624
8040480768
8040742912
8041005056
8041267200
8041529344
8041791488
8042053632
8042315776
8042577920
8042840064
8043102208
8043364352
8043626496
8043888640
8044150784
8044412928
8044675072
8044937216
8045199360
8045461504
8045723648
8045985792
8046247936
8046510080
8046772224
8047034368
8047296512
8047558656
8047820800
8048082944
8048345088
8048607232
8048869376
8049131520
8049393664
8049655808
8049917952
8050180096
8050442240
8050704384
8050966528
8051228672
8051490816
8051752960
8052015104
8052277248
8052539392
8052801536
8053063680
8053325824
8053587968
8053850112
8054112256
8054374400
8054636544
8054898688
8055160832
8055422976
8055685120
8055947264
8056209408
8056471552
8056733696
8056995840
8057257984
8057520128
8057782272
8058044416
8058306560
8058568704
8058830848
8059092992
8059355136
8059617280
8059879424
8060141568
8060403712
8060665856
8060928000
8061190144
8061452288
8061714432
8061976576
8062238720
8062500864
8062763008
8063025152
8063287296
8063549440
8063811584
8064073728
8064335872
8064598016
8064860160
8065122304
8065384448
8065646592
8065908736
8066170880
8066433024
8066695168
8066957312
8067219456
8067481600
8067743744
8068005888
8068268032
8068530176
8068792320
8069054464
8069316608
8069578752
8069840896
8070103040
8070365184
8070627328
8070889472
8071151616
8071413760
8071675904
8071938048
8072200192
8072462336
8072724480
8072986624
8073248768
8073510912
8073773056
8074035200
8074297344
8074559488
8074821632
8075083776
8075345920
8075608064
8075870208
8076132352
8076394496
8076656640
8076918784
8077180928
8077443072
8077705216
8077967360
8078229504
8078491648
8078753792
8079015936
8079278080
8079540224
8079802368
8080064512
8080326656
8080588800
8080850944
8081113088
8081375232
8081637376
8081899520
8082161664
8082423808
8082685952
8082948096
8083210240
8083472384
8083734528
8083996672
8084258816
8084520960
8084783104
8085045248
8085307392
8085569536
8085831680
8086093824
8086355968
8086618112
8086880256
8087142400
8087404544
8087666688
8087928832
8088190976
8088453120
8088715264
8088977408
8089239552
8089501696
8089763840
8090025984
8090288128
8090550272
8090812416
8091074560
8091336704
8091598848
8091860992
8092123136
8092385280
8092647424
8092909568
8093171712
8093433856
8093696000
8093958144
8094220288
8094482432
8094744576
8095006720
8095268864
8095531008
8095793152
8096055296
8096317440
8096579584
8096841728
8097103872
8097366016
8097628160
8097890304
8098152448
8098414592
8098676736
8098938880
8099201024
8099463168
8099725312
8099987456
8100249600
8100511744
8100773888
8101036032
8101298176
8101560320
8101822464
8102084608
8102346752
8102608896
8102871040
8103133184
8103395328
8103657472
8103919616
8104181760
8104443904
8104706048
8104968192
8105230336
8105492480
8105754624
8106016768
8106278912
8106541056
8106803200
8107065344
8107327488
8107589632
8107851776
8108113920
8108376064
8108638208
8108900352
8109162496
8109424640
8109686784
8109948928
8110211072
8110473216
8110735360
8110997504
8111259648
8111521792
8111783936
8112046080
8112308224
8112570368
8112832512
8113094656
8113356800
8113618944
8113881088
8114143232
8114405376
8114667520
8114929664
8115191808
8115453952
8115716096
8115978240
8116240384
8116502528
8116764672
8117026816
8117288960
8117551104
8117813248
8118075392
8118337536
8118599680
8118861824
8119123968
8119386112
8119648256
8119910400
8120172544
8120434688
8120696832
8120958976
8121221120
8121483264
8121745408
8122007552
8122269696
8122531840
8122793984
8123056128
8123318272
8123580416
8123842560
8124104704
8124366848
8124628992
8124891136
8125153280
8125415424
8125677568
8125939712
8126201856
8126464000
8126726144
8126988288
8127250432
8127512576
8127774720
8128036864
8128299008
8128561152
8128823296
8129085440
8129347584
8129609728
8129871872
8130134016
8130396160
8130658304
8130920448
8131182592
8131444736
8131706880
8131969024
8132231168
8132493312
8132755456
8133017600
8133279744
8133541888
8133804032
8134066176
8134328320
8134590464
8134852608
8135114752
8135376896
8135639040
8135901184
8136163328
8136425472
8136687616
8136949760
8137211904
8137474048
8137736192
8137998336
8138260480
8138522624
8138784768
8139046912
8139309056
8139571200
8139833344
8140095488
8140357632
8140619776
8140881920
8141144064
8141406208
8141668352
8141930496
8142192640
8142454784
8142716928
8142979072
8143241216
8143503360
8143765504
8144027648
8144289792
8144551936
8144814080
8145076224
8145338368
8145600512
8145862656
8146124800
8146386944
8146649088
8146911232
8147173376
8147435520
8147697664
8147959808
8148221952
8148484096
8148746240
8149008384
8149270528
8149532672
8149794816
8150056960
8150319104
8150581248
8150843392
8151105536
8151367680
8151629824
8151891968
8152154112
8152416256
8152678400
8152940544
8153202688
8153464832
8153726976
8153989120
8154251264
8154513408
8154775552
8155037696
8155299840
8155561984
8155824128
8156086272
8156348416
8156610560
8156872704
8157134848
8157396992
8157659136
8157921280
8158183424
8158445568
8158707712
8158969856
8159232000
8159494144
8159756288
8160018432
8160280576
8160542720
8160804864
8161067008
8161329152
8161591296
8161853440
8162115584
8162377728
8162639872
8162902016
8163164160
8163426304
8163688448
8163950592
8164212736
8164474880
8164737024
8164999168
8165261312
8165523456
8165785600
8166047744
8166309888
8166572032
8166834176
8167096320
8167358464
8167620608
8167882752
8168144896
8168407040
8168669184
8168931328
8169193472
8169455616
8169717760
8169979904
8170242048
8170504192
8170766336
8171028480
8171290624
8171552768
8171814912
8172077056
8172339200
8172601344
8172863488
8173125632
8173387776
8173649920
8173912064
8174174208
8174436352
8174698496
8174960640
8175222784
8175484928
8175747072
8176009216
8176271360
8176533504
8176795648
8177057792
8177319936
8177582080
8177844224
8178106368
8178368512
8178630656
8178892800
8179154944
8179417088
8179679232
8179941376
8180203520
8180465664
8180727808
8180989952
8181252096
8181514240
8181776384
8182038528
8182300672
8182562816
8182824960
8183087104
8183349248
8183611392
8183873536
8184135680
8184397824
8184659968
8184922112
8185184256
8185446400
8185708544
8185970688
8186232832
8186494976
8186757120
8187019264
8187281408
8187543552
8187805696
8188067840
8188329984
8188592128
8188854272
8189116416
8189378560
8189640704
8189902848
8190164992
8190427136
8190689280
8190951424
8191213568
8191475712
8191737856
8192000000
8192262144
8192524288
8192786432
8193048576
8193310720
8193572864
8193835008
8194097152
8194359296
8194621440
8194883584
8195145728
8195407872
8195670016
8195932160
8196194304
8196456448
8196718592
8196980736
8197242880
8197505024
8197767168
8198029312
8198291456
8198553600
8198815744
8199077888
8199340032
8199602176
8199864320
8200126464
8200388608
8200650752
8200912896
8201175040
8201437184
8201699328
8201961472
8202223616
8202485760
8202747904
8203010048
8203272192
8203534336
8203796480
8204058624
8204320768
8204582912
8204845056
8205107200
8205369344
8205631488
8205893632
8206155776
8206417920
8206680064
8206942208
8207204352
8207466496
8207728640
8207990784
8208252928
8208515072
8208777216
8209039360
8209301504
8209563648
8209825792
8210087936
8210350080
8210612224
8210874368
8211136512
8211398656
8211660800
8211922944
8212185088
8212447232
8212709376
8212971520
8213233664
8213495808
8213757952
8214020096
8214282240
8214544384
8214806528
8215068672
8215330816
8215592960
8215855104
8216117248
8216379392
8216641536
8216903680
8217165824
8217427968
8217690112
8217952256
8218214400
8218476544
8218738688
8219000832
8219262976
8219525120
8219787264
8220049408
8220311552
8220573696
8220835840
8221097984
8221360128
8221622272
8221884416
8222146560
8222408704
8222670848
8222932992
8223195136
8223457280
8223719424
8223981568
8224243712
8224505856
8224768000
8225030144
8225292288
8225554432
8225816576
8226078720
8226340864
8226603008
8226865152
8227127296
8227389440
8227651584
8227913728
8228175872
8228438016
8228700160
8228962304
8229224448
8229486592
8229748736
8230010880
8230273024
8230535168
8230797312
8231059456
8231321600
8231583744
8231845888
8232108032
8232370176
8232632320
8232894464
8233156608
8233418752
8233680896
8233943040
8234205184
8234467328
8234729472
8234991616
8235253760
8235515904
8235778048
8236040192
8236302336
8236564480
8236826624
8237088768
8237350912
8237613056
8237875200
8238137344
8238399488
8238661632
8238923776
8239185920
8239448064
8239710208
8239972352
8240234496
8240496640
8240758784
8241020928
8241283072
8241545216
8241807360
8242069504
8242331648
8242593792
8242855936
8243118080
8243380224
8243642368
8243904512
8244166656
8244428800
8244690944
8244953088
8245215232
8245477376
8245739520
8246001664
8246263808
8246525952
8246788096
8247050240
8247312384
8247574528
8247836672
8248098816
8248360960
8248623104
8248885248
8249147392
8249409536
8249671680
8249933824
8250195968
8250458112
8250720256
8250982400
8251244544
8251506688
8251768832
8252030976
8252293120
8252555264
8252817408
8253079552
8253341696
8253603840
8253865984
8254128128
8254390272
8254652416
8254914560
8255176704
8255438848
8255700992
8255963136
8256225280
8256487424
8256749568
8257011712
8257273856
8257536000
8257798144
8258060288
8258322432
8258584576
8258846720
8259108864
8259371008
8259633152
8259895296
8260157440
8260419584
8260681728
8260943872
8261206016
8261468160
8261730304
8261992448
8262254592
8262516736
8262778880
8263041024
8263303168
8263565312
8263827456
8264089600
8264351744
8264613888
8264876032
8265138176
8265400320
8265662464
8265924608
8266186752
8266448896
8266711040
8266973184
8267235328
8267497472
8267759616
8268021760
8268283904
8268546048
8268808192
8269070336
8269332480
8269594624
8269856768
8270118912
8270381056
8270643200
8270905344
8271167488
8271429632
8271691776
8271953920
8272216064
8272478208
8272740352
8273002496
8273264640
8273526784
8273788928
8274051072
8274313216
8274575360
8274837504
8275099648
8275361792
8275623936
8275886080
8276148224
8276410368
8276672512
8276934656
8277196800
8277458944
8277721088
8277983232
8278245376
8278507520
8278769664
8279031808
8279293952
8279556096
8279818240
8280080384
8280342528
8280604672
8280866816
8281128960
8281391104
8281653248
8281915392
8282177536
8282439680
8282701824
8282963968
8283226112
8283488256
8283750400
8284012544
8284274688
8284536832
8284798976
8285061120
8285323264
8285585408
8285847552
8286109696
8286371840
8286633984
8286896128
8287158272
8287420416
8287682560
8287944704
8288206848
8288468992
8288731136
8288993280
8289255424
8289517568
8289779712
8290041856
8290304000
8290566144
8290828288
8291090432
8291352576
8291614720
8291876864
8292139008
8292401152
8292663296
8292925440
8293187584
8293449728
8293711872
8293974016
8294236160
8294498304
8294760448
8295022592
8295284736
8295546880
8295809024
8296071168
8296333312
8296595456
8296857600
8297119744
8297381888
8297644032
8297906176
8298168320
8298430464
8298692608
8298954752
8299216896
8299479040
8299741184
8300003328
8300265472
8300527616
8300789760
8301051904
8301314048
8301576192
8301838336
8302100480
8302362624
8302624768
8302886912
8303149056
8303411200
8303673344
8303935488
8304197632
8304459776
8304721920
8304984064
8305246208
8305508352
8305770496
8306032640
8306294784
8306556928
8306819072
8307081216
8307343360
8307605504
8307867648
8308129792
8308391936
8308654080
8308916224
8309178368
8309440512
8309702656
8309964800
8310226944
8310489088
8310751232
8311013376
8311275520
8311537664
8311799808
8312061952
8312324096
8312586240
8312848384
8313110528
8313372672
8313634816
8313896960
8314159104
8314421248
8314683392
8314945536
8315207680
8315469824
8315731968
8315994112
8316256256
8316518400
8316780544
8317042688
8317304832
8317566976
8317829120
8318091264
8318353408
8318615552
8318877696
8319139840
8319401984
8319664128
8319926272
8320188416
8320450560
8320712704
8320974848
8321236992
8321499136
8321761280
8322023424
8322285568
8322547712
8322809856
8323072000
8323334144
8323596288
8323858432
8324120576
8324382720
8324644864
8324907008
8325169152
8325431296
8325693440
8325955584
8326217728
8326479872
8326742016
8327004160
8327266304
8327528448
8327790592
8328052736
8328314880
8328577024
8328839168
8329101312
8329363456
8329625600
8329887744
8330149888
8330412032
8330674176
8330936320
8331198464
8331460608
8331722752
8331984896
8332247040
8332509184
8332771328
8333033472
8333295616
8333557760
8333819904
8334082048
8334344192
8334606336
8334868480
8335130624
8335392768
8335654912
8335917056
8336179200
8336441344
8336703488
8336965632
8337227776
8337489920
8337752064
8338014208
8338276352
8338538496
8338800640
8339062784
8339324928
8339587072
8339849216
8340111360
8340373504
8340635648
8340897792
8341159936
8341422080
8341684224
8341946368
8342208512
8342470656
8342732800
8342994944
8343257088
8343519232
8343781376
8344043520
8344305664
8344567808
8344829952
8345092096
8345354240
8345616384
8345878528
8346140672
8346402816
8346664960
8346927104
8347189248
8347451392
8347713536
8347975680
8348237824
8348499968
8348762112
8349024256
8349286400
8349548544
8349810688
8350072832
8350334976
8350597120
8350859264
8351121408
8351383552
8351645696
8351907840
8352169984
8352432128
8352694272
8352956416
8353218560
8353480704
8353742848
8354004992
8354267136
8354529280
8354791424
8355053568
8355315712
8355577856
8355840000
8356102144
8356364288
8356626432
8356888576
8357150720
8357412864
8357675008
8357937152
8358199296
8358461440
8358723584
8358985728
8359247872
8359510016
8359772160
8360034304
8360296448
8360558592
8360820736
8361082880
8361345024
8361607168
8361869312
8362131456
8362393600
8362655744
8362917888
8363180032
8363442176
8363704320
8363966464
8364228608
8364490752
8364752896
8365015040
8365277184
8365539328
8365801472
8366063616
8366325760
8366587904
8366850048
8367112192
8367374336
8367636480
8367898624
8368160768
8368422912
8368685056
8368947200
8369209344
8369471488
8369733632
8369995776
8370257920
8370520064
8370782208
8371044352
8371306496
8371568640
8371830784
8372092928
8372355072
8372617216
8372879360
8373141504
8373403648
8373665792
8373927936
8374190080
8374452224
8374714368
8374976512
8375238656
8375500800
8375762944
8376025088
8376287232
8376549376
8376811520
8377073664
8377335808
8377597952
8377860096
8378122240
8378384384
8378646528
8378908672
8379170816
8379432960
8379695104
8379957248
8380219392
8380481536
8380743680
8381005824
8381267968
8381530112
8381792256
8382054400
8382316544
8382578688
8382840832
8383102976
8383365120
8383627264
8383889408
8384151552
8384413696
8384675840
8384937984
8385200128
8385462272
8385724416
8385986560
8386248704
8386510848
8386772992
8387035136
8387297280
8387559424
8387821568
8388083712
8388345856
8388608000
8388870144
8389132288
8389394432
8389656576
8389918720
8390180864
8390443008
8390705152
8390967296
8391229440
8391491584
8391753728
8392015872
8392278016
8392540160
8392802304
8393064448
8393326592
8393588736
8393850880
8394113024
8394375168
8394637312
8394899456
8395161600
8395423744
8395685888
8395948032
8396210176
8396472320
8396734464
8396996608
8397258752
8397520896
8397783040
8398045184
8398307328
8398569472
8398831616
8399093760
8399355904
8399618048
8399880192
8400142336
8400404480
8400666624
8400928768
8401190912
8401453056
8401715200
8401977344
8402239488
8402501632
8402763776
8403025920
8403288064
8403550208
8403812352
8404074496
8404336640
8404598784
8404860928
8405123072
8405385216
8405647360
8405909504
8406171648
8406433792
8406695936
8406958080
8407220224
8407482368
8407744512
8408006656
8408268800
8408530944
8408793088
8409055232
8409317376
8409579520
8409841664
8410103808
8410365952
8410628096
8410890240
8411152384
8411414528
8411676672
8411938816
8412200960
8412463104
8412725248
8412987392
8413249536
8413511680
8413773824
8414035968
8414298112
8414560256
8414822400
8415084544
8415346688
8415608832
8415870976
8416133120
8416395264
8416657408
8416919552
8417181696
8417443840
8417705984
8417968128
8418230272
8418492416
8418754560
8419016704
8419278848
8419540992
8419803136
8420065280
8420327424
8420589568
8420851712
8421113856
8421376000
8421638144
8421900288
8422162432
8422424576
8422686720
8422948864
8423211008
8423473152
8423735296
8423997440
8424259584
8424521728
8424783872
8425046016
8425308160
8425570304
8425832448
8426094592
8426356736
8426618880
8426881024
8427143168
8427405312
8427667456
8427929600
8428191744
8428453888
8428716032
8428978176
8429240320
8429502464
8429764608
8430026752
8430288896
8430551040
8430813184
8431075328
8431337472
8431599616
8431861760
8432123904
8432386048
8432648192
8432910336
8433172480
8433434624
8433696768
8433958912
8434221056
8434483200
8434745344
8435007488
8435269632
8435531776
8435793920
8436056064
8436318208
8436580352
8436842496
8437104640
8437366784
8437628928
8437891072
8438153216
8438415360
8438677504
8438939648
8439201792
8439463936
8439726080
8439988224
8440250368
8440512512
8440774656
8441036800
8441298944
8441561088
8441823232
8442085376
8442347520
8442609664
8442871808
8443133952
8443396096
8443658240
8443920384
8444182528
8444444672
8444706816
8444968960
8445231104
8445493248
8445755392
8446017536
8446279680
8446541824
8446803968
8447066112
8447328256
8447590400
8447852544
8448114688
8448376832
8448638976
8448901120
8449163264
8449425408
8449687552
8449949696
8450211840
8450473984
8450736128
8450998272
8451260416
8451522560
8451784704
8452046848
8452308992
8452571136
8452833280
8453095424
8453357568
8453619712
8453881856
8454144000
8454406144
8454668288
8454930432
8455192576
8455454720
8455716864
8455979008
8456241152
8456503296
8456765440
8457027584
8457289728
8457551872
8457814016
8458076160
8458338304
8458600448
8458862592
8459124736
8459386880
8459649024
8459911168
8460173312
8460435456
8460697600
8460959744
8461221888
8461484032
8461746176
8462008320
8462270464
8462532608
8462794752
8463056896
8463319040
8463581184
8463843328
8464105472
8464367616
8464629760
8464891904
8465154048
8465416192
8465678336
8465940480
8466202624
8466464768
8466726912
8466989056
8467251200
8467513344
8467775488
8468037632
8468299776
8468561920
8468824064
8469086208
8469348352
8469610496
8469872640
8470134784
8470396928
8470659072
8470921216
8471183360
8471445504
8471707648
8471969792
8472231936
8472494080
8472756224
8473018368
8473280512
8473542656
8473804800
8474066944
8474329088
8474591232
8474853376
8475115520
8475377664
8475639808
8475901952
8476164096
8476426240
8476688384
8476950528
8477212672
8477474816
8477736960
8477999104
8478261248
8478523392
8478785536
8479047680
8479309824
8479571968
8479834112
8480096256
8480358400
8480620544
8480882688
8481144832
8481406976
8481669120
8481931264
8482193408
8482455552
8482717696
8482979840
8483241984
8483504128
8483766272
8484028416
8484290560
8484552704
8484814848
8485076992
8485339136
8485601280
8485863424
8486125568
8486387712
8486649856
8486912000
8487174144
8487436288
8487698432
8487960576
8488222720
8488484864
8488747008
8489009152
8489271296
8489533440
8489795584
8490057728
8490319872
8490582016
8490844160
8491106304
8491368448
8491630592
8491892736
8492154880
8492417024
8492679168
8492941312
8493203456
8493465600
8493727744
8493989888
8494252032
8494514176
8494776320
8495038464
8495300608
8495562752
8495824896
8496087040
8496349184
8496611328
8496873472
8497135616
8497397760
8497659904
8497922048
8498184192
8498446336
8498708480
8498970624
8499232768
8499494912
8499757056
8500019200
8500281344
8500543488
8500805632
8501067776
8501329920
8501592064
8501854208
8502116352
8502378496
8502640640
8502902784
8503164928
8503427072
8503689216
8503951360
8504213504
8504475648
8504737792
8504999936
8505262080
8505524224
8505786368
8506048512
8506310656
8506572800
8506834944
8507097088
8507359232
8507621376
8507883520
8508145664
8508407808
8508669952
8508932096
8509194240
8509456384
8509718528
8509980672
8510242816
8510504960
8510767104
8511029248
8511291392
8511553536
8511815680
8512077824
8512339968
8512602112
8512864256
8513126400
8513388544
8513650688
8513912832
8514174976
8514437120
8514699264
8514961408
8515223552
8515485696
8515747840
8516009984
8516272128
8516534272
8516796416
8517058560
8517320704
8517582848
8517844992
8518107136
8518369280
8518631424
8518893568
8519155712
8519417856
8519680000
8519942144
8520204288
8520466432
8520728576
8520990720
8521252864
8521515008
8521777152
8522039296
8522301440
8522563584
8522825728
8523087872
8523350016
8523612160
8523874304
8524136448
8524398592
8524660736
8524922880
8525185024
8525447168
8525709312
8525971456
8526233600
8526495744
8526757888
8527020032
8527282176
8527544320
8527806464
8528068608
8528330752
8528592896
8528855040
8529117184
8529379328
8529641472
8529903616
8530165760
8530427904
8530690048
8530952192
8531214336
8531476480
8531738624
8532000768
8532262912
8532525056
8532787200
8533049344
8533311488
8533573632
8533835776
8534097920
8534360064
8534622208
8534884352
8535146496
8535408640
8535670784
8535932928
8536195072
8536457216
8536719360
8536981504
8537243648
8537505792
8537767936
8538030080
8538292224
8538554368
8538816512
8539078656
8539340800
8539602944
8539865088
8540127232
8540389376
8540651520
8540913664
8541175808
8541437952
8541700096
8541962240
8542224384
8542486528
8542748672
8543010816
8543272960
8543535104
8543797248
8544059392
8544321536
8544583680
8544845824
8545107968
8545370112
8545632256
8545894400
8546156544
8546418688
8546680832
8546942976
8547205120
8547467264
8547729408
8547991552
8548253696
8548515840
8548777984
8549040128
8549302272
8549564416
8549826560
8550088704
8550350848
8550612992
8550875136
8551137280
8551399424
8551661568
8551923712
8552185856
8552448000
8552710144
8552972288
8553234432
8553496576
8553758720
8554020864
8554283008
8554545152
8554807296
8555069440
8555331584
8555593728
8555855872
8556118016
8556380160
8556642304
8556904448
8557166592
8557428736
8557690880
8557953024
8558215168
8558477312
8558739456
8559001600
8559263744
8559525888
8559788032
8560050176
8560312320
8560574464
8560836608
8561098752
8561360896
8561623040
8561885184
8562147328
8562409472
8562671616
8562933760
8563195904
8563458048
8563720192
8563982336
8564244480
8564506624
8564768768
8565030912
8565293056
8565555200
8565817344
8566079488
8566341632
8566603776
8566865920
8567128064
8567390208
8567652352
8567914496
8568176640
8568438784
8568700928
8568963072
8569225216
8569487360
8569749504
8570011648
8570273792
8570535936
8570798080
8571060224
8571322368
8571584512
8571846656
8572108800
8572370944
8572633088
8572895232
8573157376
8573419520
8573681664
8573943808
8574205952
8574468096
8574730240
8574992384
8575254528
8575516672
8575778816
8576040960
8576303104
8576565248
8576827392
8577089536
8577351680
8577613824
8577875968
8578138112
8578400256
8578662400
8578924544
8579186688
8579448832
8579710976
8579973120
8580235264
8580497408
8580759552
8581021696
8581283840
8581545984
8581808128
8582070272
8582332416
8582594560
8582856704
8583118848
8583380992
8583643136
8583905280
8584167424
8584429568
8584691712
8584953856
8585216000
8585478144
8585740288
8586002432
8586264576
8586526720
8586788864
8587051008
8587313152
8587575296
8587837440
8588099584
8588361728
8588623872
8588886016
8589148160
8589410304
8589672448
8589934592
8590196736
8590458880
8590721024
8590983168
8591245312
8591507456
8591769600
8592031744
8592293888
8592556032
8592818176
8593080320
8593342464
8593604608
8593866752
8594128896
8594391040
8594653184
8594915328
8595177472
8595439616
8595701760
8595963904
8596226048
8596488192
8596750336
8597012480
8597274624
8597536768
8597798912
8598061056
8598323200
8598585344
8598847488
8599109632
8599371776
8599633920
8599896064
8600158208
8600420352
8600682496
8600944640
8601206784
8601468928
8601731072
8601993216
8602255360
8602517504
8602779648
8603041792
8603303936
8603566080
8603828224
8604090368
8604352512
8604614656
8604876800
8605138944
8605401088
8605663232
8605925376
8606187520
8606449664
8606711808
8606973952
8607236096
8607498240
8607760384
8608022528
8608284672
8608546816
8608808960
8609071104
8609333248
8609595392
8609857536
8610119680
8610381824
8610643968
8610906112
8611168256
8611430400
8611692544
8611954688
8612216832
8612478976
8612741120
8613003264
8613265408
8613527552
8613789696
8614051840
8614313984
8614576128
8614838272
8615100416
8615362560
8615624704
8615886848
8616148992
8616411136
8616673280
8616935424
8617197568
8617459712
8617721856
8617984000
8618246144
8618508288
8618770432
8619032576
8619294720
8619556864
8619819008
8620081152
8620343296
8620605440
8620867584
8621129728
8621391872
8621654016
8621916160
8622178304
8622440448
8622702592
8622964736
8623226880
8623489024
8623751168
8624013312
8624275456
8624537600
8624799744
8625061888
8625324032
8625586176
8625848320
8626110464
8626372608
8626634752
8626896896
8627159040
8627421184
8627683328
8627945472
8628207616
8628469760
8628731904
8628994048
8629256192
8629518336
8629780480
8630042624
8630304768
8630566912
8630829056
8631091200
8631353344
8631615488
8631877632
8632139776
8632401920
8632664064
8632926208
8633188352
8633450496
8633712640
8633974784
8634236928
8634499072
8634761216
8635023360
8635285504
8635547648
8635809792
8636071936
8636334080
8636596224
8636858368
8637120512
8637382656
8637644800
8637906944
8638169088
8638431232
8638693376
8638955520
8639217664
8639479808
8639741952
8640004096
8640266240
8640528384
8640790528
8641052672
8641314816
8641576960
8641839104
8642101248
8642363392
8642625536
8642887680
8643149824
8643411968
8643674112
8643936256
8644198400
8644460544
8644722688
8644984832
8645246976
8645509120
8645771264
8646033408
8646295552
8646557696
8646819840
8647081984
8647344128
8647606272
8647868416
8648130560
8648392704
8648654848
8648916992
8649179136
8649441280
8649703424
8649965568
8650227712
8650489856
8650752000
8651014144
8651276288
8651538432
8651800576
8652062720
8652324864
8652587008
8652849152
8653111296
8653373440
8653635584
8653897728
8654159872
8654422016
8654684160
8654946304
8655208448
8655470592
8655732736
8655994880
8656257024
8656519168
8656781312
8657043456
8657305600
8657567744
8657829888
8658092032
8658354176
8658616320
8658878464
8659140608
8659402752
8659664896
8659927040
8660189184
8660451328
8660713472
8660975616
8661237760
8661499904
8661762048
8662024192
8662286336
8662548480
8662810624
8663072768
8663334912
8663597056
8663859200
8664121344
8664383488
8664645632
8664907776
8665169920
8665432064
8665694208
8665956352
8666218496
8666480640
8666742784
8667004928
8667267072
8667529216
8667791360
8668053504
8668315648
8668577792
8668839936
8669102080
8669364224
8669626368
8669888512
8670150656
8670412800
8670674944
8670937088
8671199232
8671461376
8671723520
8671985664
8672247808
8672509952
8672772096
8673034240
8673296384
8673558528
8673820672
8674082816
8674344960
8674607104
8674869248
8675131392
8675393536
8675655680
8675917824
8676179968
8676442112
8676704256
8676966400
8677228544
8677490688
8677752832
8678014976
8678277120
8678539264
8678801408
8679063552
8679325696
8679587840
8679849984
8680112128
8680374272
8680636416
8680898560
8681160704
8681422848
8681684992
8681947136
8682209280
8682471424
8682733568
8682995712
8683257856
8683520000
8683782144
8684044288
8684306432
8684568576
8684830720
8685092864
8685355008
8685617152
8685879296
8686141440
8686403584
8686665728
8686927872
8687190016
8687452160
8687714304
8687976448
8688238592
8688500736
8688762880
8689025024
8689287168
8689549312
8689811456
8690073600
8690335744
8690597888
8690860032
8691122176
8691384320
8691646464
8691908608
8692170752
8692432896
8692695040
8692957184
8693219328
8693481472
8693743616
8694005760
8694267904
8694530048
8694792192
8695054336
8695316480
8695578624
8695840768
8696102912
8696365056
8696627200
8696889344
8697151488
8697413632
8697675776
8697937920
8698200064
8698462208
8698724352
8698986496
8699248640
8699510784
8699772928
8700035072
8700297216
8700559360
8700821504
8701083648
8701345792
8701607936
8701870080
8702132224
8702394368
8702656512
8702918656
8703180800
8703442944
8703705088
8703967232
8704229376
8704491520
8704753664
8705015808
8705277952
8705540096
8705802240
8706064384
8706326528
8706588672
8706850816
8707112960
8707375104
8707637248
8707899392
8708161536
8708423680
8708685824
8708947968
8709210112
8709472256
8709734400
8709996544
8710258688
8710520832
8710782976
8711045120
8711307264
8711569408
8711831552
8712093696
8712355840
8712617984
8712880128
8713142272
8713404416
8713666560
8713928704
8714190848
8714452992
8714715136
8714977280
8715239424
8715501568
8715763712
8716025856
8716288000
8716550144
8716812288
8717074432
8717336576
8717598720
8717860864
8718123008
8718385152
8718647296
8718909440
8719171584
8719433728
8719695872
8719958016
8720220160
8720482304
8720744448
8721006592
8721268736
8721530880
8721793024
8722055168
8722317312
8722579456
8722841600
8723103744
8723365888
8723628032
8723890176
8724152320
8724414464
8724676608
8724938752
8725200896
8725463040
8725725184
8725987328
8726249472
8726511616
8726773760
8727035904
8727298048
8727560192
8727822336
8728084480
8728346624
8728608768
8728870912
8729133056
8729395200
8729657344
8729919488
8730181632
8730443776
8730705920
8730968064
8731230208
8731492352
8731754496
8732016640
8732278784
8732540928
8732803072
8733065216
8733327360
8733589504
8733851648
8734113792
8734375936
8734638080
8734900224
8735162368
8735424512
8735686656
8735948800
8736210944
8736473088
8736735232
8736997376
8737259520
8737521664
8737783808
8738045952
8738308096
8738570240
8738832384
8739094528
8739356672
8739618816
8739880960
8740143104
8740405248
8740667392
8740929536
8741191680
8741453824
8741715968
8741978112
8742240256
8742502400
8742764544
8743026688
8743288832
8743550976
8743813120
8744075264
8744337408
8744599552
8744861696
8745123840
8745385984
8745648128
8745910272
8746172416
8746434560
8746696704
8746958848
8747220992
8747483136
8747745280
8748007424
8748269568
8748531712
8748793856
8749056000
8749318144
8749580288
8749842432
8750104576
8750366720
8750628864
8750891008
8751153152
8751415296
8751677440
8751939584
8752201728
8752463872
8752726016
8752988160
8753250304
8753512448
8753774592
8754036736
8754298880
8754561024
8754823168
8755085312
8755347456
8755609600
8755871744
8756133888
8756396032
8756658176
8756920320
8757182464
8757444608
8757706752
8757968896
8758231040
8758493184
8758755328
8759017472
8759279616
8759541760
8759803904
8760066048
8760328192
8760590336
8760852480
8761114624
8761376768
8761638912
8761901056
8762163200
8762425344
8762687488
8762949632
8763211776
8763473920
8763736064
8763998208
8764260352
8764522496
8764784640
8765046784
8765308928
8765571072
8765833216
8766095360
8766357504
8766619648
8766881792
8767143936
8767406080
8767668224
8767930368
8768192512
8768454656
8768716800
8768978944
8769241088
8769503232
8769765376
8770027520
8770289664
8770551808
8770813952
8771076096
8771338240
8771600384
8771862528
8772124672
8772386816
8772648960
8772911104
8773173248
8773435392
8773697536
8773959680
8774221824
8774483968
8774746112
8775008256
8775270400
8775532544
8775794688
8776056832
8776318976
8776581120
8776843264
8777105408
8777367552
8777629696
8777891840
8778153984
8778416128
8778678272
8778940416
8779202560
8779464704
8779726848
8779988992
8780251136
8780513280
8780775424
8781037568
8781299712
8781561856
8781824000
8782086144
8782348288
8782610432
8782872576
8783134720
8783396864
8783659008
8783921152
8784183296
8784445440
8784707584
8784969728
8785231872
8785494016
8785756160
8786018304
8786280448
8786542592
8786804736
8787066880
8787329024
8787591168
8787853312
8788115456
8788377600
8788639744
8788901888
8789164032
8789426176
8789688320
8789950464
8790212608
8790474752
8790736896
8790999040
8791261184
8791523328
8791785472
8792047616
8792309760
8792571904
8792834048
8793096192
8793358336
8793620480
8793882624
8794144768
8794406912
8794669056
8794931200
8795193344
8795455488
8795717632
8795979776
8796241920
8796504064
8796766208
8797028352
8797290496
8797552640
8797814784
8798076928
8798339072
8798601216
8798863360
8799125504
8799387648
8799649792
8799911936
8800174080
8800436224
8800698368
8800960512
8801222656
8801484800
8801746944
8802009088
8802271232
8802533376
8802795520
8803057664
8803319808
8803581952
8803844096
8804106240
8804368384
8804630528
8804892672
8805154816
8805416960
8805679104
8805941248
8806203392
8806465536
8806727680
8806989824
8807251968
8807514112
8807776256
8808038400
8808300544
8808562688
8808824832
8809086976
8809349120
8809611264
8809873408
8810135552
8810397696
8810659840
8810921984
8811184128
8811446272
8811708416
8811970560
8812232704
8812494848
8812756992
8813019136
8813281280
8813543424
8813805568
8814067712
8814329856
8814592000
8814854144
8815116288
8815378432
8815640576
8815902720
8816164864
8816427008
8816689152
8816951296
8817213440
8817475584
8817737728
8817999872
8818262016
8818524160
8818786304
8819048448
8819310592
8819572736
8819834880
8820097024
8820359168
8820621312
8820883456
8821145600
8821407744
8821669888
8821932032
8822194176
8822456320
8822718464
8822980608
8823242752
8823504896
8823767040
8824029184
8824291328
8824553472
8824815616
8825077760
8825339904
8825602048
8825864192
8826126336
8826388480
8826650624
8826912768
8827174912
8827437056
8827699200
8827961344
8828223488
8828485632
8828747776
8829009920
8829272064
8829534208
8829796352
8830058496
8830320640
8830582784
8830844928
8831107072
8831369216
8831631360
8831893504
8832155648
8832417792
8832679936
8832942080
8833204224
8833466368
8833728512
8833990656
8834252800
8834514944
8834777088
8835039232
8835301376
8835563520
8835825664
8836087808
8836349952
8836612096
8836874240
8837136384
8837398528
8837660672
8837922816
8838184960
8838447104
8838709248
8838971392
8839233536
8839495680
8839757824
8840019968
8840282112
8840544256
8840806400
8841068544
8841330688
8841592832
8841854976
8842117120
8842379264
8842641408
8842903552
8843165696
8843427840
8843689984
8843952128
8844214272
8844476416
8844738560
8845000704
8845262848
8845524992
8845787136
8846049280
8846311424
8846573568
8846835712
8847097856
8847360000
8847622144
8847884288
8848146432
8848408576
8848670720
8848932864
8849195008
8849457152
8849719296
8849981440
8850243584
8850505728
8850767872
8851030016
8851292160
8851554304
8851816448
8852078592
8852340736
8852602880
8852865024
8853127168
8853389312
8853651456
8853913600
8854175744
8854437888
8854700032
8854962176
8855224320
8855486464
8855748608
8856010752
8856272896
8856535040
8856797184
8857059328
8857321472
8857583616
8857845760
8858107904
8858370048
8858632192
8858894336
8859156480
8859418624
8859680768
8859942912
8860205056
8860467200
8860729344
8860991488
8861253632
8861515776
8861777920
8862040064
8862302208
8862564352
8862826496
8863088640
8863350784
8863612928
8863875072
8864137216
8864399360
8864661504
8864923648
8865185792
8865447936
8865710080
8865972224
8866234368
8866496512
8866758656
8867020800
8867282944
8867545088
8867807232
8868069376
8868331520
8868593664
8868855808
8869117952
8869380096
8869642240
8869904384
8870166528
8870428672
8870690816
8870952960
8871215104
8871477248
8871739392
8872001536
8872263680
8872525824
8872787968
8873050112
8873312256
8873574400
8873836544
8874098688
8874360832
8874622976
8874885120
8875147264
8875409408
8875671552
8875933696
8876195840
8876457984
8876720128
8876982272
8877244416
8877506560
8877768704
8878030848
8878292992
8878555136
8878817280
8879079424
8879341568
8879603712
8879865856
8880128000
8880390144
8880652288
8880914432
8881176576
8881438720
8881700864
8881963008
8882225152
8882487296
8882749440
8883011584
8883273728
8883535872
8883798016
8884060160
8884322304
8884584448
8884846592
8885108736
8885370880
8885633024
8885895168
8886157312
8886419456
8886681600
8886943744
8887205888
8887468032
8887730176
8887992320
8888254464
8888516608
8888778752
8889040896
8889303040
8889565184
8889827328
8890089472
8890351616
8890613760
8890875904
8891138048
8891400192
8891662336
8891924480
8892186624
8892448768
8892710912
8892973056
8893235200
8893497344
8893759488
8894021632
8894283776
8894545920
8894808064
8895070208
8895332352
8895594496
8895856640
8896118784
8896380928
8896643072
8896905216
8897167360
8897429504
8897691648
8897953792
8898215936
8898478080
8898740224
8899002368
8899264512
8899526656
8899788800
8900050944
8900313088
8900575232
8900837376
8901099520
8901361664
8901623808
8901885952
8902148096
8902410240
8902672384
8902934528
8903196672
8903458816
8903720960
8903983104
8904245248
8904507392
8904769536
8905031680
8905293824
8905555968
8905818112
8906080256
8906342400
8906604544
8906866688
8907128832
8907390976
8907653120
8907915264
8908177408
8908439552
8908701696
8908963840
8909225984
8909488128
8909750272
8910012416
8910274560
8910536704
8910798848
8911060992
8911323136
8911585280
8911847424
8912109568
8912371712
8912633856
8912896000
8913158144
8913420288
8913682432
8913944576
8914206720
8914468864
8914731008
8914993152
8915255296
8915517440
8915779584
8916041728
8916303872
8916566016
8916828160
8917090304
8917352448
8917614592
8917876736
8918138880
8918401024
8918663168
8918925312
8919187456
8919449600
8919711744
8919973888
8920236032
8920498176
8920760320
8921022464
8921284608
8921546752
8921808896
8922071040
8922333184
8922595328
8922857472
8923119616
8923381760
8923643904
8923906048
8924168192
8924430336
8924692480
8924954624
8925216768
8925478912
8925741056
8926003200
8926265344
8926527488
8926789632
8927051776
8927313920
8927576064
8927838208
8928100352
8928362496
8928624640
8928886784
8929148928
8929411072
8929673216
8929935360
8930197504
8930459648
8930721792
8930983936
8931246080
8931508224
8931770368
8932032512
8932294656
8932556800
8932818944
8933081088
8933343232
8933605376
8933867520
8934129664
8934391808
8934653952
8934916096
8935178240
8935440384
8935702528
8935964672
8936226816
8936488960
8936751104
8937013248
8937275392
8937537536
8937799680
8938061824
8938323968
8938586112
8938848256
8939110400
8939372544
8939634688
8939896832
8940158976
8940421120
8940683264
8940945408
8941207552
8941469696
8941731840
8941993984
8942256128
8942518272
8942780416
8943042560
8943304704
8943566848
8943828992
8944091136
8944353280
8944615424
8944877568
8945139712
8945401856
8945664000
8945926144
8946188288
8946450432
8946712576
8946974720
8947236864
8947499008
8947761152
8948023296
8948285440
8948547584
8948809728
8949071872
8949334016
8949596160
8949858304
8950120448
8950382592
8950644736
8950906880
8951169024
8951431168
8951693312
8951955456
8952217600
8952479744
8952741888
8953004032
8953266176
8953528320
8953790464
8954052608
8954314752
8954576896
8954839040
8955101184
8955363328
8955625472
8955887616
8956149760
8956411904
8956674048
8956936192
8957198336
8957460480
8957722624
8957984768
8958246912
8958509056
8958771200
8959033344
8959295488
8959557632
8959819776
8960081920
8960344064
8960606208
8960868352
8961130496
8961392640
8961654784
8961916928
8962179072
8962441216
8962703360
8962965504
8963227648
8963489792
8963751936
8964014080
8964276224
8964538368
8964800512
8965062656
8965324800
8965586944
8965849088
8966111232
8966373376
8966635520
8966897664
8967159808
8967421952
8967684096
8967946240
8968208384
8968470528
8968732672
8968994816
8969256960
8969519104
8969781248
8970043392
8970305536
8970567680
8970829824
8971091968
8971354112
8971616256
8971878400
8972140544
8972402688
8972664832
8972926976
8973189120
8973451264
8973713408
8973975552
8974237696
8974499840
8974761984
8975024128
8975286272
8975548416
8975810560
8976072704
8976334848
8976596992
8976859136
8977121280
8977383424
8977645568
8977907712
8978169856
8978432000
8978694144
8978956288
8979218432
8979480576
8979742720
8980004864
8980267008
8980529152
8980791296
8981053440
8981315584
8981577728
8981839872
8982102016
8982364160
8982626304
8982888448
8983150592
8983412736
8983674880
8983937024
8984199168
8984461312
8984723456
8984985600
8985247744
8985509888
8985772032
8986034176
8986296320
8986558464
8986820608
8987082752
8987344896
8987607040
8987869184
8988131328
8988393472
8988655616
8988917760
8989179904
8989442048
8989704192
8989966336
8990228480
8990490624
8990752768
8991014912
8991277056
8991539200
8991801344
8992063488
8992325632
8992587776
8992849920
8993112064
8993374208
8993636352
8993898496
8994160640
8994422784
8994684928
8994947072
8995209216
8995471360
8995733504
8995995648
8996257792
8996519936
8996782080
8997044224
8997306368
8997568512
8997830656
8998092800
8998354944
8998617088
8998879232
8999141376
8999403520
8999665664
8999927808
9000189952
9000452096
9000714240
9000976384
9001238528
9001500672
9001762816
9002024960
9002287104
9002549248
9002811392
9003073536
9003335680
9003597824
9003859968
9004122112
9004384256
9004646400
9004908544
9005170688
9005432832
9005694976
9005957120
9006219264
9006481408
9006743552
9007005696
9007267840
9007529984
9007792128
9008054272
9008316416
9008578560
9008840704
9009102848
9009364992
9009627136
9009889280
9010151424
9010413568
9010675712
9010937856
9011200000
9011462144
9011724288
9011986432
9012248576
9012510720
9012772864
9013035008
9013297152
9013559296
9013821440
9014083584
9014345728
9014607872
9014870016
9015132160
9015394304
9015656448
9015918592
9016180736
9016442880
9016705024
9016967168
9017229312
9017491456
9017753600
9018015744
9018277888
9018540032
9018802176
9019064320
9019326464
9019588608
9019850752
9020112896
9020375040
9020637184
9020899328
9021161472
9021423616
9021685760
9021947904
9022210048
9022472192
9022734336
9022996480
9023258624
9023520768
9023782912
9024045056
9024307200
9024569344
9024831488
9025093632
9025355776
9025617920
9025880064
9026142208
9026404352
9026666496
9026928640
9027190784
9027452928
9027715072
9027977216
9028239360
9028501504
9028763648
9029025792
9029287936
9029550080
9029812224
9030074368
9030336512
9030598656
9030860800
9031122944
9031385088
9031647232
9031909376
9032171520
9032433664
9032695808
9032957952
9033220096
9033482240
9033744384
9034006528
9034268672
9034530816
9034792960
9035055104
9035317248
9035579392
9035841536
9036103680
9036365824
9036627968
9036890112
9037152256
9037414400
9037676544
9037938688
9038200832
9038462976
9038725120
9038987264
9039249408
9039511552
9039773696
9040035840
9040297984
9040560128
9040822272
9041084416
9041346560
9041608704
9041870848
9042132992
9042395136
9042657280
9042919424
9043181568
9043443712
9043705856
9043968000
9044230144
9044492288
9044754432
9045016576
9045278720
9045540864
9045803008
9046065152
9046327296
9046589440
9046851584
9047113728
9047375872
9047638016
9047900160
9048162304
9048424448
9048686592
9048948736
9049210880
9049473024
9049735168
9049997312
9050259456
9050521600
9050783744
9051045888
9051308032
9051570176
9051832320
9052094464
9052356608
9052618752
9052880896
9053143040
9053405184
9053667328
9053929472
9054191616
9054453760
9054715904
9054978048
9055240192
9055502336
9055764480
9056026624
9056288768
9056550912
9056813056
9057075200
9057337344
9057599488
9057861632
9058123776
9058385920
9058648064
9058910208
9059172352
9059434496
9059696640
9059958784
9060220928
9060483072
9060745216
9061007360
9061269504
9061531648
9061793792
9062055936
9062318080
9062580224
9062842368
9063104512
9063366656
9063628800
9063890944
9064153088
9064415232
9064677376
9064939520
9065201664
9065463808
9065725952
9065988096
9066250240
9066512384
9066774528
9067036672
9067298816
9067560960
9067823104
9068085248
9068347392
9068609536
9068871680
9069133824
9069395968
9069658112
9069920256
9070182400
9070444544
9070706688
9070968832
9071230976
9071493120
9071755264
9072017408
9072279552
9072541696
9072803840
9073065984
9073328128
9073590272
9073852416
9074114560
9074376704
9074638848
9074900992
9075163136
9075425280
9075687424
9075949568
9076211712
9076473856
9076736000
9076998144
9077260288
9077522432
9077784576
9078046720
9078308864
9078571008
9078833152
9079095296
9079357440
9079619584
9079881728
9080143872
9080406016
9080668160
9080930304
9081192448
9081454592
9081716736
9081978880
9082241024
9082503168
9082765312
9083027456
9083289600
9083551744
9083813888
9084076032
9084338176
9084600320
9084862464
9085124608
9085386752
9085648896
9085911040
9086173184
9086435328
9086697472
9086959616
9087221760
9087483904
9087746048
9088008192
9088270336
9088532480
9088794624
9089056768
9089318912
9089581056
9089843200
9090105344
9090367488
9090629632
9090891776
9091153920
9091416064
9091678208
9091940352
9092202496
9092464640
9092726784
9092988928
9093251072
9093513216
9093775360
9094037504
9094299648
9094561792
9094823936
9095086080
9095348224
9095610368
9095872512
9096134656
9096396800
9096658944
9096921088
9097183232
9097445376
9097707520
9097969664
9098231808
9098493952
9098756096
9099018240
9099280384
9099542528
9099804672
9100066816
9100328960
9100591104
9100853248
9101115392
9101377536
9101639680
9101901824
9102163968
9102426112
9102688256
9102950400
9103212544
9103474688
9103736832
9103998976
9104261120
9104523264
9104785408
9105047552
9105309696
9105571840
9105833984
9106096128
9106358272
9106620416
9106882560
9107144704
9107406848
9107668992
9107931136
9108193280
9108455424
9108717568
9108979712
9109241856
9109504000
9109766144
9110028288
9110290432
9110552576
9110814720
9111076864
9111339008
9111601152
9111863296
9112125440
9112387584
9112649728
9112911872
9113174016
9113436160
9113698304
9113960448
9114222592
9114484736
9114746880
9115009024
9115271168
9115533312
9115795456
9116057600
9116319744
9116581888
9116844032
9117106176
9117368320
9117630464
9117892608
9118154752
9118416896
9118679040
9118941184
9119203328
9119465472
9119727616
9119989760
9120251904
9120514048
9120776192
9121038336
9121300480
9121562624
9121824768
9122086912
9122349056
9122611200
9122873344
9123135488
9123397632
9123659776
9123921920
9124184064
9124446208
9124708352
9124970496
9125232640
9125494784
9125756928
9126019072
9126281216
9126543360
9126805504
9127067648
9127329792
9127591936
9127854080
9128116224
9128378368
9128640512
9128902656
9129164800
9129426944
9129689088
9129951232
9130213376
9130475520
9130737664
9130999808
9131261952
9131524096
9131786240
9132048384
9132310528
9132572672
9132834816
9133096960
9133359104
9133621248
9133883392
9134145536
9134407680
9134669824
9134931968
9135194112
9135456256
9135718400
9135980544
9136242688
9136504832
9136766976
9137029120
9137291264
9137553408
9137815552
9138077696
9138339840
9138601984
9138864128
9139126272
9139388416
9139650560
9139912704
9140174848
9140436992
9140699136
9140961280
9141223424
9141485568
9141747712
9142009856
9142272000
9142534144
9142796288
9143058432
9143320576
9143582720
9143844864
9144107008
9144369152
9144631296
9144893440
9145155584
9145417728
9145679872
9145942016
9146204160
9146466304
9146728448
9146990592
9147252736
9147514880
9147777024
9148039168
9148301312
9148563456
9148825600
9149087744
9149349888
9149612032
9149874176
9150136320
9150398464
9150660608
9150922752
9151184896
9151447040
9151709184
9151971328
9152233472
9152495616
9152757760
9153019904
9153282048
9153544192
9153806336
9154068480
9154330624
9154592768
9154854912
9155117056
9155379200
9155641344
9155903488
9156165632
9156427776
9156689920
9156952064
9157214208
9157476352
9157738496
9158000640
9158262784
9158524928
9158787072
9159049216
9159311360
9159573504
9159835648
9160097792
9160359936
9160622080
9160884224
9161146368
9161408512
9161670656
9161932800
9162194944
9162457088
9162719232
9162981376
9163243520
9163505664
9163767808
9164029952
9164292096
9164554240
9164816384
9165078528
9165340672
9165602816
9165864960
9166127104
9166389248
9166651392
9166913536
9167175680
9167437824
9167699968
9167962112
9168224256
9168486400
9168748544
9169010688
9169272832
9169534976
9169797120
9170059264
9170321408
9170583552
9170845696
9171107840
9171369984
9171632128
9171894272
9172156416
9172418560
9172680704
9172942848
9173204992
9173467136
9173729280
9173991424
9174253568
9174515712
9174777856
9175040000
9175302144
9175564288
9175826432
9176088576
9176350720
9176612864
9176875008
9177137152
9177399296
9177661440
9177923584
9178185728
9178447872
9178710016
9178972160
9179234304
9179496448
9179758592
9180020736
9180282880
9180545024
9180807168
9181069312
9181331456
9181593600
9181855744
9182117888
9182380032
9182642176
9182904320
9183166464
9183428608
9183690752
9183952896
9184215040
9184477184
9184739328
9185001472
9185263616
9185525760
9185787904
9186050048
9186312192
9186574336
9186836480
9187098624
9187360768
9187622912
9187885056
9188147200
9188409344
9188671488
9188933632
9189195776
9189457920
9189720064
9189982208
9190244352
9190506496
9190768640
9191030784
9191292928
9191555072
9191817216
9192079360
9192341504
9192603648
9192865792
9193127936
9193390080
9193652224
9193914368
9194176512
9194438656
9194700800
9194962944
9195225088
9195487232
9195749376
9196011520
9196273664
9196535808
9196797952
9197060096
9197322240
9197584384
9197846528
9198108672
9198370816
9198632960
9198895104
9199157248
9199419392
9199681536
9199943680
9200205824
9200467968
9200730112
9200992256
9201254400
9201516544
9201778688
9202040832
9202302976
9202565120
9202827264
9203089408
9203351552
9203613696
9203875840
9204137984
9204400128
9204662272
9204924416
9205186560
9205448704
9205710848
9205972992
9206235136
9206497280
9206759424
9207021568
9207283712
9207545856
9207808000
9208070144
9208332288
9208594432
9208856576
9209118720
9209380864
9209643008
9209905152
9210167296
9210429440
9210691584
9210953728
9211215872
9211478016
9211740160
9212002304
9212264448
9212526592
9212788736
9213050880
9213313024
9213575168
9213837312
9214099456
9214361600
9214623744
9214885888
9215148032
9215410176
9215672320
9215934464
9216196608
9216458752
9216720896
9216983040
9217245184
9217507328
9217769472
9218031616
9218293760
9218555904
9218818048
9219080192
9219342336
9219604480
9219866624
9220128768
9220390912
9220653056
9220915200
9221177344
9221439488
9221701632
9221963776
9222225920
9222488064
9222750208
9223012352
9223274496
9223536640
9223798784
9224060928
9224323072
9224585216
9224847360
9225109504
9225371648
9225633792
9225895936
9226158080
9226420224
9226682368
9226944512
9227206656
9227468800
9227730944
9227993088
9228255232
9228517376
9228779520
9229041664
9229303808
9229565952
9229828096
9230090240
9230352384
9230614528
9230876672
9231138816
9231400960
9231663104
9231925248
9232187392
9232449536
9232711680
9232973824
9233235968
9233498112
9233760256
9234022400
9234284544
9234546688
9234808832
9235070976
9235333120
9235595264
9235857408
9236119552
9236381696
9236643840
9236905984
9237168128
9237430272
9237692416
9237954560
9238216704
9238478848
9238740992
9239003136
9239265280
9239527424
9239789568
9240051712
9240313856
9240576000
9240838144
9241100288
9241362432
9241624576
9241886720
9242148864
9242411008
9242673152
9242935296
9243197440
9243459584
9243721728
9243983872
9244246016
9244508160
9244770304
9245032448
9245294592
9245556736
9245818880
9246081024
9246343168
9246605312
9246867456
9247129600
9247391744
9247653888
9247916032
9248178176
9248440320
9248702464
9248964608
9249226752
9249488896
9249751040
9250013184
9250275328
9250537472
9250799616
9251061760
9251323904
9251586048
9251848192
9252110336
9252372480
9252634624
9252896768
9253158912
9253421056
9253683200
9253945344
9254207488
9254469632
9254731776
9254993920
9255256064
9255518208
9255780352
9256042496
9256304640
9256566784
9256828928
9257091072
9257353216
9257615360
9257877504
9258139648
9258401792
9258663936
9258926080
9259188224
9259450368
9259712512
9259974656
9260236800
9260498944
9260761088
9261023232
9261285376
9261547520
9261809664
9262071808
9262333952
9262596096
9262858240
9263120384
9263382528
9263644672
9263906816
9264168960
9264431104
9264693248
9264955392
9265217536
9265479680
9265741824
9266003968
9266266112
9266528256
9266790400
9267052544
9267314688
9267576832
9267838976
9268101120
9268363264
9268625408
9268887552
9269149696
9269411840
9269673984
9269936128
9270198272
9270460416
9270722560
9270984704
9271246848
9271508992
9271771136
9272033280
9272295424
9272557568
9272819712
9273081856
9273344000
9273606144
9273868288
9274130432
9274392576
9274654720
9274916864
9275179008
9275441152
9275703296
9275965440
9276227584
9276489728
9276751872
9277014016
9277276160
9277538304
9277800448
9278062592
9278324736
9278586880
9278849024
9279111168
9279373312
9279635456
9279897600
9280159744
9280421888
9280684032
9280946176
9281208320
9281470464
9281732608
9281994752
9282256896
9282519040
9282781184
9283043328
9283305472
9283567616
9283829760
9284091904
9284354048
9284616192
9284878336
9285140480
9285402624
9285664768
9285926912
9286189056
9286451200
9286713344
9286975488
9287237632
9287499776
9287761920
9288024064
9288286208
9288548352
9288810496
9289072640
9289334784
9289596928
9289859072
9290121216
9290383360
9290645504
9290907648
9291169792
9291431936
9291694080
9291956224
9292218368
9292480512
9292742656
9293004800
9293266944
9293529088
9293791232
9294053376
9294315520
9294577664
9294839808
9295101952
9295364096
9295626240
9295888384
9296150528
9296412672
9296674816
9296936960
9297199104
9297461248
9297723392
9297985536
9298247680
9298509824
9298771968
9299034112
9299296256
9299558400
9299820544
9300082688
9300344832
9300606976
9300869120
9301131264
9301393408
9301655552
9301917696
9302179840
9302441984
9302704128
9302966272
9303228416
9303490560
9303752704
9304014848
9304276992
9304539136
9304801280
9305063424
9305325568
9305587712
9305849856
9306112000
9306374144
9306636288
9306898432
9307160576
9307422720
9307684864
9307947008
9308209152
9308471296
9308733440
9308995584
9309257728
9309519872
9309782016
9310044160
9310306304
9310568448
9310830592
9311092736
9311354880
9311617024
9311879168
9312141312
9312403456
9312665600
9312927744
9313189888
9313452032
9313714176
9313976320
9314238464
9314500608
9314762752
9315024896
9315287040
9315549184
9315811328
9316073472
9316335616
9316597760
9316859904
9317122048
9317384192
9317646336
9317908480
9318170624
9318432768
9318694912
9318957056
9319219200
9319481344
9319743488
9320005632
9320267776
9320529920
9320792064
9321054208
9321316352
9321578496
9321840640
9322102784
9322364928
9322627072
9322889216
9323151360
9323413504
9323675648
9323937792
9324199936
9324462080
9324724224
9324986368
9325248512
9325510656
9325772800
9326034944
9326297088
9326559232
9326821376
9327083520
9327345664
9327607808
9327869952
9328132096
9328394240
9328656384
9328918528
9329180672
9329442816
9329704960
9329967104
9330229248
9330491392
9330753536
9331015680
9331277824
9331539968
9331802112
9332064256
9332326400
9332588544
9332850688
9333112832
9333374976
9333637120
9333899264
9334161408
9334423552
9334685696
9334947840
9335209984
9335472128
9335734272
9335996416
9336258560
9336520704
9336782848
9337044992
9337307136
9337569280
9337831424
9338093568
9338355712
9338617856
9338880000
9339142144
9339404288
9339666432
9339928576
9340190720
9340452864
9340715008
9340977152
9341239296
9341501440
9341763584
9342025728
9342287872
9342550016
9342812160
9343074304
9343336448
9343598592
9343860736
9344122880
9344385024
9344647168
9344909312
9345171456
9345433600
9345695744
9345957888
9346220032
9346482176
9346744320
9347006464
9347268608
9347530752
9347792896
9348055040
9348317184
9348579328
9348841472
9349103616
9349365760
9349627904
9349890048
9350152192
9350414336
9350676480
9350938624
9351200768
9351462912
9351725056
9351987200
9352249344
9352511488
9352773632
9353035776
9353297920
9353560064
9353822208
9354084352
9354346496
9354608640
9354870784
9355132928
9355395072
9355657216
9355919360
9356181504
9356443648
9356705792
9356967936
9357230080
9357492224
9357754368
9358016512
9358278656
9358540800
9358802944
9359065088
9359327232
9359589376
9359851520
9360113664
9360375808
9360637952
9360900096
9361162240
9361424384
9361686528
9361948672
9362210816
9362472960
9362735104
9362997248
9363259392
9363521536
9363783680
9364045824
9364307968
9364570112
9364832256
9365094400
9365356544
9365618688
9365880832
9366142976
9366405120
9366667264
9366929408
9367191552
9367453696
9367715840
9367977984
9368240128
9368502272
9368764416
9369026560
9369288704
9369550848
9369812992
9370075136
9370337280
9370599424
9370861568
9371123712
9371385856
9371648000
9371910144
9372172288
9372434432
9372696576
9372958720
9373220864
9373483008
9373745152
9374007296
9374269440
9374531584
9374793728
9375055872
9375318016
9375580160
9375842304
9376104448
9376366592
9376628736
9376890880
9377153024
9377415168
9377677312
9377939456
9378201600
9378463744
9378725888
9378988032
9379250176
9379512320
9379774464
9380036608
9380298752
9380560896
9380823040
9381085184
9381347328
9381609472
9381871616
9382133760
9382395904
9382658048
9382920192
9383182336
9383444480
9383706624
9383968768
9384230912
9384493056
9384755200
9385017344
9385279488
9385541632
9385803776
9386065920
9386328064
9386590208
9386852352
9387114496
9387376640
9387638784
9387900928
9388163072
9388425216
9388687360
9388949504
9389211648
9389473792
9389735936
9389998080
9390260224
9390522368
9390784512
9391046656
9391308800
9391570944
9391833088
9392095232
9392357376
9392619520
9392881664
9393143808
9393405952
9393668096
9393930240
9394192384
9394454528
9394716672
9394978816
9395240960
9395503104
9395765248
9396027392
9396289536
9396551680
9396813824
9397075968
9397338112
9397600256
9397862400
9398124544
9398386688
9398648832
9398910976
9399173120
9399435264
9399697408
9399959552
9400221696
9400483840
9400745984
9401008128
9401270272
9401532416
9401794560
9402056704
9402318848
9402580992
9402843136
9403105280
9403367424
9403629568
9403891712
9404153856
9404416000
9404678144
9404940288
9405202432
9405464576
9405726720
9405988864
9406251008
9406513152
9406775296
9407037440
9407299584
9407561728
9407823872
9408086016
9408348160
9408610304
9408872448
9409134592
9409396736
9409658880
9409921024
9410183168
9410445312
9410707456
9410969600
9411231744
9411493888
9411756032
9412018176
9412280320
9412542464
9412804608
9413066752
9413328896
9413591040
9413853184
9414115328
9414377472
9414639616
9414901760
9415163904
9415426048
9415688192
9415950336
9416212480
9416474624
9416736768
9416998912
9417261056
9417523200
9417785344
9418047488
9418309632
9418571776
9418833920
9419096064
9419358208
9419620352
9419882496
9420144640
9420406784
9420668928
9420931072
9421193216
9421455360
9421717504
9421979648
9422241792
9422503936
9422766080
9423028224
9423290368
9423552512
9423814656
9424076800
9424338944
9424601088
9424863232
9425125376
9425387520
9425649664
9425911808
9426173952
9426436096
9426698240
9426960384
9427222528
9427484672
9427746816
9428008960
9428271104
9428533248
9428795392
9429057536
9429319680
9429581824
9429843968
9430106112
9430368256
9430630400
9430892544
9431154688
9431416832
9431678976
9431941120
9432203264
9432465408
9432727552
9432989696
9433251840
9433513984
9433776128
9434038272
9434300416
9434562560
9434824704
9435086848
9435348992
9435611136
9435873280
9436135424
9436397568
9436659712
9436921856
9437184000
9437446144
9437708288
9437970432
9438232576
9438494720
9438756864
9439019008
9439281152
9439543296
9439805440
9440067584
9440329728
9440591872
9440854016
9441116160
9441378304
9441640448
9441902592
9442164736
9442426880
9442689024
9442951168
9443213312
9443475456
9443737600
9443999744
9444261888
9444524032
9444786176
9445048320
9445310464
9445572608
9445834752
9446096896
9446359040
9446621184
9446883328
9447145472
9447407616
9447669760
9447931904
9448194048
9448456192
9448718336
9448980480
9449242624
9449504768
9449766912
9450029056
9450291200
9450553344
9450815488
9451077632
9451339776
9451601920
9451864064
9452126208
9452388352
9452650496
9452912640
9453174784
9453436928
9453699072
9453961216
9454223360
9454485504
9454747648
9455009792
9455271936
9455534080
9455796224
9456058368
9456320512
9456582656
9456844800
9457106944
9457369088
9457631232
9457893376
9458155520
9458417664
9458679808
9458941952
9459204096
9459466240
9459728384
9459990528
9460252672
9460514816
9460776960
9461039104
9461301248
9461563392
9461825536
9462087680
9462349824
9462611968
9462874112
9463136256
9463398400
9463660544
9463922688
9464184832
9464446976
9464709120
9464971264
9465233408
9465495552
9465757696
9466019840
9466281984
9466544128
9466806272
9467068416
9467330560
9467592704
9467854848
9468116992
9468379136
9468641280
9468903424
9469165568
9469427712
9469689856
9469952000
9470214144
9470476288
9470738432
9471000576
9471262720
9471524864
9471787008
9472049152
9472311296
9472573440
9472835584
9473097728
9473359872
9473622016
9473884160
9474146304
9474408448
9474670592
9474932736
9475194880
9475457024
9475719168
9475981312
9476243456
9476505600
9476767744
9477029888
9477292032
9477554176
9477816320
9478078464
9478340608
9478602752
9478864896
9479127040
9479389184
9479651328
9479913472
9480175616
9480437760
9480699904
9480962048
9481224192
9481486336
9481748480
9482010624
9482272768
9482534912
9482797056
9483059200
9483321344
9483583488
9483845632
9484107776
9484369920
9484632064
9484894208
9485156352
9485418496
9485680640
9485942784
9486204928
9486467072
9486729216
9486991360
9487253504
9487515648
9487777792
9488039936
9488302080
9488564224
9488826368
9489088512
9489350656
9489612800
9489874944
9490137088
9490399232
9490661376
9490923520
9491185664
9491447808
9491709952
9491972096
9492234240
9492496384
9492758528
9493020672
9493282816
9493544960
9493807104
9494069248
9494331392
9494593536
9494855680
9495117824
9495379968
9495642112
9495904256
9496166400
9496428544
9496690688
9496952832
9497214976
9497477120
9497739264
9498001408
9498263552
9498525696
9498787840
9499049984
9499312128
9499574272
9499836416
9500098560
9500360704
9500622848
9500884992
9501147136
9501409280
9501671424
9501933568
9502195712
9502457856
9502720000
9502982144
9503244288
9503506432
9503768576
9504030720
9504292864
9504555008
9504817152
9505079296
9505341440
9505603584
9505865728
9506127872
9506390016
9506652160
9506914304
9507176448
9507438592
9507700736
9507962880
9508225024
9508487168
9508749312
9509011456
9509273600
9509535744
9509797888
9510060032
9510322176
9510584320
9510846464
9511108608
9511370752
9511632896
9511895040
9512157184
9512419328
9512681472
9512943616
9513205760
9513467904
9513730048
9513992192
9514254336
9514516480
9514778624
9515040768
9515302912
9515565056
9515827200
9516089344
9516351488
9516613632
9516875776
9517137920
9517400064
9517662208
9517924352
9518186496
9518448640
9518710784
9518972928
9519235072
9519497216
9519759360
9520021504
9520283648
9520545792
9520807936
9521070080
9521332224
9521594368
9521856512
9522118656
9522380800
9522642944
9522905088
9523167232
9523429376
9523691520
9523953664
9524215808
9524477952
9524740096
9525002240
9525264384
9525526528
9525788672
9526050816
9526312960
9526575104
9526837248
9527099392
9527361536
9527623680
9527885824
9528147968
9528410112
9528672256
9528934400
9529196544
9529458688
9529720832
9529982976
9530245120
9530507264
9530769408
9531031552
9531293696
9531555840
9531817984
9532080128
9532342272
9532604416
9532866560
9533128704
9533390848
9533652992
9533915136
9534177280
9534439424
9534701568
9534963712
9535225856
9535488000
9535750144
9536012288
9536274432
9536536576
9536798720
9537060864
9537323008
9537585152
9537847296
9538109440
9538371584
9538633728
9538895872
9539158016
9539420160
9539682304
9539944448
9540206592
9540468736
9540730880
9540993024
9541255168
9541517312
9541779456
9542041600
9542303744
9542565888
9542828032
9543090176
9543352320
9543614464
9543876608
9544138752
9544400896
9544663040
9544925184
9545187328
9545449472
9545711616
9545973760
9546235904
9546498048
9546760192
9547022336
9547284480
9547546624
9547808768
9548070912
9548333056
9548595200
9548857344
9549119488
9549381632
9549643776
9549905920
9550168064
9550430208
9550692352
9550954496
9551216640
9551478784
9551740928
9552003072
9552265216
9552527360
9552789504
9553051648
9553313792
9553575936
9553838080
9554100224
9554362368
9554624512
9554886656
9555148800
9555410944
9555673088
9555935232
9556197376
9556459520
9556721664
9556983808
9557245952
9557508096
9557770240
9558032384
9558294528
9558556672
9558818816
9559080960
9559343104
9559605248
9559867392
9560129536
9560391680
9560653824
9560915968
9561178112
9561440256
9561702400
9561964544
9562226688
9562488832
9562750976
9563013120
9563275264
9563537408
9563799552
9564061696
9564323840
9564585984
9564848128
9565110272
9565372416
9565634560
9565896704
9566158848
9566420992
9566683136
9566945280
9567207424
9567469568
9567731712
9567993856
9568256000
9568518144
9568780288
9569042432
9569304576
9569566720
9569828864
9570091008
9570353152
9570615296
9570877440
9571139584
9571401728
9571663872
9571926016
9572188160
9572450304
9572712448
9572974592
9573236736
9573498880
9573761024
9574023168
9574285312
9574547456
9574809600
9575071744
9575333888
9575596032
9575858176
9576120320
9576382464
9576644608
9576906752
9577168896
9577431040
9577693184
9577955328
9578217472
9578479616
9578741760
9579003904
9579266048
9579528192
9579790336
9580052480
9580314624
9580576768
9580838912
9581101056
9581363200
9581625344
9581887488
9582149632
9582411776
9582673920
9582936064
9583198208
9583460352
9583722496
9583984640
9584246784
9584508928
9584771072
9585033216
9585295360
9585557504
9585819648
9586081792
9586343936
9586606080
9586868224
9587130368
9587392512
9587654656
9587916800
9588178944
9588441088
9588703232
9588965376
9589227520
9589489664
9589751808
9590013952
9590276096
9590538240
9590800384
9591062528
9591324672
9591586816
9591848960
9592111104
9592373248
9592635392
9592897536
9593159680
9593421824
9593683968
9593946112
9594208256
9594470400
9594732544
9594994688
9595256832
9595518976
9595781120
9596043264
9596305408
9596567552
9596829696
9597091840
9597353984
9597616128
9597878272
9598140416
9598402560
9598664704
9598926848
9599188992
9599451136
9599713280
9599975424
9600237568
9600499712
9600761856
9601024000
9601286144
9601548288
9601810432
9602072576
9602334720
9602596864
9602859008
9603121152
9603383296
9603645440
9603907584
9604169728
9604431872
9604694016
9604956160
9605218304
9605480448
9605742592
9606004736
9606266880
9606529024
9606791168
9607053312
9607315456
9607577600
9607839744
9608101888
9608364032
9608626176
9608888320
9609150464
9609412608
9609674752
9609936896
9610199040
9610461184
9610723328
9610985472
9611247616
9611509760
9611771904
9612034048
9612296192
9612558336
9612820480
9613082624
9613344768
9613606912
9613869056
9614131200
9614393344
9614655488
9614917632
9615179776
9615441920
9615704064
9615966208
9616228352
9616490496
9616752640
9617014784
9617276928
9617539072
9617801216
9618063360
9618325504
9618587648
9618849792
9619111936
9619374080
9619636224
9619898368
9620160512
9620422656
9620684800
9620946944
9621209088
9621471232
9621733376
9621995520
9622257664
9622519808
9622781952
9623044096
9623306240
9623568384
9623830528
9624092672
9624354816
9624616960
9624879104
9625141248
9625403392
9625665536
9625927680
9626189824
9626451968
9626714112
9626976256
9627238400
9627500544
9627762688
9628024832
9628286976
9628549120
9628811264
9629073408
9629335552
9629597696
9629859840
9630121984
9630384128
9630646272
9630908416
9631170560
9631432704
9631694848
9631956992
9632219136
9632481280
9632743424
9633005568
9633267712
9633529856
9633792000
9634054144
9634316288
9634578432
9634840576
9635102720
9635364864
9635627008
9635889152
9636151296
9636413440
9636675584
9636937728
9637199872
9637462016
9637724160
9637986304
9638248448
9638510592
9638772736
9639034880
9639297024
9639559168
9639821312
9640083456
9640345600
9640607744
9640869888
9641132032
9641394176
9641656320
9641918464
9642180608
9642442752
9642704896
9642967040
9643229184
9643491328
9643753472
9644015616
9644277760
9644539904
9644802048
9645064192
9645326336
9645588480
9645850624
9646112768
9646374912
9646637056
9646899200
9647161344
9647423488
9647685632
9647947776
9648209920
9648472064
9648734208
9648996352
9649258496
9649520640
9649782784
9650044928
9650307072
9650569216
9650831360
9651093504
9651355648
9651617792
9651879936
9652142080
9652404224
9652666368
9652928512
9653190656
9653452800
9653714944
9653977088
9654239232
9654501376
9654763520
9655025664
9655287808
9655549952
9655812096
9656074240
9656336384
9656598528
9656860672
9657122816
9657384960
9657647104
9657909248
9658171392
9658433536
9658695680
9658957824
9659219968
9659482112
9659744256
9660006400
9660268544
9660530688
9660792832
9661054976
9661317120
9661579264
9661841408
9662103552
9662365696
9662627840
9662889984
9663152128
9663414272
9663676416
9663938560
9664200704
9664462848
9664724992
9664987136
9665249280
9665511424
9665773568
9666035712
9666297856
9666560000
9666822144
9667084288
9667346432
9667608576
9667870720
9668132864
9668395008
9668657152
9668919296
9669181440
9669443584
9669705728
9669967872
9670230016
9670492160
9670754304
9671016448
9671278592
9671540736
9671802880
9672065024
9672327168
9672589312
9672851456
9673113600
9673375744
9673637888
9673900032
9674162176
9674424320
9674686464
9674948608
9675210752
9675472896
9675735040
9675997184
9676259328
9676521472
9676783616
9677045760
9677307904
9677570048
9677832192
9678094336
9678356480
9678618624
9678880768
9679142912
9679405056
9679667200
9679929344
9680191488
9680453632
9680715776
9680977920
9681240064
9681502208
9681764352
9682026496
9682288640
9682550784
9682812928
9683075072
9683337216
9683599360
9683861504
9684123648
9684385792
9684647936
9684910080
9685172224
9685434368
9685696512
9685958656
9686220800
9686482944
9686745088
9687007232
9687269376
9687531520
9687793664
9688055808
9688317952
9688580096
9688842240
9689104384
9689366528
9689628672
9689890816
9690152960
9690415104
9690677248
9690939392
9691201536
9691463680
9691725824
9691987968
9692250112
9692512256
9692774400
9693036544
9693298688
9693560832
9693822976
9694085120
9694347264
9694609408
9694871552
9695133696
9695395840
9695657984
9695920128
9696182272
9696444416
9696706560
9696968704
9697230848
9697492992
9697755136
9698017280
9698279424
9698541568
9698803712
9699065856
9699328000
9699590144
9699852288
9700114432
9700376576
9700638720
9700900864
9701163008
9701425152
9701687296
9701949440
9702211584
9702473728
9702735872
9702998016
9703260160
9703522304
9703784448
9704046592
9704308736
9704570880
9704833024
9705095168
9705357312
9705619456
9705881600
9706143744
9706405888
9706668032
9706930176
9707192320
9707454464
9707716608
9707978752
9708240896
9708503040
9708765184
9709027328
9709289472
9709551616
9709813760
9710075904
9710338048
9710600192
9710862336
9711124480
9711386624
9711648768
9711910912
9712173056
9712435200
9712697344
9712959488
9713221632
9713483776
9713745920
9714008064
9714270208
9714532352
9714794496
9715056640
9715318784
9715580928
9715843072
9716105216
9716367360
9716629504
9716891648
9717153792
9717415936
9717678080
9717940224
9718202368
9718464512
9718726656
9718988800
9719250944
9719513088
9719775232
9720037376
9720299520
9720561664
9720823808
9721085952
9721348096
9721610240
9721872384
9722134528
9722396672
9722658816
9722920960
9723183104
9723445248
9723707392
9723969536
9724231680
9724493824
9724755968
9725018112
9725280256
9725542400
9725804544
9726066688
9726328832
9726590976
9726853120
9727115264
9727377408
9727639552
9727901696
9728163840
9728425984
9728688128
9728950272
9729212416
9729474560
9729736704
9729998848
9730260992
9730523136
9730785280
9731047424
9731309568
9731571712
9731833856
9732096000
9732358144
9732620288
9732882432
9733144576
9733406720
9733668864
9733931008
9734193152
9734455296
9734717440
9734979584
9735241728
9735503872
9735766016
9736028160
9736290304
9736552448
9736814592
9737076736
9737338880
9737601024
9737863168
9738125312
9738387456
9738649600
9738911744
9739173888
9739436032
9739698176
9739960320
9740222464
9740484608
9740746752
9741008896
9741271040
9741533184
9741795328
9742057472
9742319616
9742581760
9742843904
9743106048
9743368192
9743630336
9743892480
9744154624
9744416768
9744678912
9744941056
9745203200
9745465344
9745727488
9745989632
9746251776
9746513920
9746776064
9747038208
9747300352
9747562496
9747824640
9748086784
9748348928
9748611072
9748873216
9749135360
9749397504
9749659648
9749921792
9750183936
9750446080
9750708224
9750970368
9751232512
9751494656
9751756800
9752018944
9752281088
9752543232
9752805376
9753067520
9753329664
9753591808
9753853952
9754116096
9754378240
9754640384
9754902528
9755164672
9755426816
9755688960
9755951104
9756213248
9756475392
9756737536
9756999680
9757261824
9757523968
9757786112
9758048256
9758310400
9758572544
9758834688
9759096832
9759358976
9759621120
9759883264
9760145408
9760407552
9760669696
9760931840
9761193984
9761456128
9761718272
9761980416
9762242560
9762504704
9762766848
9763028992
9763291136
9763553280
9763815424
9764077568
9764339712
9764601856
9764864000
9765126144
9765388288
9765650432
9765912576
9766174720
9766436864
9766699008
9766961152
9767223296
9767485440
9767747584
9768009728
9768271872
9768534016
9768796160
9769058304
9769320448
9769582592
9769844736
9770106880
9770369024
9770631168
9770893312
9771155456
9771417600
9771679744
9771941888
9772204032
9772466176
9772728320
9772990464
9773252608
9773514752
9773776896
9774039040
9774301184
9774563328
9774825472
9775087616
9775349760
9775611904
9775874048
9776136192
9776398336
9776660480
9776922624
9777184768
9777446912
9777709056
9777971200
9778233344
9778495488
9778757632
9779019776
9779281920
9779544064
9779806208
9780068352
9780330496
9780592640
9780854784
9781116928
9781379072
9781641216
9781903360
9782165504
9782427648
9782689792
9782951936
9783214080
9783476224
9783738368
9784000512
9784262656
9784524800
9784786944
9785049088
9785311232
9785573376
9785835520
9786097664
9786359808
9786621952
9786884096
9787146240
9787408384
9787670528
9787932672
9788194816
9788456960
9788719104
9788981248
9789243392
9789505536
9789767680
9790029824
9790291968
9790554112
9790816256
9791078400
9791340544
9791602688
9791864832
9792126976
9792389120
9792651264
9792913408
9793175552
9793437696
9793699840
9793961984
9794224128
9794486272
9794748416
9795010560
9795272704
9795534848
9795796992
9796059136
9796321280
9796583424
9796845568
9797107712
9797369856
9797632000
9797894144
9798156288
9798418432
9798680576
9798942720
9799204864
9799467008
9799729152
9799991296
9800253440
9800515584
9800777728
9801039872
9801302016
9801564160
9801826304
9802088448
9802350592
9802612736
9802874880
9803137024
9803399168
9803661312
9803923456
9804185600
9804447744
9804709888
9804972032
9805234176
9805496320
9805758464
9806020608
9806282752
9806544896
9806807040
9807069184
9807331328
9807593472
9807855616
9808117760
9808379904
9808642048
9808904192
9809166336
9809428480
9809690624
9809952768
9810214912
9810477056
9810739200
9811001344
9811263488
9811525632
9811787776
9812049920
9812312064
9812574208
9812836352
9813098496
9813360640
9813622784
9813884928
9814147072
9814409216
9814671360
9814933504
9815195648
9815457792
9815719936
9815982080
9816244224
9816506368
9816768512
9817030656
9817292800
9817554944
9817817088
9818079232
9818341376
9818603520
9818865664
9819127808
9819389952
9819652096
9819914240
9820176384
9820438528
9820700672
9820962816
9821224960
9821487104
9821749248
9822011392
9822273536
9822535680
9822797824
9823059968
9823322112
9823584256
9823846400
9824108544
9824370688
9824632832
9824894976
9825157120
9825419264
9825681408
9825943552
9826205696
9826467840
9826729984
9826992128
9827254272
9827516416
9827778560
9828040704
9828302848
9828564992
9828827136
9829089280
9829351424
9829613568
9829875712
9830137856
9830400000
9830662144
9830924288
9831186432
9831448576
9831710720
9831972864
9832235008
9832497152
9832759296
9833021440
9833283584
9833545728
9833807872
9834070016
9834332160
9834594304
9834856448
9835118592
9835380736
9835642880
9835905024
9836167168
9836429312
9836691456
9836953600
9837215744
9837477888
9837740032
9838002176
9838264320
9838526464
9838788608
9839050752
9839312896
9839575040
9839837184
9840099328
9840361472
9840623616
9840885760
9841147904
9841410048
9841672192
9841934336
9842196480
9842458624
9842720768
9842982912
9843245056
9843507200
9843769344
9844031488
9844293632
9844555776
9844817920
9845080064
9845342208
9845604352
9845866496
9846128640
9846390784
9846652928
9846915072
9847177216
9847439360
9847701504
9847963648
9848225792
9848487936
9848750080
9849012224
9849274368
9849536512
9849798656
9850060800
9850322944
9850585088
9850847232
9851109376
9851371520
9851633664
9851895808
9852157952
9852420096
9852682240
9852944384
9853206528
9853468672
9853730816
9853992960
9854255104
9854517248
9854779392
9855041536
9855303680
9855565824
9855827968
9856090112
9856352256
9856614400
9856876544
9857138688
9857400832
9857662976
9857925120
9858187264
9858449408
9858711552
9858973696
9859235840
9859497984
9859760128
9860022272
9860284416
9860546560
9860808704
9861070848
9861332992
9861595136
9861857280
9862119424
9862381568
9862643712
9862905856
9863168000
9863430144
9863692288
9863954432
9864216576
9864478720
9864740864
9865003008
9865265152
9865527296
9865789440
9866051584
9866313728
9866575872
9866838016
9867100160
9867362304
9867624448
9867886592
9868148736
9868410880
9868673024
9868935168
9869197312
9869459456
9869721600
9869983744
9870245888
9870508032
9870770176
9871032320
9871294464
9871556608
9871818752
9872080896
9872343040
9872605184
9872867328
9873129472
9873391616
9873653760
9873915904
9874178048
9874440192
9874702336
9874964480
9875226624
9875488768
9875750912
9876013056
9876275200
9876537344
9876799488
9877061632
9877323776
9877585920
9877848064
9878110208
9878372352
9878634496
9878896640
9879158784
9879420928
9879683072
9879945216
9880207360
9880469504
9880731648
9880993792
9881255936
9881518080
9881780224
9882042368
9882304512
9882566656
9882828800
9883090944
9883353088
9883615232
9883877376
9884139520
9884401664
9884663808
9884925952
9885188096
9885450240
9885712384
9885974528
9886236672
9886498816
9886760960
9887023104
9887285248
9887547392
9887809536
9888071680
9888333824
9888595968
9888858112
9889120256
9889382400
9889644544
9889906688
9890168832
9890430976
9890693120
9890955264
9891217408
9891479552
9891741696
9892003840
9892265984
9892528128
9892790272
9893052416
9893314560
9893576704
9893838848
9894100992
9894363136
9894625280
9894887424
9895149568
9895411712
9895673856
9895936000
9896198144
9896460288
9896722432
9896984576
9897246720
9897508864
9897771008
9898033152
9898295296
9898557440
9898819584
9899081728
9899343872
9899606016
9899868160
9900130304
9900392448
9900654592
9900916736
9901178880
9901441024
9901703168
9901965312
9902227456
9902489600
9902751744
9903013888
9903276032
9903538176
9903800320
9904062464
9904324608
9904586752
9904848896
9905111040
9905373184
9905635328
9905897472
9906159616
9906421760
9906683904
9906946048
9907208192
9907470336
9907732480
9907994624
9908256768
9908518912
9908781056
9909043200
9909305344
9909567488
9909829632
9910091776
9910353920
9910616064
9910878208
9911140352
9911402496
9911664640
9911926784
9912188928
9912451072
9912713216
9912975360
9913237504
9913499648
9913761792
9914023936
9914286080
9914548224
9914810368
9915072512
9915334656
9915596800
9915858944
9916121088
9916383232
9916645376
9916907520
9917169664
9917431808
9917693952
9917956096
9918218240
9918480384
9918742528
9919004672
9919266816
9919528960
9919791104
9920053248
9920315392
9920577536
9920839680
9921101824
9921363968
9921626112
9921888256
9922150400
9922412544
9922674688
9922936832
9923198976
9923461120
9923723264
9923985408
9924247552
9924509696
9924771840
9925033984
9925296128
9925558272
9925820416
9926082560
9926344704
9926606848
9926868992
9927131136
9927393280
9927655424
9927917568
9928179712
9928441856
9928704000
9928966144
9929228288
9929490432
9929752576
9930014720
9930276864
9930539008
9930801152
9931063296
9931325440
9931587584
9931849728
9932111872
9932374016
9932636160
9932898304
9933160448
9933422592
9933684736
9933946880
9934209024
9934471168
9934733312
9934995456
9935257600
9935519744
9935781888
9936044032
9936306176
9936568320
9936830464
9937092608
9937354752
9937616896
9937879040
9938141184
9938403328
9938665472
9938927616
9939189760
9939451904
9939714048
9939976192
9940238336
9940500480
9940762624
9941024768
9941286912
9941549056
9941811200
9942073344
9942335488
9942597632
9942859776
9943121920
9943384064
9943646208
9943908352
9944170496
9944432640
9944694784
9944956928
9945219072
9945481216
9945743360
9946005504
9946267648
9946529792
9946791936
9947054080
9947316224
9947578368
9947840512
9948102656
9948364800
9948626944
9948889088
9949151232
9949413376
9949675520
9949937664
9950199808
9950461952
9950724096
9950986240
9951248384
9951510528
9951772672
9952034816
9952296960
9952559104
9952821248
9953083392
9953345536
9953607680
9953869824
9954131968
9954394112
9954656256
9954918400
9955180544
9955442688
9955704832
9955966976
9956229120
9956491264
9956753408
9957015552
9957277696
9957539840
9957801984
9958064128
9958326272
9958588416
9958850560
9959112704
9959374848
9959636992
9959899136
9960161280
9960423424
9960685568
9960947712
9961209856
9961472000
9961734144
9961996288
9962258432
9962520576
9962782720
9963044864
9963307008
9963569152
9963831296
9964093440
9964355584
9964617728
9964879872
9965142016
9965404160
9965666304
9965928448
9966190592
9966452736
9966714880
9966977024
9967239168
9967501312
9967763456
9968025600
9968287744
9968549888
9968812032
9969074176
9969336320
9969598464
9969860608
9970122752
9970384896
9970647040
9970909184
9971171328
9971433472
9971695616
9971957760
9972219904
9972482048
9972744192
9973006336
9973268480
9973530624
9973792768
9974054912
9974317056
9974579200
9974841344
9975103488
9975365632
9975627776
9975889920
9976152064
9976414208
9976676352
9976938496
9977200640
9977462784
9977724928
9977987072
9978249216
9978511360
9978773504
9979035648
9979297792
9979559936
9979822080
9980084224
9980346368
9980608512
9980870656
9981132800
9981394944
9981657088
9981919232
9982181376
9982443520
9982705664
9982967808
9983229952
9983492096
9983754240
9984016384
9984278528
9984540672
9984802816
9985064960
9985327104
9985589248
9985851392
9986113536
9986375680
9986637824
9986899968
9987162112
9987424256
9987686400
9987948544
9988210688
9988472832
9988734976
9988997120
9989259264
9989521408
9989783552
9990045696
9990307840
9990569984
9990832128
9991094272
9991356416
9991618560
9991880704
9992142848
9992404992
9992667136
9992929280
9993191424
9993453568
9993715712
9993977856
9994240000
9994502144
9994764288
9995026432
9995288576
9995550720
9995812864
9996075008
9996337152
9996599296
9996861440
9997123584
9997385728
9997647872
9997910016
9998172160
9998434304
9998696448
9998958592
9999220736
9999482880
9999745024
10000007168
10000269312
10000531456
10000793600
10001055744
10001317888
10001580032
10001842176
10002104320
10002366464
10002628608
10002890752
10003152896
10003415040
10003677184
10003939328
10004201472
10004463616
10004725760
10004987904
10005250048
10005512192
10005774336
10006036480
10006298624
10006560768
10006822912
10007085056
10007347200
10007609344
10007871488
10008133632
10008395776
10008657920
10008920064
10009182208
10009444352
10009706496
10009968640
10010230784
10010492928
10010755072
10011017216
10011279360
10011541504
10011803648
10012065792
10012327936
10012590080
10012852224
10013114368
10013376512
10013638656
10013900800
10014162944
10014425088
10014687232
10014949376
10015211520
10015473664
10015735808
10015997952
10016260096
10016522240
10016784384
10017046528
10017308672
10017570816
10017832960
10018095104
10018357248
10018619392
10018881536
10019143680
10019405824
10019667968
10019930112
10020192256
10020454400
10020716544
10020978688
10021240832
10021502976
10021765120
10022027264
10022289408
10022551552
10022813696
10023075840
10023337984
10023600128
10023862272
10024124416
10024386560
10024648704
10024910848
10025172992
10025435136
10025697280
10025959424
10026221568
10026483712
10026745856
10027008000
10027270144
10027532288
10027794432
10028056576
10028318720
10028580864
10028843008
10029105152
10029367296
10029629440
10029891584
10030153728
10030415872
10030678016
10030940160
10031202304
10031464448
10031726592
10031988736
10032250880
10032513024
10032775168
10033037312
10033299456
10033561600
10033823744
10034085888
10034348032
10034610176
10034872320
10035134464
10035396608
10035658752
10035920896
10036183040
10036445184
10036707328
10036969472
10037231616
10037493760
10037755904
10038018048
10038280192
10038542336
10038804480
10039066624
10039328768
10039590912
10039853056
10040115200
10040377344
10040639488
10040901632
10041163776
10041425920
10041688064
10041950208
10042212352
10042474496
10042736640
10042998784
10043260928
10043523072
10043785216
10044047360
10044309504
10044571648
10044833792
10045095936
10045358080
10045620224
10045882368
10046144512
10046406656
10046668800
10046930944
10047193088
10047455232
10047717376
10047979520
10048241664
10048503808
10048765952
10049028096
10049290240
10049552384
10049814528
10050076672
10050338816
10050600960
10050863104
10051125248
10051387392
10051649536
10051911680
10052173824
10052435968
10052698112
10052960256
10053222400
10053484544
10053746688
10054008832
10054270976
10054533120
10054795264
10055057408
10055319552
10055581696
10055843840
10056105984
10056368128
10056630272
10056892416
10057154560
10057416704
10057678848
10057940992
10058203136
10058465280
10058727424
10058989568
10059251712
10059513856
10059776000
10060038144
10060300288
10060562432
10060824576
10061086720
10061348864
10061611008
10061873152
10062135296
10062397440
10062659584
10062921728
10063183872
10063446016
10063708160
10063970304
10064232448
10064494592
10064756736
10065018880
10065281024
10065543168
10065805312
10066067456
10066329600
10066591744
10066853888
10067116032
10067378176
10067640320
10067902464
10068164608
10068426752
10068688896
10068951040
10069213184
10069475328
10069737472
10069999616
10070261760
10070523904
10070786048
10071048192
10071310336
10071572480
10071834624
10072096768
10072358912
10072621056
10072883200
10073145344
10073407488
10073669632
10073931776
10074193920
10074456064
10074718208
10074980352
10075242496
10075504640
10075766784
10076028928
10076291072
10076553216
10076815360
10077077504
10077339648
10077601792
10077863936
10078126080
10078388224
10078650368
10078912512
10079174656
10079436800
10079698944
10079961088
10080223232
10080485376
10080747520
10081009664
10081271808
10081533952
10081796096
10082058240
10082320384
10082582528
10082844672
10083106816
10083368960
10083631104
10083893248
10084155392
10084417536
10084679680
10084941824
10085203968
10085466112
10085728256
10085990400
10086252544
10086514688
10086776832
10087038976
10087301120
10087563264
10087825408
10088087552
10088349696
10088611840
10088873984
10089136128
10089398272
10089660416
10089922560
10090184704
10090446848
10090708992
10090971136
10091233280
10091495424
10091757568
10092019712
10092281856
10092544000
10092806144
10093068288
10093330432
10093592576
10093854720
10094116864
10094379008
10094641152
10094903296
10095165440
10095427584
10095689728
10095951872
10096214016
10096476160
10096738304
10097000448
10097262592
10097524736
10097786880
10098049024
10098311168
10098573312
10098835456
10099097600
10099359744
10099621888
10099884032
10100146176
10100408320
10100670464
10100932608
10101194752
10101456896
10101719040
10101981184
10102243328
10102505472
10102767616
10103029760
10103291904
10103554048
10103816192
10104078336
10104340480
10104602624
10104864768
10105126912
10105389056
10105651200
10105913344
10106175488
10106437632
10106699776
10106961920
10107224064
10107486208
10107748352
10108010496
10108272640
10108534784
10108796928
10109059072
10109321216
10109583360
10109845504
10110107648
10110369792
10110631936
10110894080
10111156224
10111418368
10111680512
10111942656
10112204800
10112466944
10112729088
10112991232
10113253376
10113515520
10113777664
10114039808
10114301952
10114564096
10114826240
10115088384
10115350528
10115612672
10115874816
10116136960
10116399104
10116661248
10116923392
10117185536
10117447680
10117709824
10117971968
10118234112
10118496256
10118758400
10119020544
10119282688
10119544832
10119806976
10120069120
10120331264
10120593408
10120855552
10121117696
10121379840
10121641984
10121904128
10122166272
10122428416
10122690560
10122952704
10123214848
10123476992
10123739136
10124001280
10124263424
10124525568
10124787712
10125049856
10125312000
10125574144
10125836288
10126098432
10126360576
10126622720
10126884864
10127147008
10127409152
10127671296
10127933440
10128195584
10128457728
10128719872
10128982016
10129244160
10129506304
10129768448
10130030592
10130292736
10130554880
10130817024
10131079168
10131341312
10131603456
10131865600
10132127744
10132389888
10132652032
10132914176
10133176320
10133438464
10133700608
10133962752
10134224896
10134487040
10134749184
10135011328
10135273472
10135535616
10135797760
10136059904
10136322048
10136584192
10136846336
10137108480
10137370624
10137632768
10137894912
10138157056
10138419200
10138681344
10138943488
10139205632
10139467776
10139729920
10139992064
10140254208
10140516352
10140778496
10141040640
10141302784
10141564928
10141827072
10142089216
10142351360
10142613504
10142875648
10143137792
10143399936
10143662080
10143924224
10144186368
10144448512
10144710656
10144972800
10145234944
10145497088
10145759232
10146021376
10146283520
10146545664
10146807808
10147069952
10147332096
10147594240
10147856384
10148118528
10148380672
10148642816
10148904960
10149167104
10149429248
10149691392
10149953536
10150215680
10150477824
10150739968
10151002112
10151264256
10151526400
10151788544
10152050688
10152312832
10152574976
10152837120
10153099264
10153361408
10153623552
10153885696
10154147840
10154409984
10154672128
10154934272
10155196416
10155458560
10155720704
10155982848
10156244992
10156507136
10156769280
10157031424
10157293568
10157555712
10157817856
10158080000
10158342144
10158604288
10158866432
10159128576
10159390720
10159652864
10159915008
10160177152
10160439296
10160701440
10160963584
10161225728
10161487872
10161750016
10162012160
10162274304
10162536448
10162798592
10163060736
10163322880
10163585024
10163847168
10164109312
10164371456
10164633600
10164895744
10165157888
10165420032
10165682176
10165944320
10166206464
10166468608
10166730752
10166992896
10167255040
10167517184
10167779328
10168041472
10168303616
10168565760
10168827904
10169090048
10169352192
10169614336
10169876480
10170138624
10170400768
10170662912
10170925056
10171187200
10171449344
10171711488
10171973632
10172235776
10172497920
10172760064
10173022208
10173284352
10173546496
10173808640
10174070784
10174332928
10174595072
10174857216
10175119360
10175381504
10175643648
10175905792
10176167936
10176430080
10176692224
10176954368
10177216512
10177478656
10177740800
10178002944
10178265088
10178527232
10178789376
10179051520
10179313664
10179575808
10179837952
10180100096
10180362240
10180624384
10180886528
10181148672
10181410816
10181672960
10181935104
10182197248
10182459392
10182721536
10182983680
10183245824
10183507968
10183770112
10184032256
10184294400
10184556544
10184818688
10185080832
10185342976
10185605120
10185867264
10186129408
10186391552
10186653696
10186915840
10187177984
10187440128
10187702272
10187964416
10188226560
10188488704
10188750848
10189012992
10189275136
10189537280
10189799424
10190061568
10190323712
10190585856
10190848000
10191110144
10191372288
10191634432
10191896576
10192158720
10192420864
10192683008
10192945152
10193207296
10193469440
10193731584
10193993728
10194255872
10194518016
10194780160
10195042304
10195304448
10195566592
10195828736
10196090880
10196353024
10196615168
10196877312
10197139456
10197401600
10197663744
10197925888
10198188032
10198450176
10198712320
10198974464
10199236608
10199498752
10199760896
10200023040
10200285184
10200547328
10200809472
10201071616
10201333760
10201595904
10201858048
10202120192
10202382336
10202644480
10202906624
10203168768
10203430912
10203693056
10203955200
10204217344
10204479488
10204741632
10205003776
10205265920
10205528064
10205790208
10206052352
10206314496
10206576640
10206838784
10207100928
10207363072
10207625216
10207887360
10208149504
10208411648
10208673792
10208935936
10209198080
10209460224
10209722368
10209984512
10210246656
10210508800
10210770944
10211033088
10211295232
10211557376
10211819520
10212081664
10212343808
10212605952
10212868096
10213130240
10213392384
10213654528
10213916672
10214178816
10214440960
10214703104
10214965248
10215227392
10215489536
10215751680
10216013824
10216275968
10216538112
10216800256
10217062400
10217324544
10217586688
10217848832
10218110976
10218373120
10218635264
10218897408
10219159552
10219421696
10219683840
10219945984
10220208128
10220470272
10220732416
10220994560
10221256704
10221518848
10221780992
10222043136
10222305280
10222567424
10222829568
10223091712
10223353856
10223616000
10223878144
10224140288
10224402432
10224664576
10224926720
10225188864
10225451008
10225713152
10225975296
10226237440
10226499584
10226761728
10227023872
10227286016
10227548160
10227810304
10228072448
10228334592
10228596736
10228858880
10229121024
10229383168
10229645312
10229907456
10230169600
10230431744
10230693888
10230956032
10231218176
10231480320
10231742464
10232004608
10232266752
10232528896
10232791040
10233053184
10233315328
10233577472
10233839616
10234101760
10234363904
10234626048
10234888192
10235150336
10235412480
10235674624
10235936768
10236198912
10236461056
10236723200
10236985344
10237247488
10237509632
10237771776
10238033920
10238296064
10238558208
10238820352
10239082496
10239344640
10239606784
10239868928
10240131072
10240393216
10240655360
10240917504
10241179648
10241441792
10241703936
10241966080
10242228224
10242490368
10242752512
10243014656
10243276800
10243538944
10243801088
10244063232
10244325376
10244587520
10244849664
10245111808
10245373952
10245636096
10245898240
10246160384
10246422528
10246684672
10246946816
10247208960
10247471104
10247733248
10247995392
10248257536
10248519680
10248781824
10249043968
10249306112
10249568256
10249830400
10250092544
10250354688
10250616832
10250878976
10251141120
10251403264
10251665408
10251927552
10252189696
10252451840
10252713984
10252976128
10253238272
10253500416
10253762560
10254024704
10254286848
10254548992
10254811136
10255073280
10255335424
10255597568
10255859712
10256121856
10256384000
10256646144
10256908288
10257170432
10257432576
10257694720
10257956864
10258219008
10258481152
10258743296
10259005440
10259267584
10259529728
10259791872
10260054016
10260316160
10260578304
10260840448
10261102592
10261364736
10261626880
10261889024
10262151168
10262413312
10262675456
10262937600
10263199744
10263461888
10263724032
10263986176
10264248320
10264510464
10264772608
10265034752
10265296896
10265559040
10265821184
10266083328
10266345472
10266607616
10266869760
10267131904
10267394048
10267656192
10267918336
10268180480
10268442624
10268704768
10268966912
10269229056
10269491200
10269753344
10270015488
10270277632
10270539776
10270801920
10271064064
10271326208
10271588352
10271850496
10272112640
10272374784
10272636928
10272899072
10273161216
10273423360
10273685504
10273947648
10274209792
10274471936
10274734080
10274996224
10275258368
10275520512
10275782656
10276044800
10276306944
10276569088
10276831232
10277093376
10277355520
10277617664
10277879808
10278141952
10278404096
10278666240
10278928384
10279190528
10279452672
10279714816
10279976960
10280239104
10280501248
10280763392
10281025536
10281287680
10281549824
10281811968
10282074112
10282336256
10282598400
10282860544
10283122688
10283384832
10283646976
10283909120
10284171264
10284433408
10284695552
10284957696
10285219840
10285481984
10285744128
10286006272
10286268416
10286530560
10286792704
10287054848
10287316992
10287579136
10287841280
10288103424
10288365568
10288627712
10288889856
10289152000
10289414144
10289676288
10289938432
10290200576
10290462720
10290724864
10290987008
10291249152
10291511296
10291773440
10292035584
10292297728
10292559872
10292822016
10293084160
10293346304
10293608448
10293870592
10294132736
10294394880
10294657024
10294919168
10295181312
10295443456
10295705600
10295967744
10296229888
10296492032
10296754176
10297016320
10297278464
10297540608
10297802752
10298064896
10298327040
10298589184
10298851328
10299113472
10299375616
10299637760
10299899904
10300162048
10300424192
10300686336
10300948480
10301210624
10301472768
10301734912
10301997056
10302259200
10302521344
10302783488
10303045632
10303307776
10303569920
10303832064
10304094208
10304356352
10304618496
10304880640
10305142784
10305404928
10305667072
10305929216
10306191360
10306453504
10306715648
10306977792
10307239936
10307502080
10307764224
10308026368
10308288512
10308550656
10308812800
10309074944
10309337088
10309599232
10309861376
10310123520
10310385664
10310647808
10310909952
10311172096
10311434240
10311696384
10311958528
10312220672
10312482816
10312744960
10313007104
10313269248
10313531392
10313793536
10314055680
10314317824
10314579968
10314842112
10315104256
10315366400
10315628544
10315890688
10316152832
10316414976
10316677120
10316939264
10317201408
10317463552
10317725696
10317987840
10318249984
10318512128
10318774272
10319036416
10319298560
10319560704
10319822848
10320084992
10320347136
10320609280
10320871424
10321133568
10321395712
10321657856
10321920000
10322182144
10322444288
10322706432
10322968576
10323230720
10323492864
10323755008
10324017152
10324279296
10324541440
10324803584
10325065728
10325327872
10325590016
10325852160
10326114304
10326376448
10326638592
10326900736
10327162880
10327425024
10327687168
10327949312
10328211456
10328473600
10328735744
10328997888
10329260032
10329522176
10329784320
10330046464
10330308608
10330570752
10330832896
10331095040
10331357184
10331619328
10331881472
10332143616
10332405760
10332667904
10332930048
10333192192
10333454336
10333716480
10333978624
10334240768
10334502912
10334765056
10335027200
10335289344
10335551488
10335813632
10336075776
10336337920
10336600064
10336862208
10337124352
10337386496
10337648640
10337910784
10338172928
10338435072
10338697216
10338959360
10339221504
10339483648
10339745792
10340007936
10340270080
10340532224
10340794368
10341056512
10341318656
10341580800
10341842944
10342105088
10342367232
10342629376
10342891520
10343153664
10343415808
10343677952
10343940096
10344202240
10344464384
10344726528
10344988672
10345250816
10345512960
10345775104
10346037248
10346299392
10346561536
10346823680
10347085824
10347347968
10347610112
10347872256
10348134400
10348396544
10348658688
10348920832
10349182976
10349445120
10349707264
10349969408
10350231552
10350493696
10350755840
10351017984
10351280128
10351542272
10351804416
10352066560
10352328704
10352590848
10352852992
10353115136
10353377280
10353639424
10353901568
10354163712
10354425856
10354688000
10354950144
10355212288
10355474432
10355736576
10355998720
10356260864
10356523008
10356785152
10357047296
10357309440
10357571584
10357833728
10358095872
10358358016
10358620160
10358882304
10359144448
10359406592
10359668736
10359930880
10360193024
10360455168
10360717312
10360979456
10361241600
10361503744
10361765888
10362028032
10362290176
10362552320
10362814464
10363076608
10363338752
10363600896
10363863040
10364125184
10364387328
10364649472
10364911616
10365173760
10365435904
10365698048
10365960192
10366222336
10366484480
10366746624
10367008768
10367270912
10367533056
10367795200
10368057344
10368319488
10368581632
10368843776
10369105920
10369368064
10369630208
10369892352
10370154496
10370416640
10370678784
10370940928
10371203072
10371465216
10371727360
10371989504
10372251648
10372513792
10372775936
10373038080
10373300224
10373562368
10373824512
10374086656
10374348800
10374610944
10374873088
10375135232
10375397376
10375659520
10375921664
10376183808
10376445952
10376708096
10376970240
10377232384
10377494528
10377756672
10378018816
10378280960
10378543104
10378805248
10379067392
10379329536
10379591680
10379853824
10380115968
10380378112
10380640256
10380902400
10381164544
10381426688
10381688832
10381950976
10382213120
10382475264
10382737408
10382999552
10383261696
10383523840
10383785984
10384048128
10384310272
10384572416
10384834560
10385096704
10385358848
10385620992
10385883136
10386145280
10386407424
10386669568
10386931712
10387193856
10387456000
10387718144
10387980288
10388242432
10388504576
10388766720
10389028864
10389291008
10389553152
10389815296
10390077440
10390339584
10390601728
10390863872
10391126016
10391388160
10391650304
10391912448
10392174592
10392436736
10392698880
10392961024
10393223168
10393485312
10393747456
10394009600
10394271744
10394533888
10394796032
10395058176
10395320320
10395582464
10395844608
10396106752
10396368896
10396631040
10396893184
10397155328
10397417472
10397679616
10397941760
10398203904
10398466048
10398728192
10398990336
10399252480
10399514624
10399776768
10400038912
10400301056
10400563200
10400825344
10401087488
10401349632
10401611776
10401873920
10402136064
10402398208
10402660352
10402922496
10403184640
10403446784
10403708928
10403971072
10404233216
10404495360
10404757504
10405019648
10405281792
10405543936
10405806080
10406068224
10406330368
10406592512
10406854656
10407116800
10407378944
10407641088
10407903232
10408165376
10408427520
10408689664
10408951808
10409213952
10409476096
10409738240
10410000384
10410262528
10410524672
10410786816
10411048960
10411311104
10411573248
10411835392
10412097536
10412359680
10412621824
10412883968
10413146112
10413408256
10413670400
10413932544
10414194688
10414456832
10414718976
10414981120
10415243264
10415505408
10415767552
10416029696
10416291840
10416553984
10416816128
10417078272
10417340416
10417602560
10417864704
10418126848
10418388992
10418651136
10418913280
10419175424
10419437568
10419699712
10419961856
10420224000
10420486144
10420748288
10421010432
10421272576
10421534720
10421796864
10422059008
10422321152
10422583296
10422845440
10423107584
10423369728
10423631872
10423894016
10424156160
10424418304
10424680448
10424942592
10425204736
10425466880
10425729024
10425991168
10426253312
10426515456
10426777600
10427039744
10427301888
10427564032
10427826176
10428088320
10428350464
10428612608
10428874752
10429136896
10429399040
10429661184
10429923328
10430185472
10430447616
10430709760
10430971904
10431234048
10431496192
10431758336
10432020480
10432282624
10432544768
10432806912
10433069056
10433331200
10433593344
10433855488
10434117632
10434379776
10434641920
10434904064
10435166208
10435428352
10435690496
10435952640
10436214784
10436476928
10436739072
10437001216
10437263360
10437525504
10437787648
10438049792
10438311936
10438574080
10438836224
10439098368
10439360512
10439622656
10439884800
10440146944
10440409088
10440671232
10440933376
10441195520
10441457664
10441719808
10441981952
10442244096
10442506240
10442768384
10443030528
10443292672
10443554816
10443816960
10444079104
10444341248
10444603392
10444865536
10445127680
10445389824
10445651968
10445914112
10446176256
10446438400
10446700544
10446962688
10447224832
10447486976
10447749120
10448011264
10448273408
10448535552
10448797696
10449059840
10449321984
10449584128
10449846272
10450108416
10450370560
10450632704
10450894848
10451156992
10451419136
10451681280
10451943424
10452205568
10452467712
10452729856
10452992000
10453254144
10453516288
10453778432
10454040576
10454302720
10454564864
10454827008
10455089152
10455351296
10455613440
10455875584
10456137728
10456399872
10456662016
10456924160
10457186304
10457448448
10457710592
10457972736
10458234880
10458497024
10458759168
10459021312
10459283456
10459545600
10459807744
10460069888
10460332032
10460594176
10460856320
10461118464
10461380608
10461642752
10461904896
10462167040
10462429184
10462691328
10462953472
10463215616
10463477760
10463739904
10464002048
10464264192
10464526336
10464788480
10465050624
10465312768
10465574912
10465837056
10466099200
10466361344
10466623488
10466885632
10467147776
10467409920
10467672064
10467934208
10468196352
10468458496
10468720640
10468982784
10469244928
10469507072
10469769216
10470031360
10470293504
10470555648
10470817792
10471079936
10471342080
10471604224
10471866368
10472128512
10472390656
10472652800
10472914944
10473177088
10473439232
10473701376
10473963520
10474225664
10474487808
10474749952
10475012096
10475274240
10475536384
10475798528
10476060672
10476322816
10476584960
10476847104
10477109248
10477371392
10477633536
10477895680
10478157824
10478419968
10478682112
10478944256
10479206400
10479468544
10479730688
10479992832
10480254976
10480517120
10480779264
10481041408
10481303552
10481565696
10481827840
10482089984
10482352128
10482614272
10482876416
10483138560
10483400704
10483662848
10483924992
10484187136
10484449280
10484711424
10484973568
10485235712
10485497856
10485760000
10486022144
10486284288
10486546432
10486808576
10487070720
10487332864
10487595008
10487857152
10488119296
10488381440
10488643584
10488905728
10489167872
10489430016
10489692160
10489954304
10490216448
10490478592
10490740736
10491002880
10491265024
10491527168
10491789312
10492051456
10492313600
10492575744
10492837888
10493100032
10493362176
10493624320
10493886464
10494148608
10494410752
10494672896
10494935040
10495197184
10495459328
10495721472
10495983616
10496245760
10496507904
10496770048
10497032192
10497294336
10497556480
10497818624
10498080768
10498342912
10498605056
10498867200
10499129344
10499391488
10499653632
10499915776
10500177920
10500440064
10500702208
10500964352
10501226496
10501488640
10501750784
10502012928
10502275072
10502537216
10502799360
10503061504
10503323648
10503585792
10503847936
10504110080
10504372224
10504634368
10504896512
10505158656
10505420800
10505682944
10505945088
10506207232
10506469376
10506731520
10506993664
10507255808
10507517952
10507780096
10508042240
10508304384
10508566528
10508828672
10509090816
10509352960
10509615104
10509877248
10510139392
10510401536
10510663680
10510925824
10511187968
10511450112
10511712256
10511974400
10512236544
10512498688
10512760832
10513022976
10513285120
10513547264
10513809408
10514071552
10514333696
10514595840
10514857984
10515120128
10515382272
10515644416
10515906560
10516168704
10516430848
10516692992
10516955136
10517217280
10517479424
10517741568
10518003712
10518265856
10518528000
10518790144
10519052288
10519314432
10519576576
10519838720
10520100864
10520363008
10520625152
10520887296
10521149440
10521411584
10521673728
10521935872
10522198016
10522460160
10522722304
10522984448
10523246592
10523508736
10523770880
10524033024
10524295168
10524557312
10524819456
10525081600
10525343744
10525605888
10525868032
10526130176
10526392320
10526654464
10526916608
10527178752
10527440896
10527703040
10527965184
10528227328
10528489472
10528751616
10529013760
10529275904
10529538048
10529800192
10530062336
10530324480
10530586624
10530848768
10531110912
10531373056
10531635200
10531897344
10532159488
10532421632
10532683776
10532945920
10533208064
10533470208
10533732352
10533994496
10534256640
10534518784
10534780928
10535043072
10535305216
10535567360
10535829504
10536091648
10536353792
10536615936
10536878080
10537140224
10537402368
10537664512
10537926656
10538188800
10538450944
10538713088
10538975232
10539237376
10539499520
10539761664
10540023808
10540285952
10540548096
10540810240
10541072384
10541334528
10541596672
10541858816
10542120960
10542383104
10542645248
10542907392
10543169536
10543431680
10543693824
10543955968
10544218112
10544480256
10544742400
10545004544
10545266688
10545528832
10545790976
10546053120
10546315264
10546577408
10546839552
10547101696
10547363840
10547625984
10547888128
10548150272
10548412416
10548674560
10548936704
10549198848
10549460992
10549723136
10549985280
10550247424
10550509568
10550771712
10551033856
10551296000
10551558144
10551820288
10552082432
10552344576
10552606720
10552868864
10553131008
10553393152
10553655296
10553917440
10554179584
10554441728
10554703872
10554966016
10555228160
10555490304
10555752448
10556014592
10556276736
10556538880
10556801024
10557063168
10557325312
10557587456
10557849600
10558111744
10558373888
10558636032
10558898176
10559160320
10559422464
10559684608
10559946752
10560208896
10560471040
10560733184
10560995328
10561257472
10561519616
10561781760
10562043904
10562306048
10562568192
10562830336
10563092480
10563354624
10563616768
10563878912
10564141056
10564403200
10564665344
10564927488
10565189632
10565451776
10565713920
10565976064
10566238208
10566500352
10566762496
10567024640
10567286784
10567548928
10567811072
10568073216
10568335360
10568597504
10568859648
10569121792
10569383936
10569646080
10569908224
10570170368
10570432512
10570694656
10570956800
10571218944
10571481088
10571743232
10572005376
10572267520
10572529664
10572791808
10573053952
10573316096
10573578240
10573840384
10574102528
10574364672
10574626816
10574888960
10575151104
10575413248
10575675392
10575937536
10576199680
10576461824
10576723968
10576986112
10577248256
10577510400
10577772544
10578034688
10578296832
10578558976
10578821120
10579083264
10579345408
10579607552
10579869696
10580131840
10580393984
10580656128
10580918272
10581180416
10581442560
10581704704
10581966848
10582228992
10582491136
10582753280
10583015424
10583277568
10583539712
10583801856
10584064000
10584326144
10584588288
10584850432
10585112576
10585374720
10585636864
10585899008
10586161152
10586423296
10586685440
10586947584
10587209728
10587471872
10587734016
10587996160
10588258304
10588520448
10588782592
10589044736
10589306880
10589569024
10589831168
10590093312
10590355456
10590617600
10590879744
10591141888
10591404032
10591666176
10591928320
10592190464
10592452608
10592714752
10592976896
10593239040
10593501184
10593763328
10594025472
10594287616
10594549760
10594811904
10595074048
10595336192
10595598336
10595860480
10596122624
10596384768
10596646912
10596909056
10597171200
10597433344
10597695488
10597957632
10598219776
10598481920
10598744064
10599006208
10599268352
10599530496
10599792640
10600054784
10600316928
10600579072
10600841216
10601103360
10601365504
10601627648
10601889792
10602151936
10602414080
10602676224
10602938368
10603200512
10603462656
10603724800
10603986944
10604249088
10604511232
10604773376
10605035520
10605297664
10605559808
10605821952
10606084096
10606346240
10606608384
10606870528
10607132672
10607394816
10607656960
10607919104
10608181248
10608443392
10608705536
10608967680
10609229824
10609491968
10609754112
10610016256
10610278400
10610540544
10610802688
10611064832
10611326976
10611589120
10611851264
10612113408
10612375552
10612637696
10612899840
10613161984
10613424128
10613686272
10613948416
10614210560
10614472704
10614734848
10614996992
10615259136
10615521280
10615783424
10616045568
10616307712
10616569856
10616832000
10617094144
10617356288
10617618432
10617880576
10618142720
10618404864
10618667008
10618929152
10619191296
10619453440
10619715584
10619977728
10620239872
10620502016
10620764160
10621026304
10621288448
10621550592
10621812736
10622074880
10622337024
10622599168
10622861312
10623123456
10623385600
10623647744
10623909888
10624172032
10624434176
10624696320
10624958464
10625220608
10625482752
10625744896
10626007040
10626269184
10626531328
10626793472
10627055616
10627317760
10627579904
10627842048
10628104192
10628366336
10628628480
10628890624
10629152768
10629414912
10629677056
10629939200
10630201344
10630463488
10630725632
10630987776
10631249920
10631512064
10631774208
10632036352
10632298496
10632560640
10632822784
10633084928
10633347072
10633609216
10633871360
10634133504
10634395648
10634657792
10634919936
10635182080
10635444224
10635706368
10635968512
10636230656
10636492800
10636754944
10637017088
10637279232
10637541376
10637803520
10638065664
10638327808
10638589952
10638852096
10639114240
10639376384
10639638528
10639900672
10640162816
10640424960
10640687104
10640949248
10641211392
10641473536
10641735680
10641997824
10642259968
10642522112
10642784256
10643046400
10643308544
10643570688
10643832832
10644094976
10644357120
10644619264
10644881408
10645143552
10645405696
10645667840
10645929984
10646192128
10646454272
10646716416
10646978560
10647240704
10647502848
10647764992
10648027136
10648289280
10648551424
10648813568
10649075712
10649337856
10649600000
10649862144
10650124288
10650386432
10650648576
10650910720
10651172864
10651435008
10651697152
10651959296
10652221440
10652483584
10652745728
10653007872
10653270016
10653532160
10653794304
10654056448
10654318592
10654580736
10654842880
10655105024
10655367168
10655629312
10655891456
10656153600
10656415744
10656677888
10656940032
10657202176
10657464320
10657726464
10657988608
10658250752
10658512896
10658775040
10659037184
10659299328
10659561472
10659823616
10660085760
10660347904
10660610048
10660872192
10661134336
10661396480
10661658624
10661920768
10662182912
10662445056
10662707200
10662969344
10663231488
10663493632
10663755776
10664017920
10664280064
10664542208
10664804352
10665066496
10665328640
10665590784
10665852928
10666115072
10666377216
10666639360
10666901504
10667163648
10667425792
10667687936
10667950080
10668212224
10668474368
10668736512
10668998656
10669260800
10669522944
10669785088
10670047232
10670309376
10670571520
10670833664
10671095808
10671357952
10671620096
10671882240
10672144384
10672406528
10672668672
10672930816
10673192960
10673455104
10673717248
10673979392
10674241536
10674503680
10674765824
10675027968
10675290112
10675552256
10675814400
10676076544
10676338688
10676600832
10676862976
10677125120
10677387264
10677649408
10677911552
10678173696
10678435840
10678697984
10678960128
10679222272
10679484416
10679746560
10680008704
10680270848
10680532992
10680795136
10681057280
10681319424
10681581568
10681843712
10682105856
10682368000
10682630144
10682892288
10683154432
10683416576
10683678720
10683940864
10684203008
10684465152
10684727296
10684989440
10685251584
10685513728
10685775872
10686038016
10686300160
10686562304
10686824448
10687086592
10687348736
10687610880
10687873024
10688135168
10688397312
10688659456
10688921600
10689183744
10689445888
10689708032
10689970176
10690232320
10690494464
10690756608
10691018752
10691280896
10691543040
10691805184
10692067328
10692329472
10692591616
10692853760
10693115904
10693378048
10693640192
10693902336
10694164480
10694426624
10694688768
10694950912
10695213056
10695475200
10695737344
10695999488
10696261632
10696523776
10696785920
10697048064
10697310208
10697572352
10697834496
10698096640
10698358784
10698620928
10698883072
10699145216
10699407360
10699669504
10699931648
10700193792
10700455936
10700718080
10700980224
10701242368
10701504512
10701766656
10702028800
10702290944
10702553088
10702815232
10703077376
10703339520
10703601664
10703863808
10704125952
10704388096
10704650240
10704912384
10705174528
10705436672
10705698816
10705960960
10706223104
10706485248
10706747392
10707009536
10707271680
10707533824
10707795968
10708058112
10708320256
10708582400
10708844544
10709106688
10709368832
10709630976
10709893120
10710155264
10710417408
10710679552
10710941696
10711203840
10711465984
10711728128
10711990272
10712252416
10712514560
10712776704
10713038848
10713300992
10713563136
10713825280
10714087424
10714349568
10714611712
10714873856
10715136000
10715398144
10715660288
10715922432
10716184576
10716446720
10716708864
10716971008
10717233152
10717495296
10717757440
10718019584
10718281728
10718543872
10718806016
10719068160
10719330304
10719592448
10719854592
10720116736
10720378880
10720641024
10720903168
10721165312
10721427456
10721689600
10721951744
10722213888
10722476032
10722738176
10723000320
10723262464
10723524608
10723786752
10724048896
10724311040
10724573184
10724835328
10725097472
10725359616
10725621760
10725883904
10726146048
10726408192
10726670336
10726932480
10727194624
10727456768
10727718912
10727981056
10728243200
10728505344
10728767488
10729029632
10729291776
10729553920
10729816064
10730078208
10730340352
10730602496
10730864640
10731126784
10731388928
10731651072
10731913216
10732175360
10732437504
10732699648
10732961792
10733223936
10733486080
10733748224
10734010368
10734272512
10734534656
10734796800
10735058944
10735321088
10735583232
10735845376
10736107520
10736369664
10736631808
10736893952
10737156096
10737418240
10737680384
10737942528
10738204672
10738466816
10738728960
10738991104
10739253248
10739515392
10739777536
10740039680
10740301824
10740563968
10740826112
10741088256
10741350400
10741612544
10741874688
10742136832
10742398976
10742661120
10742923264
10743185408
10743447552
10743709696
10743971840
10744233984
10744496128
10744758272
10745020416
10745282560
10745544704
10745806848
10746068992
10746331136
10746593280
10746855424
10747117568
10747379712
10747641856
10747904000
10748166144
10748428288
10748690432
10748952576
10749214720
10749476864
10749739008
10750001152
10750263296
10750525440
10750787584
10751049728
10751311872
10751574016
10751836160
10752098304
10752360448
10752622592
10752884736
10753146880
10753409024
10753671168
10753933312
10754195456
10754457600
10754719744
10754981888
10755244032
10755506176
10755768320
10756030464
10756292608
10756554752
10756816896
10757079040
10757341184
10757603328
10757865472
10758127616
10758389760
10758651904
10758914048
10759176192
10759438336
10759700480
10759962624
10760224768
10760486912
10760749056
10761011200
10761273344
10761535488
10761797632
10762059776
10762321920
10762584064
10762846208
10763108352
10763370496
10763632640
10763894784
10764156928
10764419072
10764681216
10764943360
10765205504
10765467648
10765729792
10765991936
10766254080
10766516224
10766778368
10767040512
10767302656
10767564800
10767826944
10768089088
10768351232
10768613376
10768875520
10769137664
10769399808
10769661952
10769924096
10770186240
10770448384
10770710528
10770972672
10771234816
10771496960
10771759104
10772021248
10772283392
10772545536
10772807680
10773069824
10773331968
10773594112
10773856256
10774118400
10774380544
10774642688
10774904832
10775166976
10775429120
10775691264
10775953408
10776215552
10776477696
10776739840
10777001984
10777264128
10777526272
10777788416
10778050560
10778312704
10778574848
10778836992
10779099136
10779361280
10779623424
10779885568
10780147712
10780409856
10780672000
10780934144
10781196288
10781458432
10781720576
10781982720
10782244864
10782507008
10782769152
10783031296
10783293440
10783555584
10783817728
10784079872
10784342016
10784604160
10784866304
10785128448
10785390592
10785652736
10785914880
10786177024
10786439168
10786701312
10786963456
10787225600
10787487744
10787749888
10788012032
10788274176
10788536320
10788798464
10789060608
10789322752
10789584896
10789847040
10790109184
10790371328
10790633472
10790895616
10791157760
10791419904
10791682048
10791944192
10792206336
10792468480
10792730624
10792992768
10793254912
10793517056
10793779200
10794041344
10794303488
10794565632
10794827776
10795089920
10795352064
10795614208
10795876352
10796138496
10796400640
10796662784
10796924928
10797187072
10797449216
10797711360
10797973504
10798235648
10798497792
10798759936
10799022080
10799284224
10799546368
10799808512
10800070656
10800332800
10800594944
10800857088
10801119232
10801381376
10801643520
10801905664
10802167808
10802429952
10802692096
10802954240
10803216384
10803478528
10803740672
10804002816
10804264960
10804527104
10804789248
10805051392
10805313536
10805575680
10805837824
10806099968
10806362112
10806624256
10806886400
10807148544
10807410688
10807672832
10807934976
10808197120
10808459264
10808721408
10808983552
10809245696
10809507840
10809769984
10810032128
10810294272
10810556416
10810818560
10811080704
10811342848
10811604992
10811867136
10812129280
10812391424
10812653568
10812915712
10813177856
10813440000
10813702144
10813964288
10814226432
10814488576
10814750720
10815012864
10815275008
10815537152
10815799296
10816061440
10816323584
10816585728
10816847872
10817110016
10817372160
10817634304
10817896448
10818158592
10818420736
10818682880
10818945024
10819207168
10819469312
10819731456
10819993600
10820255744
10820517888
10820780032
10821042176
10821304320
10821566464
10821828608
10822090752
10822352896
10822615040
10822877184
10823139328
10823401472
10823663616
10823925760
10824187904
10824450048
10824712192
10824974336
10825236480
10825498624
10825760768
10826022912
10826285056
10826547200
10826809344
10827071488
10827333632
10827595776
10827857920
10828120064
10828382208
10828644352
10828906496
10829168640
10829430784
10829692928
10829955072
10830217216
10830479360
10830741504
10831003648
10831265792
10831527936
10831790080
10832052224
10832314368
10832576512
10832838656
10833100800
10833362944
10833625088
10833887232
10834149376
10834411520
10834673664
10834935808
10835197952
10835460096
10835722240
10835984384
10836246528
10836508672
10836770816
10837032960
10837295104
10837557248
10837819392
10838081536
10838343680
10838605824
10838867968
10839130112
10839392256
10839654400
10839916544
10840178688
10840440832
10840702976
10840965120
10841227264
10841489408
10841751552
10842013696
10842275840
10842537984
10842800128
10843062272
10843324416
10843586560
10843848704
10844110848
10844372992
10844635136
10844897280
10845159424
10845421568
10845683712
10845945856
10846208000
10846470144
10846732288
10846994432
10847256576
10847518720
10847780864
10848043008
10848305152
10848567296
10848829440
10849091584
10849353728
10849615872
10849878016
10850140160
10850402304
10850664448
10850926592
10851188736
10851450880
10851713024
10851975168
10852237312
10852499456
10852761600
10853023744
10853285888
10853548032
10853810176
10854072320
10854334464
10854596608
10854858752
10855120896
10855383040
10855645184
10855907328
10856169472
10856431616
10856693760
10856955904
10857218048
10857480192
10857742336
10858004480
10858266624
10858528768
10858790912
10859053056
10859315200
10859577344
10859839488
10860101632
10860363776
10860625920
10860888064
10861150208
10861412352
10861674496
10861936640
10862198784
10862460928
10862723072
10862985216
10863247360
10863509504
10863771648
10864033792
10864295936
10864558080
10864820224
10865082368
10865344512
10865606656
10865868800
10866130944
10866393088
10866655232
10866917376
10867179520
10867441664
10867703808
10867965952
10868228096
10868490240
10868752384
10869014528
10869276672
10869538816
10869800960
10870063104
10870325248
10870587392
10870849536
10871111680
10871373824
10871635968
10871898112
10872160256
10872422400
10872684544
10872946688
10873208832
10873470976
10873733120
10873995264
10874257408
10874519552
10874781696
10875043840
10875305984
10875568128
10875830272
10876092416
10876354560
10876616704
10876878848
10877140992
10877403136
10877665280
10877927424
10878189568
10878451712
10878713856
10878976000
10879238144
10879500288
10879762432
10880024576
10880286720
10880548864
10880811008
10881073152
10881335296
10881597440
10881859584
10882121728
10882383872
10882646016
10882908160
10883170304
10883432448
10883694592
10883956736
10884218880
10884481024
10884743168
10885005312
10885267456
10885529600
10885791744
10886053888
10886316032
10886578176
10886840320
10887102464
10887364608
10887626752
10887888896
10888151040
10888413184
10888675328
10888937472
10889199616
10889461760
10889723904
10889986048
10890248192
10890510336
10890772480
10891034624
10891296768
10891558912
10891821056
10892083200
10892345344
10892607488
10892869632
10893131776
10893393920
10893656064
10893918208
10894180352
10894442496
10894704640
10894966784
10895228928
10895491072
10895753216
10896015360
10896277504
10896539648
10896801792
10897063936
10897326080
10897588224
10897850368
10898112512
10898374656
10898636800
10898898944
10899161088
10899423232
10899685376
10899947520
10900209664
10900471808
10900733952
10900996096
10901258240
10901520384
10901782528
10902044672
10902306816
10902568960
10902831104
10903093248
10903355392
10903617536
10903879680
10904141824
10904403968
10904666112
10904928256
10905190400
10905452544
10905714688
10905976832
10906238976
10906501120
10906763264
10907025408
10907287552
10907549696
10907811840
10908073984
10908336128
10908598272
10908860416
10909122560
10909384704
10909646848
10909908992
10910171136
10910433280
10910695424
10910957568
10911219712
10911481856
10911744000
10912006144
10912268288
10912530432
10912792576
10913054720
10913316864
10913579008
10913841152
10914103296
10914365440
10914627584
10914889728
10915151872
10915414016
10915676160
10915938304
10916200448
10916462592
10916724736
10916986880
10917249024
10917511168
10917773312
10918035456
10918297600
10918559744
10918821888
10919084032
10919346176
10919608320
10919870464
10920132608
10920394752
10920656896
10920919040
10921181184
10921443328
10921705472
10921967616
10922229760
10922491904
10922754048
10923016192
10923278336
10923540480
10923802624
10924064768
10924326912
10924589056
10924851200
10925113344
10925375488
10925637632
10925899776
10926161920
10926424064
10926686208
10926948352
10927210496
10927472640
10927734784
10927996928
10928259072
10928521216
10928783360
10929045504
10929307648
10929569792
10929831936
10930094080
10930356224
10930618368
10930880512
10931142656
10931404800
10931666944
10931929088
10932191232
10932453376
10932715520
10932977664
10933239808
10933501952
10933764096
10934026240
10934288384
10934550528
10934812672
10935074816
10935336960
10935599104
10935861248
10936123392
10936385536
10936647680
10936909824
10937171968
10937434112
10937696256
10937958400
10938220544
10938482688
10938744832
10939006976
10939269120
10939531264
10939793408
10940055552
10940317696
10940579840
10940841984
10941104128
10941366272
10941628416
10941890560
10942152704
10942414848
10942676992
10942939136
10943201280
10943463424
10943725568
10943987712
10944249856
10944512000
10944774144
10945036288
10945298432
10945560576
10945822720
10946084864
10946347008
10946609152
10946871296
10947133440
10947395584
10947657728
10947919872
10948182016
10948444160
10948706304
10948968448
10949230592
10949492736
10949754880
10950017024
10950279168
10950541312
10950803456
10951065600
10951327744
10951589888
10951852032
10952114176
10952376320
10952638464
10952900608
10953162752
10953424896
10953687040
10953949184
10954211328
10954473472
10954735616
10954997760
10955259904
10955522048
10955784192
10956046336
10956308480
10956570624
10956832768
10957094912
10957357056
10957619200
10957881344
10958143488
10958405632
10958667776
10958929920
10959192064
10959454208
10959716352
10959978496
10960240640
10960502784
10960764928
10961027072
10961289216
10961551360
10961813504
10962075648
10962337792
10962599936
10962862080
10963124224
10963386368
10963648512
10963910656
10964172800
10964434944
10964697088
10964959232
10965221376
10965483520
10965745664
10966007808
10966269952
10966532096
10966794240
10967056384
10967318528
10967580672
10967842816
10968104960
10968367104
10968629248
10968891392
10969153536
10969415680
10969677824
10969939968
10970202112
10970464256
10970726400
10970988544
10971250688
10971512832
10971774976
10972037120
10972299264
10972561408
10972823552
10973085696
10973347840
10973609984
10973872128
10974134272
10974396416
10974658560
10974920704
10975182848
10975444992
10975707136
10975969280
10976231424
10976493568
10976755712
10977017856
10977280000
10977542144
10977804288
10978066432
10978328576
10978590720
10978852864
10979115008
10979377152
10979639296
10979901440
10980163584
10980425728
10980687872
10980950016
10981212160
10981474304
10981736448
10981998592
10982260736
10982522880
10982785024
10983047168
10983309312
10983571456
10983833600
10984095744
10984357888
10984620032
10984882176
10985144320
10985406464
10985668608
10985930752
10986192896
10986455040
10986717184
10986979328
10987241472
10987503616
10987765760
10988027904
10988290048
10988552192
10988814336
10989076480
10989338624
10989600768
10989862912
10990125056
10990387200
10990649344
10990911488
10991173632
10991435776
10991697920
10991960064
10992222208
10992484352
10992746496
10993008640
10993270784
10993532928
10993795072
10994057216
10994319360
10994581504
10994843648
10995105792
10995367936
10995630080
10995892224
10996154368
10996416512
10996678656
10996940800
10997202944
10997465088
10997727232
10997989376
10998251520
10998513664
10998775808
10999037952
10999300096
10999562240
10999824384
11000086528
11000348672
11000610816
11000872960
11001135104
11001397248
11001659392
11001921536
11002183680
11002445824
11002707968
11002970112
11003232256
11003494400
11003756544
11004018688
11004280832
11004542976
11004805120
11005067264
11005329408
11005591552
11005853696
11006115840
11006377984
11006640128
11006902272
11007164416
11007426560
11007688704
11007950848
11008212992
11008475136
11008737280
11008999424
11009261568
11009523712
11009785856
11010048000
11010310144
11010572288
11010834432
11011096576
11011358720
11011620864
11011883008
11012145152
11012407296
11012669440
11012931584
11013193728
11013455872
11013718016
11013980160
11014242304
11014504448
11014766592
11015028736
11015290880
11015553024
11015815168
11016077312
11016339456
11016601600
11016863744
11017125888
11017388032
11017650176
11017912320
11018174464
11018436608
11018698752
11018960896
11019223040
11019485184
11019747328
11020009472
11020271616
11020533760
11020795904
11021058048
11021320192
11021582336
11021844480
11022106624
11022368768
11022630912
11022893056
11023155200
11023417344
11023679488
11023941632
11024203776
11024465920
11024728064
11024990208
11025252352
11025514496
11025776640
11026038784
11026300928
11026563072
11026825216
11027087360
11027349504
11027611648
11027873792
11028135936
11028398080
11028660224
11028922368
11029184512
11029446656
11029708800
11029970944
11030233088
11030495232
11030757376
11031019520
11031281664
11031543808
11031805952
11032068096
11032330240
11032592384
11032854528
11033116672
11033378816
11033640960
11033903104
11034165248
11034427392
11034689536
11034951680
11035213824
11035475968
11035738112
11036000256
11036262400
11036524544
11036786688
11037048832
11037310976
11037573120
11037835264
11038097408
11038359552
11038621696
11038883840
11039145984
11039408128
11039670272
11039932416
11040194560
11040456704
11040718848
11040980992
11041243136
11041505280
11041767424
11042029568
11042291712
11042553856
11042816000
11043078144
11043340288
11043602432
11043864576
11044126720
11044388864
11044651008
11044913152
11045175296
11045437440
11045699584
11045961728
11046223872
11046486016
11046748160
11047010304
11047272448
11047534592
11047796736
11048058880
11048321024
11048583168
11048845312
11049107456
11049369600
11049631744
11049893888
11050156032
11050418176
11050680320
11050942464
11051204608
11051466752
11051728896
11051991040
11052253184
11052515328
11052777472
11053039616
11053301760
11053563904
11053826048
11054088192
11054350336
11054612480
11054874624
11055136768
11055398912
11055661056
11055923200
11056185344
11056447488
11056709632
11056971776
11057233920
11057496064
11057758208
11058020352
11058282496
11058544640
11058806784
11059068928
11059331072
11059593216
11059855360
11060117504
11060379648
11060641792
11060903936
11061166080
11061428224
11061690368
11061952512
11062214656
11062476800
11062738944
11063001088
11063263232
11063525376
11063787520
11064049664
11064311808
11064573952
11064836096
11065098240
11065360384
11065622528
11065884672
11066146816
11066408960
11066671104
11066933248
11067195392
11067457536
11067719680
11067981824
11068243968
11068506112
11068768256
11069030400
11069292544
11069554688
11069816832
11070078976
11070341120
11070603264
11070865408
11071127552
11071389696
11071651840
11071913984
11072176128
11072438272
11072700416
11072962560
11073224704
11073486848
11073748992
11074011136
11074273280
11074535424
11074797568
11075059712
11075321856
11075584000
11075846144
11076108288
11076370432
11076632576
11076894720
11077156864
11077419008
11077681152
11077943296
11078205440
11078467584
11078729728
11078991872
11079254016
11079516160
11079778304
11080040448
11080302592
11080564736
11080826880
11081089024
11081351168
11081613312
11081875456
11082137600
11082399744
11082661888
11082924032
11083186176
11083448320
11083710464
11083972608
11084234752
11084496896
11084759040
11085021184
11085283328
11085545472
11085807616
11086069760
11086331904
11086594048
11086856192
11087118336
11087380480
11087642624
11087904768
11088166912
11088429056
11088691200
11088953344
11089215488
11089477632
11089739776
11090001920
11090264064
11090526208
11090788352
11091050496
11091312640
11091574784
11091836928
11092099072
11092361216
11092623360
11092885504
11093147648
11093409792
11093671936
11093934080
11094196224
11094458368
11094720512
11094982656
11095244800
11095506944
11095769088
11096031232
11096293376
11096555520
11096817664
11097079808
11097341952
11097604096
11097866240
11098128384
11098390528
11098652672
11098914816
11099176960
11099439104
11099701248
11099963392
11100225536
11100487680
11100749824
11101011968
11101274112
11101536256
11101798400
11102060544
11102322688
11102584832
11102846976
11103109120
11103371264
11103633408
11103895552
11104157696
11104419840
11104681984
11104944128
11105206272
11105468416
11105730560
11105992704
11106254848
11106516992
11106779136
11107041280
11107303424
11107565568
11107827712
11108089856
11108352000
11108614144
11108876288
11109138432
11109400576
11109662720
11109924864
11110187008
11110449152
11110711296
11110973440
11111235584
11111497728
11111759872
11112022016
11112284160
11112546304
11112808448
11113070592
11113332736
11113594880
11113857024
11114119168
11114381312
11114643456
11114905600
11115167744
11115429888
11115692032
11115954176
11116216320
11116478464
11116740608
11117002752
11117264896
11117527040
11117789184
11118051328
11118313472
11118575616
11118837760
11119099904
11119362048
11119624192
11119886336
11120148480
11120410624
11120672768
11120934912
11121197056
11121459200
11121721344
11121983488
11122245632
11122507776
11122769920
11123032064
11123294208
11123556352
11123818496
11124080640
11124342784
11124604928
11124867072
11125129216
11125391360
11125653504
11125915648
11126177792
11126439936
11126702080
11126964224
11127226368
11127488512
11127750656
11128012800
11128274944
11128537088
11128799232
11129061376
11129323520
11129585664
11129847808
11130109952
11130372096
11130634240
11130896384
11131158528
11131420672
11131682816
11131944960
11132207104
11132469248
11132731392
11132993536
11133255680
11133517824
11133779968
11134042112
11134304256
11134566400
11134828544
11135090688
11135352832
11135614976
11135877120
11136139264
11136401408
11136663552
11136925696
11137187840
11137449984
11137712128
11137974272
11138236416
11138498560
11138760704
11139022848
11139284992
11139547136
11139809280
11140071424
11140333568
11140595712
11140857856
11141120000
11141382144
11141644288
11141906432
11142168576
11142430720
11142692864
11142955008
11143217152
11143479296
11143741440
11144003584
11144265728
11144527872
11144790016
11145052160
11145314304
11145576448
11145838592
11146100736
11146362880
11146625024
11146887168
11147149312
11147411456
11147673600
11147935744
11148197888
11148460032
11148722176
11148984320
11149246464
11149508608
11149770752
11150032896
11150295040
11150557184
11150819328
11151081472
11151343616
11151605760
11151867904
11152130048
11152392192
11152654336
11152916480
11153178624
11153440768
11153702912
11153965056
11154227200
11154489344
11154751488
11155013632
11155275776
11155537920
11155800064
11156062208
11156324352
11156586496
11156848640
11157110784
11157372928
11157635072
11157897216
11158159360
11158421504
11158683648
11158945792
11159207936
11159470080
11159732224
11159994368
11160256512
11160518656
11160780800
11161042944
11161305088
11161567232
11161829376
11162091520
11162353664
11162615808
11162877952
11163140096
11163402240
11163664384
11163926528
11164188672
11164450816
11164712960
11164975104
11165237248
11165499392
11165761536
11166023680
11166285824
11166547968
11166810112
11167072256
11167334400
11167596544
11167858688
11168120832
11168382976
11168645120
11168907264
11169169408
11169431552
11169693696
11169955840
11170217984
11170480128
11170742272
11171004416
11171266560
11171528704
11171790848
11172052992
11172315136
11172577280
11172839424
11173101568
11173363712
11173625856
11173888000
11174150144
11174412288
11174674432
11174936576
11175198720
11175460864
11175723008
11175985152
11176247296
11176509440
11176771584
11177033728
11177295872
11177558016
11177820160
11178082304
11178344448
11178606592
11178868736
11179130880
11179393024
11179655168
11179917312
11180179456
11180441600
11180703744
11180965888
11181228032
11181490176
11181752320
11182014464
11182276608
11182538752
11182800896
11183063040
11183325184
11183587328
11183849472
11184111616
11184373760
11184635904
11184898048
11185160192
11185422336
11185684480
11185946624
11186208768
11186470912
11186733056
11186995200
11187257344
11187519488
11187781632
11188043776
11188305920
11188568064
11188830208
11189092352
11189354496
11189616640
11189878784
11190140928
11190403072
11190665216
11190927360
11191189504
11191451648
11191713792
11191975936
11192238080
11192500224
11192762368
11193024512
11193286656
11193548800
11193810944
11194073088
11194335232
11194597376
11194859520
11195121664
11195383808
11195645952
11195908096
11196170240
11196432384
11196694528
11196956672
11197218816
11197480960
11197743104
11198005248
11198267392
11198529536
11198791680
11199053824
11199315968
11199578112
11199840256
11200102400
11200364544
11200626688
11200888832
11201150976
11201413120
11201675264
11201937408
11202199552
11202461696
11202723840
11202985984
11203248128
11203510272
11203772416
11204034560
11204296704
11204558848
11204820992
11205083136
11205345280
11205607424
11205869568
11206131712
11206393856
11206656000
11206918144
11207180288
11207442432
11207704576
11207966720
11208228864
11208491008
11208753152
11209015296
11209277440
11209539584
11209801728
11210063872
11210326016
11210588160
11210850304
11211112448
11211374592
11211636736
11211898880
11212161024
11212423168
11212685312
11212947456
11213209600
11213471744
11213733888
11213996032
11214258176
11214520320
11214782464
11215044608
11215306752
11215568896
11215831040
11216093184
11216355328
11216617472
11216879616
11217141760
11217403904
11217666048
11217928192
11218190336
11218452480
11218714624
11218976768
11219238912
11219501056
11219763200
11220025344
11220287488
11220549632
11220811776
11221073920
11221336064
11221598208
11221860352
11222122496
11222384640
11222646784
11222908928
11223171072
11223433216
11223695360
11223957504
11224219648
11224481792
11224743936
11225006080
11225268224
11225530368
11225792512
11226054656
11226316800
11226578944
11226841088
11227103232
11227365376
11227627520
11227889664
11228151808
11228413952
11228676096
11228938240
11229200384
11229462528
11229724672
11229986816
11230248960
11230511104
11230773248
11231035392
11231297536
11231559680
11231821824
11232083968
11232346112
11232608256
11232870400
11233132544
11233394688
11233656832
11233918976
11234181120
11234443264
11234705408
11234967552
11235229696
11235491840
11235753984
11236016128
11236278272
11236540416
11236802560
11237064704
11237326848
11237588992
11237851136
11238113280
11238375424
11238637568
11238899712
11239161856
11239424000
11239686144
11239948288
11240210432
11240472576
11240734720
11240996864
11241259008
11241521152
11241783296
11242045440
11242307584
11242569728
11242831872
11243094016
11243356160
11243618304
11243880448
11244142592
11244404736
11244666880
11244929024
11245191168
11245453312
11245715456
11245977600
11246239744
11246501888
11246764032
11247026176
11247288320
11247550464
11247812608
11248074752
11248336896
11248599040
11248861184
11249123328
11249385472
11249647616
11249909760
11250171904
11250434048
11250696192
11250958336
11251220480
11251482624
11251744768
11252006912
11252269056
11252531200
11252793344
11253055488
11253317632
11253579776
11253841920
11254104064
11254366208
11254628352
11254890496
11255152640
11255414784
11255676928
11255939072
11256201216
11256463360
11256725504
11256987648
11257249792
11257511936
11257774080
11258036224
11258298368
11258560512
11258822656
11259084800
11259346944
11259609088
11259871232
11260133376
11260395520
11260657664
11260919808
11261181952
11261444096
11261706240
11261968384
11262230528
11262492672
11262754816
11263016960
11263279104
11263541248
11263803392
11264065536
11264327680
11264589824
11264851968
11265114112
11265376256
11265638400
11265900544
11266162688
11266424832
11266686976
11266949120
11267211264
11267473408
11267735552
11267997696
11268259840
11268521984
11268784128
11269046272
11269308416
11269570560
11269832704
11270094848
11270356992
11270619136
11270881280
11271143424
11271405568
11271667712
11271929856
11272192000
11272454144
11272716288
11272978432
11273240576
11273502720
11273764864
11274027008
11274289152
11274551296
11274813440
11275075584
11275337728
11275599872
11275862016
11276124160
11276386304
11276648448
11276910592
11277172736
11277434880
11277697024
11277959168
11278221312
11278483456
11278745600
11279007744
11279269888
11279532032
11279794176
11280056320
11280318464
11280580608
11280842752
11281104896
11281367040
11281629184
11281891328
11282153472
11282415616
11282677760
11282939904
11283202048
11283464192
11283726336
11283988480
11284250624
11284512768
11284774912
11285037056
11285299200
11285561344
11285823488
11286085632
11286347776
11286609920
11286872064
11287134208
11287396352
11287658496
11287920640
11288182784
11288444928
11288707072
11288969216
11289231360
11289493504
11289755648
11290017792
11290279936
11290542080
11290804224
11291066368
11291328512
11291590656
11291852800
11292114944
11292377088
11292639232
11292901376
11293163520
11293425664
11293687808
11293949952
11294212096
11294474240
11294736384
11294998528
11295260672
11295522816
11295784960
11296047104
11296309248
11296571392
11296833536
11297095680
11297357824
11297619968
11297882112
11298144256
11298406400
11298668544
11298930688
11299192832
11299454976
11299717120
11299979264
11300241408
11300503552
11300765696
11301027840
11301289984
11301552128
11301814272
11302076416
11302338560
11302600704
11302862848
11303124992
11303387136
11303649280
11303911424
11304173568
11304435712
11304697856
11304960000
11305222144
11305484288
11305746432
11306008576
11306270720
11306532864
11306795008
11307057152
11307319296
11307581440
11307843584
11308105728
11308367872
11308630016
11308892160
11309154304
11309416448
11309678592
11309940736
11310202880
11310465024
11310727168
11310989312
11311251456
11311513600
11311775744
11312037888
11312300032
11312562176
11312824320
11313086464
11313348608
11313610752
11313872896
11314135040
11314397184
11314659328
11314921472
11315183616
11315445760
11315707904
11315970048
11316232192
11316494336
11316756480
11317018624
11317280768
11317542912
11317805056
11318067200
11318329344
11318591488
11318853632
11319115776
11319377920
11319640064
11319902208
11320164352
11320426496
11320688640
11320950784
11321212928
11321475072
11321737216
11321999360
11322261504
11322523648
11322785792
11323047936
11323310080
11323572224
11323834368
11324096512
11324358656
11324620800
11324882944
11325145088
11325407232
11325669376
11325931520
11326193664
11326455808
11326717952
11326980096
11327242240
11327504384
11327766528
11328028672
11328290816
11328552960
11328815104
11329077248
11329339392
11329601536
11329863680
11330125824
11330387968
11330650112
11330912256
11331174400
11331436544
11331698688
11331960832
11332222976
11332485120
11332747264
11333009408
11333271552
11333533696
11333795840
11334057984
11334320128
11334582272
11334844416
11335106560
11335368704
11335630848
11335892992
11336155136
11336417280
11336679424
11336941568
11337203712
11337465856
11337728000
11337990144
11338252288
11338514432
11338776576
11339038720
11339300864
11339563008
11339825152
11340087296
11340349440
11340611584
11340873728
11341135872
11341398016
11341660160
11341922304
11342184448
11342446592
11342708736
11342970880
11343233024
11343495168
11343757312
11344019456
11344281600
11344543744
11344805888
11345068032
11345330176
11345592320
11345854464
11346116608
11346378752
11346640896
11346903040
11347165184
11347427328
11347689472
11347951616
11348213760
11348475904
11348738048
11349000192
11349262336
11349524480
11349786624
11350048768
11350310912
11350573056
11350835200
11351097344
11351359488
11351621632
11351883776
11352145920
11352408064
11352670208
11352932352
11353194496
11353456640
11353718784
11353980928
11354243072
11354505216
11354767360
11355029504
11355291648
11355553792
11355815936
11356078080
11356340224
11356602368
11356864512
11357126656
11357388800
11357650944
11357913088
11358175232
11358437376
11358699520
11358961664
11359223808
11359485952
11359748096
11360010240
11360272384
11360534528
11360796672
11361058816
11361320960
11361583104
11361845248
11362107392
11362369536
11362631680
11362893824
11363155968
11363418112
11363680256
11363942400
11364204544
11364466688
11364728832
11364990976
11365253120
11365515264
11365777408
11366039552
11366301696
11366563840
11366825984
11367088128
11367350272
11367612416
11367874560
11368136704
11368398848
11368660992
11368923136
11369185280
11369447424
11369709568
11369971712
11370233856
11370496000
11370758144
11371020288
11371282432
11371544576
11371806720
11372068864
11372331008
11372593152
11372855296
11373117440
11373379584
11373641728
11373903872
11374166016
11374428160
11374690304
11374952448
11375214592
11375476736
11375738880
11376001024
11376263168
11376525312
11376787456
11377049600
11377311744
11377573888
11377836032
11378098176
11378360320
11378622464
11378884608
11379146752
11379408896
11379671040
11379933184
11380195328
11380457472
11380719616
11380981760
11381243904
11381506048
11381768192
11382030336
11382292480
11382554624
11382816768
11383078912
11383341056
11383603200
11383865344
11384127488
11384389632
11384651776
11384913920
11385176064
11385438208
11385700352
11385962496
11386224640
11386486784
11386748928
11387011072
11387273216
11387535360
11387797504
11388059648
11388321792
11388583936
11388846080
11389108224
11389370368
11389632512
11389894656
11390156800
11390418944
11390681088
11390943232
11391205376
11391467520
11391729664
11391991808
11392253952
11392516096
11392778240
11393040384
11393302528
11393564672
11393826816
11394088960
11394351104
11394613248
11394875392
11395137536
11395399680
11395661824
11395923968
11396186112
11396448256
11396710400
11396972544
11397234688
11397496832
11397758976
11398021120
11398283264
11398545408
11398807552
11399069696
11399331840
11399593984
11399856128
11400118272
11400380416
11400642560
11400904704
11401166848
11401428992
11401691136
11401953280
11402215424
11402477568
11402739712
11403001856
11403264000
11403526144
11403788288
11404050432
11404312576
11404574720
11404836864
11405099008
11405361152
11405623296
11405885440
11406147584
11406409728
11406671872
11406934016
11407196160
11407458304
11407720448
11407982592
11408244736
11408506880
11408769024
11409031168
11409293312
11409555456
11409817600
11410079744
11410341888
11410604032
11410866176
11411128320
11411390464
11411652608
11411914752
11412176896
11412439040
11412701184
11412963328
11413225472
11413487616
11413749760
11414011904
11414274048
11414536192
11414798336
11415060480
11415322624
11415584768
11415846912
11416109056
11416371200
11416633344
11416895488
11417157632
11417419776
11417681920
11417944064
11418206208
11418468352
11418730496
11418992640
11419254784
11419516928
11419779072
11420041216
11420303360
11420565504
11420827648
11421089792
11421351936
11421614080
11421876224
11422138368
11422400512
11422662656
11422924800
11423186944
11423449088
11423711232
11423973376
11424235520
11424497664
11424759808
11425021952
11425284096
11425546240
11425808384
11426070528
11426332672
11426594816
11426856960
11427119104
11427381248
11427643392
11427905536
11428167680
11428429824
11428691968
11428954112
11429216256
11429478400
11429740544
11430002688
11430264832
11430526976
11430789120
11431051264
11431313408
11431575552
11431837696
11432099840
11432361984
11432624128
11432886272
11433148416
11433410560
11433672704
11433934848
11434196992
11434459136
11434721280
11434983424
11435245568
11435507712
11435769856
11436032000
11436294144
11436556288
11436818432
11437080576
11437342720
11437604864
11437867008
11438129152
11438391296
11438653440
11438915584
11439177728
11439439872
11439702016
11439964160
11440226304
11440488448
11440750592
11441012736
11441274880
11441537024
11441799168
11442061312
11442323456
11442585600
11442847744
11443109888
11443372032
11443634176
11443896320
11444158464
11444420608
11444682752
11444944896
11445207040
11445469184
11445731328
11445993472
11446255616
11446517760
11446779904
11447042048
11447304192
11447566336
11447828480
11448090624
11448352768
11448614912
11448877056
11449139200
11449401344
11449663488
11449925632
11450187776
11450449920
11450712064
11450974208
11451236352
11451498496
11451760640
11452022784
11452284928
11452547072
11452809216
11453071360
11453333504
11453595648
11453857792
11454119936
11454382080
11454644224
11454906368
11455168512
11455430656
11455692800
11455954944
11456217088
11456479232
11456741376
11457003520
11457265664
11457527808
11457789952
11458052096
11458314240
11458576384
11458838528
11459100672
11459362816
11459624960
11459887104
11460149248
11460411392
11460673536
11460935680
11461197824
11461459968
11461722112
11461984256
11462246400
11462508544
11462770688
11463032832
11463294976
11463557120
11463819264
11464081408
11464343552
11464605696
11464867840
11465129984
11465392128
11465654272
11465916416
11466178560
11466440704
11466702848
11466964992
11467227136
11467489280
11467751424
11468013568
11468275712
11468537856
11468800000
11469062144
11469324288
11469586432
11469848576
11470110720
11470372864
11470635008
11470897152
11471159296
11471421440
11471683584
11471945728
11472207872
11472470016
11472732160
11472994304
11473256448
11473518592
11473780736
11474042880
11474305024
11474567168
11474829312
11475091456
11475353600
11475615744
11475877888
11476140032
11476402176
11476664320
11476926464
11477188608
11477450752
11477712896
11477975040
11478237184
11478499328
11478761472
11479023616
11479285760
11479547904
11479810048
11480072192
11480334336
11480596480
11480858624
11481120768
11481382912
11481645056
11481907200
11482169344
11482431488
11482693632
11482955776
11483217920
11483480064
11483742208
11484004352
11484266496
11484528640
11484790784
11485052928
11485315072
11485577216
11485839360
11486101504
11486363648
11486625792
11486887936
11487150080
11487412224
11487674368
11487936512
11488198656
11488460800
11488722944
11488985088
11489247232
11489509376
11489771520
11490033664
11490295808
11490557952
11490820096
11491082240
11491344384
11491606528
11491868672
11492130816
11492392960
11492655104
11492917248
11493179392
11493441536
11493703680
11493965824
11494227968
11494490112
11494752256
11495014400
11495276544
11495538688
11495800832
11496062976
11496325120
11496587264
11496849408
11497111552
11497373696
11497635840
11497897984
11498160128
11498422272
11498684416
11498946560
11499208704
11499470848
11499732992
11499995136
11500257280
11500519424
11500781568
11501043712
11501305856
11501568000
11501830144
11502092288
11502354432
11502616576
11502878720
11503140864
11503403008
11503665152
11503927296
11504189440
11504451584
11504713728
11504975872
11505238016
11505500160
11505762304
11506024448
11506286592
11506548736
11506810880
11507073024
11507335168
11507597312
11507859456
11508121600
11508383744
11508645888
11508908032
11509170176
11509432320
11509694464
11509956608
11510218752
11510480896
11510743040
11511005184
11511267328
11511529472
11511791616
11512053760
11512315904
11512578048
11512840192
11513102336
11513364480
11513626624
11513888768
11514150912
11514413056
11514675200
11514937344
11515199488
11515461632
11515723776
11515985920
11516248064
11516510208
11516772352
11517034496
11517296640
11517558784
11517820928
11518083072
11518345216
11518607360
11518869504
11519131648
11519393792
11519655936
11519918080
11520180224
11520442368
11520704512
11520966656
11521228800
11521490944
11521753088
11522015232
11522277376
11522539520
11522801664
11523063808
11523325952
11523588096
11523850240
11524112384
11524374528
11524636672
11524898816
11525160960
11525423104
11525685248
11525947392
11526209536
11526471680
11526733824
11526995968
11527258112
11527520256
11527782400
11528044544
11528306688
11528568832
11528830976
11529093120
11529355264
11529617408
11529879552
11530141696
11530403840
11530665984
11530928128
11531190272
11531452416
11531714560
11531976704
11532238848
11532500992
11532763136
11533025280
11533287424
11533549568
11533811712
11534073856
11534336000
11534598144
11534860288
11535122432
11535384576
11535646720
11535908864
11536171008
11536433152
11536695296
11536957440
11537219584
11537481728
11537743872
11538006016
11538268160
11538530304
11538792448
11539054592
11539316736
11539578880
11539841024
11540103168
11540365312
11540627456
11540889600
11541151744
11541413888
11541676032
11541938176
11542200320
11542462464
11542724608
11542986752
11543248896
11543511040
11543773184
11544035328
11544297472
11544559616
11544821760
11545083904
11545346048
11545608192
11545870336
11546132480
11546394624
11546656768
11546918912
11547181056
11547443200
11547705344
11547967488
11548229632
11548491776
11548753920
11549016064
11549278208
11549540352
11549802496
11550064640
11550326784
11550588928
11550851072
11551113216
11551375360
11551637504
11551899648
11552161792
11552423936
11552686080
11552948224
11553210368
11553472512
11553734656
11553996800
11554258944
11554521088
11554783232
11555045376
11555307520
11555569664
11555831808
11556093952
11556356096
11556618240
11556880384
11557142528
11557404672
11557666816
11557928960
11558191104
11558453248
11558715392
11558977536
11559239680
11559501824
11559763968
11560026112
11560288256
11560550400
11560812544
11561074688
11561336832
11561598976
11561861120
11562123264
11562385408
11562647552
11562909696
11563171840
11563433984
11563696128
11563958272
11564220416
11564482560
11564744704
11565006848
11565268992
11565531136
11565793280
11566055424
11566317568
11566579712
11566841856
11567104000
11567366144
11567628288
11567890432
11568152576
11568414720
11568676864
11568939008
11569201152
11569463296
11569725440
11569987584
11570249728
11570511872
11570774016
11571036160
11571298304
11571560448
11571822592
11572084736
11572346880
11572609024
11572871168
11573133312
11573395456
11573657600
11573919744
11574181888
11574444032
11574706176
11574968320
11575230464
11575492608
11575754752
11576016896
11576279040
11576541184
11576803328
11577065472
11577327616
11577589760
11577851904
11578114048
11578376192
11578638336
11578900480
11579162624
11579424768
11579686912
11579949056
11580211200
11580473344
11580735488
11580997632
11581259776
11581521920
11581784064
11582046208
11582308352
11582570496
11582832640
11583094784
11583356928
11583619072
11583881216
11584143360
11584405504
11584667648
11584929792
11585191936
11585454080
11585716224
11585978368
11586240512
11586502656
11586764800
11587026944
11587289088
11587551232
11587813376
11588075520
11588337664
11588599808
11588861952
11589124096
11589386240
11589648384
11589910528
11590172672
11590434816
11590696960
11590959104
11591221248
11591483392
11591745536
11592007680
11592269824
11592531968
11592794112
11593056256
11593318400
11593580544
11593842688
11594104832
11594366976
11594629120
11594891264
11595153408
11595415552
11595677696
11595939840
11596201984
11596464128
11596726272
11596988416
11597250560
11597512704
11597774848
11598036992
11598299136
11598561280
11598823424
11599085568
11599347712
11599609856
11599872000
11600134144
11600396288
11600658432
11600920576
11601182720
11601444864
11601707008
11601969152
11602231296
11602493440
11602755584
11603017728
11603279872
11603542016
11603804160
11604066304
11604328448
11604590592
11604852736
11605114880
11605377024
11605639168
11605901312
11606163456
11606425600
11606687744
11606949888
11607212032
11607474176
11607736320
11607998464
11608260608
11608522752
11608784896
11609047040
11609309184
11609571328
11609833472
11610095616
11610357760
11610619904
11610882048
11611144192
11611406336
11611668480
11611930624
11612192768
11612454912
11612717056
11612979200
11613241344
11613503488
11613765632
11614027776
11614289920
11614552064
11614814208
11615076352
11615338496
11615600640
11615862784
11616124928
11616387072
11616649216
11616911360
11617173504
11617435648
11617697792
11617959936
11618222080
11618484224
11618746368
11619008512
11619270656
11619532800
11619794944
11620057088
11620319232
11620581376
11620843520
11621105664
11621367808
11621629952
11621892096
11622154240
11622416384
11622678528
11622940672
11623202816
11623464960
11623727104
11623989248
11624251392
11624513536
11624775680
11625037824
11625299968
11625562112
11625824256
11626086400
11626348544
11626610688
11626872832
11627134976
11627397120
11627659264
11627921408
11628183552
11628445696
11628707840
11628969984
11629232128
11629494272
11629756416
11630018560
11630280704
11630542848
11630804992
11631067136
11631329280
11631591424
11631853568
11632115712
11632377856
11632640000
11632902144
11633164288
11633426432
11633688576
11633950720
11634212864
11634475008
11634737152
11634999296
11635261440
11635523584
11635785728
11636047872
11636310016
11636572160
11636834304
11637096448
11637358592
11637620736
11637882880
11638145024
11638407168
11638669312
11638931456
11639193600
11639455744
11639717888
11639980032
11640242176
11640504320
11640766464
11641028608
11641290752
11641552896
11641815040
11642077184
11642339328
11642601472
11642863616
11643125760
11643387904
11643650048
11643912192
11644174336
11644436480
11644698624
11644960768
11645222912
11645485056
11645747200
11646009344
11646271488
11646533632
11646795776
11647057920
11647320064
11647582208
11647844352
11648106496
11648368640
11648630784
11648892928
11649155072
11649417216
11649679360
11649941504
11650203648
11650465792
11650727936
11650990080
11651252224
11651514368
11651776512
11652038656
11652300800
11652562944
11652825088
11653087232
11653349376
11653611520
11653873664
11654135808
11654397952
11654660096
11654922240
11655184384
11655446528
11655708672
11655970816
11656232960
11656495104
11656757248
11657019392
11657281536
11657543680
11657805824
11658067968
11658330112
11658592256
11658854400
11659116544
11659378688
11659640832
11659902976
11660165120
11660427264
11660689408
11660951552
11661213696
11661475840
11661737984
11662000128
11662262272
11662524416
11662786560
11663048704
11663310848
11663572992
11663835136
11664097280
11664359424
11664621568
11664883712
11665145856
11665408000
11665670144
11665932288
11666194432
11666456576
11666718720
11666980864
11667243008
11667505152
11667767296
11668029440
11668291584
11668553728
11668815872
11669078016
11669340160
11669602304
11669864448
11670126592
11670388736
11670650880
11670913024
11671175168
11671437312
11671699456
11671961600
11672223744
11672485888
11672748032
11673010176
11673272320
11673534464
11673796608
11674058752
11674320896
11674583040
11674845184
11675107328
11675369472
11675631616
11675893760
11676155904
11676418048
11676680192
11676942336
11677204480
11677466624
11677728768
11677990912
11678253056
11678515200
11678777344
11679039488
11679301632
11679563776
11679825920
11680088064
11680350208
11680612352
11680874496
11681136640
11681398784
11681660928
11681923072
11682185216
11682447360
11682709504
11682971648
11683233792
11683495936
11683758080
11684020224
11684282368
11684544512
11684806656
11685068800
11685330944
11685593088
11685855232
11686117376
11686379520
11686641664
11686903808
11687165952
11687428096
11687690240
11687952384
11688214528
11688476672
11688738816
11689000960
11689263104
11689525248
11689787392
11690049536
11690311680
11690573824
11690835968
11691098112
11691360256
11691622400
11691884544
11692146688
11692408832
11692670976
11692933120
11693195264
11693457408
11693719552
11693981696
11694243840
11694505984
11694768128
11695030272
11695292416
11695554560
11695816704
11696078848
11696340992
11696603136
11696865280
11697127424
11697389568
11697651712
11697913856
11698176000
11698438144
11698700288
11698962432
11699224576
11699486720
11699748864
11700011008
11700273152
11700535296
11700797440
11701059584
11701321728
11701583872
11701846016
11702108160
11702370304
11702632448
11702894592
11703156736
11703418880
11703681024
11703943168
11704205312
11704467456
11704729600
11704991744
11705253888
11705516032
11705778176
11706040320
11706302464
11706564608
11706826752
11707088896
11707351040
11707613184
11707875328
11708137472
11708399616
11708661760
11708923904
11709186048
11709448192
11709710336
11709972480
11710234624
11710496768
11710758912
11711021056
11711283200
11711545344
11711807488
11712069632
11712331776
11712593920
11712856064
11713118208
11713380352
11713642496
11713904640
11714166784
11714428928
11714691072
11714953216
11715215360
11715477504
11715739648
11716001792
11716263936
11716526080
11716788224
11717050368
11717312512
11717574656
11717836800
11718098944
11718361088
11718623232
11718885376
11719147520
11719409664
11719671808
11719933952
11720196096
11720458240
11720720384
11720982528
11721244672
11721506816
11721768960
11722031104
11722293248
11722555392
11722817536
11723079680
11723341824
11723603968
11723866112
11724128256
11724390400
11724652544
11724914688
11725176832
11725438976
11725701120
11725963264
11726225408
11726487552
11726749696
11727011840
11727273984
11727536128
11727798272
11728060416
11728322560
11728584704
11728846848
11729108992
11729371136
11729633280
11729895424
11730157568
11730419712
11730681856
11730944000
11731206144
11731468288
11731730432
11731992576
11732254720
11732516864
11732779008
11733041152
11733303296
11733565440
11733827584
11734089728
11734351872
11734614016
11734876160
11735138304
11735400448
11735662592
11735924736
11736186880
11736449024
11736711168
11736973312
11737235456
11737497600
11737759744
11738021888
11738284032
11738546176
11738808320
11739070464
11739332608
11739594752
11739856896
11740119040
11740381184
11740643328
11740905472
11741167616
11741429760
11741691904
11741954048
11742216192
11742478336
11742740480
11743002624
11743264768
11743526912
11743789056
11744051200
11744313344
11744575488
11744837632
11745099776
11745361920
11745624064
11745886208
11746148352
11746410496
11746672640
11746934784
11747196928
11747459072
11747721216
11747983360
11748245504
11748507648
11748769792
11749031936
11749294080
11749556224
11749818368
11750080512
11750342656
11750604800
11750866944
11751129088
11751391232
11751653376
11751915520
11752177664
11752439808
11752701952
11752964096
11753226240
11753488384
11753750528
11754012672
11754274816
11754536960
11754799104
11755061248
11755323392
11755585536
11755847680
11756109824
11756371968
11756634112
11756896256
11757158400
11757420544
11757682688
11757944832
11758206976
11758469120
11758731264
11758993408
11759255552
11759517696
11759779840
11760041984
11760304128
11760566272
11760828416
11761090560
11761352704
11761614848
11761876992
11762139136
11762401280
11762663424
11762925568
11763187712
11763449856
11763712000
11763974144
11764236288
11764498432
11764760576
11765022720
11765284864
11765547008
11765809152
11766071296
11766333440
11766595584
11766857728
11767119872
11767382016
11767644160
11767906304
11768168448
11768430592
11768692736
11768954880
11769217024
11769479168
11769741312
11770003456
11770265600
11770527744
11770789888
11771052032
11771314176
11771576320
11771838464
11772100608
11772362752
11772624896
11772887040
11773149184
11773411328
11773673472
11773935616
11774197760
11774459904
11774722048
11774984192
11775246336
11775508480
11775770624
11776032768
11776294912
11776557056
11776819200
11777081344
11777343488
11777605632
11777867776
11778129920
11778392064
11778654208
11778916352
11779178496
11779440640
11779702784
11779964928
11780227072
11780489216
11780751360
11781013504
11781275648
11781537792
11781799936
11782062080
11782324224
11782586368
11782848512
11783110656
11783372800
11783634944
11783897088
11784159232
11784421376
11784683520
11784945664
11785207808
11785469952
11785732096
11785994240
11786256384
11786518528
11786780672
11787042816
11787304960
11787567104
11787829248
11788091392
11788353536
11788615680
11788877824
11789139968
11789402112
11789664256
11789926400
11790188544
11790450688
11790712832
11790974976
11791237120
11791499264
11791761408
11792023552
11792285696
11792547840
11792809984
11793072128
11793334272
11793596416
11793858560
11794120704
11794382848
11794644992
11794907136
11795169280
11795431424
11795693568
11795955712
11796217856
11796480000
11796742144
11797004288
11797266432
11797528576
11797790720
11798052864
11798315008
11798577152
11798839296
11799101440
11799363584
11799625728
11799887872
11800150016
11800412160
11800674304
11800936448
11801198592
11801460736
11801722880
11801985024
11802247168
11802509312
11802771456
11803033600
11803295744
11803557888
11803820032
11804082176
11804344320
11804606464
11804868608
11805130752
11805392896
11805655040
11805917184
11806179328
11806441472
11806703616
11806965760
11807227904
11807490048
11807752192
11808014336
11808276480
11808538624
11808800768
11809062912
11809325056
11809587200
11809849344
11810111488
11810373632
11810635776
11810897920
11811160064
11811422208
11811684352
11811946496
11812208640
11812470784
11812732928
11812995072
11813257216
11813519360
11813781504
11814043648
11814305792
11814567936
11814830080
11815092224
11815354368
11815616512
11815878656
11816140800
11816402944
11816665088
11816927232
11817189376
11817451520
11817713664
11817975808
11818237952
11818500096
11818762240
11819024384
11819286528
11819548672
11819810816
11820072960
11820335104
11820597248
11820859392
11821121536
11821383680
11821645824
11821907968
11822170112
11822432256
11822694400
11822956544
11823218688
11823480832
11823742976
11824005120
11824267264
11824529408
11824791552
11825053696
11825315840
11825577984
11825840128
11826102272
11826364416
11826626560
11826888704
11827150848
11827412992
11827675136
11827937280
11828199424
11828461568
11828723712
11828985856
11829248000
11829510144
11829772288
11830034432
11830296576
11830558720
11830820864
11831083008
11831345152
11831607296
11831869440
11832131584
11832393728
11832655872
11832918016
11833180160
11833442304
11833704448
11833966592
11834228736
11834490880
11834753024
11835015168
11835277312
11835539456
11835801600
11836063744
11836325888
11836588032
11836850176
11837112320
11837374464
11837636608
11837898752
11838160896
11838423040
11838685184
11838947328
11839209472
11839471616
11839733760
11839995904
11840258048
11840520192
11840782336
11841044480
11841306624
11841568768
11841830912
11842093056
11842355200
11842617344
11842879488
11843141632
11843403776
11843665920
11843928064
11844190208
11844452352
11844714496
11844976640
11845238784
11845500928
11845763072
11846025216
11846287360
11846549504
11846811648
11847073792
11847335936
11847598080
11847860224
11848122368
11848384512
11848646656
11848908800
11849170944
11849433088
11849695232
11849957376
11850219520
11850481664
11850743808
11851005952
11851268096
11851530240
11851792384
11852054528
11852316672
11852578816
11852840960
11853103104
11853365248
11853627392
11853889536
11854151680
11854413824
11854675968
11854938112
11855200256
11855462400
11855724544
11855986688
11856248832
11856510976
11856773120
11857035264
11857297408
11857559552
11857821696
11858083840
11858345984
11858608128
11858870272
11859132416
11859394560
11859656704
11859918848
11860180992
11860443136
11860705280
11860967424
11861229568
11861491712
11861753856
11862016000
11862278144
11862540288
11862802432
11863064576
11863326720
11863588864
11863851008
11864113152
11864375296
11864637440
11864899584
11865161728
11865423872
11865686016
11865948160
11866210304
11866472448
11866734592
11866996736
11867258880
11867521024
11867783168
11868045312
11868307456
11868569600
11868831744
11869093888
11869356032
11869618176
11869880320
11870142464
11870404608
11870666752
11870928896
11871191040
11871453184
11871715328
11871977472
11872239616
11872501760
11872763904
11873026048
11873288192
11873550336
11873812480
11874074624
11874336768
11874598912
11874861056
11875123200
11875385344
11875647488
11875909632
11876171776
11876433920
11876696064
11876958208
11877220352
11877482496
11877744640
11878006784
11878268928
11878531072
11878793216
11879055360
11879317504
11879579648
11879841792
11880103936
11880366080
11880628224
11880890368
11881152512
11881414656
11881676800
11881938944
11882201088
11882463232
11882725376
11882987520
11883249664
11883511808
11883773952
11884036096
11884298240
11884560384
11884822528
11885084672
11885346816
11885608960
11885871104
11886133248
11886395392
11886657536
11886919680
11887181824
11887443968
11887706112
11887968256
11888230400
11888492544
11888754688
11889016832
11889278976
11889541120
11889803264
11890065408
11890327552
11890589696
11890851840
11891113984
11891376128
11891638272
11891900416
11892162560
11892424704
11892686848
11892948992
11893211136
11893473280
11893735424
11893997568
11894259712
11894521856
11894784000
11895046144
11895308288
11895570432
11895832576
11896094720
11896356864
11896619008
11896881152
11897143296
11897405440
11897667584
11897929728
11898191872
11898454016
11898716160
11898978304
11899240448
11899502592
11899764736
11900026880
11900289024
11900551168
11900813312
11901075456
11901337600
11901599744
11901861888
11902124032
11902386176
11902648320
11902910464
11903172608
11903434752
11903696896
11903959040
11904221184
11904483328
11904745472
11905007616
11905269760
11905531904
11905794048
11906056192
11906318336
11906580480
11906842624
11907104768
11907366912
11907629056
11907891200
11908153344
11908415488
11908677632
11908939776
11909201920
11909464064
11909726208
11909988352
11910250496
11910512640
11910774784
11911036928
11911299072
11911561216
11911823360
11912085504
11912347648
11912609792
11912871936
11913134080
11913396224
11913658368
11913920512
11914182656
11914444800
11914706944
11914969088
11915231232
11915493376
11915755520
11916017664
11916279808
11916541952
11916804096
11917066240
11917328384
11917590528
11917852672
11918114816
11918376960
11918639104
11918901248
11919163392
11919425536
11919687680
11919949824
11920211968
11920474112
11920736256
11920998400
11921260544
11921522688
11921784832
11922046976
11922309120
11922571264
11922833408
11923095552
11923357696
11923619840
11923881984
11924144128
11924406272
11924668416
11924930560
11925192704
11925454848
11925716992
11925979136
11926241280
11926503424
11926765568
11927027712
11927289856
11927552000
11927814144
11928076288
11928338432
11928600576
11928862720
11929124864
11929387008
11929649152
11929911296
11930173440
11930435584
11930697728
11930959872
11931222016
11931484160
11931746304
11932008448
11932270592
11932532736
11932794880
11933057024
11933319168
11933581312
11933843456
11934105600
11934367744
11934629888
11934892032
11935154176
11935416320
11935678464
11935940608
11936202752
11936464896
11936727040
11936989184
11937251328
11937513472
11937775616
11938037760
11938299904
11938562048
11938824192
11939086336
11939348480
11939610624
11939872768
11940134912
11940397056
11940659200
11940921344
11941183488
11941445632
11941707776
11941969920
11942232064
11942494208
11942756352
11943018496
11943280640
11943542784
11943804928
11944067072
11944329216
11944591360
11944853504
11945115648
11945377792
11945639936
11945902080
11946164224
11946426368
11946688512
11946950656
11947212800
11947474944
11947737088
11947999232
11948261376
11948523520
11948785664
11949047808
11949309952
11949572096
11949834240
11950096384
11950358528
11950620672
11950882816
11951144960
11951407104
11951669248
11951931392
11952193536
11952455680
11952717824
11952979968
11953242112
11953504256
11953766400
11954028544
11954290688
11954552832
11954814976
11955077120
11955339264
11955601408
11955863552
11956125696
11956387840
11956649984
11956912128
11957174272
11957436416
11957698560
11957960704
11958222848
11958484992
11958747136
11959009280
11959271424
11959533568
11959795712
11960057856
11960320000
11960582144
11960844288
11961106432
11961368576
11961630720
11961892864
11962155008
11962417152
11962679296
11962941440
11963203584
11963465728
11963727872
11963990016
11964252160
11964514304
11964776448
11965038592
11965300736
11965562880
11965825024
11966087168
11966349312
11966611456
11966873600
11967135744
11967397888
11967660032
11967922176
11968184320
11968446464
11968708608
11968970752
11969232896
11969495040
11969757184
11970019328
11970281472
11970543616
11970805760
11971067904
11971330048
11971592192
11971854336
11972116480
11972378624
11972640768
11972902912
11973165056
11973427200
11973689344
11973951488
11974213632
11974475776
11974737920
11975000064
11975262208
11975524352
11975786496
11976048640
11976310784
11976572928
11976835072
11977097216
11977359360
11977621504
11977883648
11978145792
11978407936
11978670080
11978932224
11979194368
11979456512
11979718656
11979980800
11980242944
11980505088
11980767232
11981029376
11981291520
11981553664
11981815808
11982077952
11982340096
11982602240
11982864384
11983126528
11983388672
11983650816
11983912960
11984175104
11984437248
11984699392
11984961536
11985223680
11985485824
11985747968
11986010112
11986272256
11986534400
11986796544
11987058688
11987320832
11987582976
11987845120
11988107264
11988369408
11988631552
11988893696
11989155840
11989417984
11989680128
11989942272
11990204416
11990466560
11990728704
11990990848
11991252992
11991515136
11991777280
11992039424
11992301568
11992563712
11992825856
11993088000
11993350144
11993612288
11993874432
11994136576
11994398720
11994660864
11994923008
11995185152
11995447296
11995709440
11995971584
11996233728
11996495872
11996758016
11997020160
11997282304
11997544448
11997806592
11998068736
11998330880
11998593024
11998855168
11999117312
11999379456
11999641600
11999903744
12000165888
12000428032
12000690176
12000952320
12001214464
12001476608
12001738752
12002000896
12002263040
12002525184
12002787328
12003049472
12003311616
12003573760
12003835904
12004098048
12004360192
12004622336
12004884480
12005146624
12005408768
12005670912
12005933056
12006195200
12006457344
12006719488
12006981632
12007243776
12007505920
12007768064
12008030208
12008292352
12008554496
12008816640
12009078784
12009340928
12009603072
12009865216
12010127360
12010389504
12010651648
12010913792
12011175936
12011438080
12011700224
12011962368
12012224512
12012486656
12012748800
12013010944
12013273088
12013535232
12013797376
12014059520
12014321664
12014583808
12014845952
12015108096
12015370240
12015632384
12015894528
12016156672
12016418816
12016680960
12016943104
12017205248
12017467392
12017729536
12017991680
12018253824
12018515968
12018778112
12019040256
12019302400
12019564544
12019826688
12020088832
12020350976
12020613120
12020875264
12021137408
12021399552
12021661696
12021923840
12022185984
12022448128
12022710272
12022972416
12023234560
12023496704
12023758848
12024020992
12024283136
12024545280
12024807424
12025069568
12025331712
12025593856
12025856000
12026118144
12026380288
12026642432
12026904576
12027166720
12027428864
12027691008
12027953152
12028215296
12028477440
12028739584
12029001728
12029263872
12029526016
12029788160
12030050304
12030312448
12030574592
12030836736
12031098880
12031361024
12031623168
12031885312
12032147456
12032409600
12032671744
12032933888
12033196032
12033458176
12033720320
12033982464
12034244608
12034506752
12034768896
12035031040
12035293184
12035555328
12035817472
12036079616
12036341760
12036603904
12036866048
12037128192
12037390336
12037652480
12037914624
12038176768
12038438912
12038701056
12038963200
12039225344
12039487488
12039749632
12040011776
12040273920
12040536064
12040798208
12041060352
12041322496
12041584640
12041846784
12042108928
12042371072
12042633216
12042895360
12043157504
12043419648
12043681792
12043943936
12044206080
12044468224
12044730368
12044992512
12045254656
12045516800
12045778944
12046041088
12046303232
12046565376
12046827520
12047089664
12047351808
12047613952
12047876096
12048138240
12048400384
12048662528
12048924672
12049186816
12049448960
12049711104
12049973248
12050235392
12050497536
12050759680
12051021824
12051283968
12051546112
12051808256
12052070400
12052332544
12052594688
12052856832
12053118976
12053381120
12053643264
12053905408
12054167552
12054429696
12054691840
12054953984
12055216128
12055478272
12055740416
12056002560
12056264704
12056526848
12056788992
12057051136
12057313280
12057575424
12057837568
12058099712
12058361856
12058624000
12058886144
12059148288
12059410432
12059672576
12059934720
12060196864
12060459008
12060721152
12060983296
12061245440
12061507584
12061769728
12062031872
12062294016
12062556160
12062818304
12063080448
12063342592
12063604736
12063866880
12064129024
12064391168
12064653312
12064915456
12065177600
12065439744
12065701888
12065964032
12066226176
12066488320
12066750464
12067012608
12067274752
12067536896
12067799040
12068061184
12068323328
12068585472
12068847616
12069109760
12069371904
12069634048
12069896192
12070158336
12070420480
12070682624
12070944768
12071206912
12071469056
12071731200
12071993344
12072255488
12072517632
12072779776
12073041920
12073304064
12073566208
12073828352
12074090496
12074352640
12074614784
12074876928
12075139072
12075401216
12075663360
12075925504
12076187648
12076449792
12076711936
12076974080
12077236224
12077498368
12077760512
12078022656
12078284800
12078546944
12078809088
12079071232
12079333376
12079595520
12079857664
12080119808
12080381952
12080644096
12080906240
12081168384
12081430528
12081692672
12081954816
12082216960
12082479104
12082741248
12083003392
12083265536
12083527680
12083789824
12084051968
12084314112
12084576256
12084838400
12085100544
12085362688
12085624832
12085886976
12086149120
12086411264
12086673408
12086935552
12087197696
12087459840
12087721984
12087984128
12088246272
12088508416
12088770560
12089032704
12089294848
12089556992
12089819136
12090081280
12090343424
12090605568
12090867712
12091129856
12091392000
12091654144
12091916288
12092178432
12092440576
12092702720
12092964864
12093227008
12093489152
12093751296
12094013440
12094275584
12094537728
12094799872
12095062016
12095324160
12095586304
12095848448
12096110592
12096372736
12096634880
12096897024
12097159168
12097421312
12097683456
12097945600
12098207744
12098469888
12098732032
12098994176
12099256320
12099518464
12099780608
12100042752
12100304896
12100567040
12100829184
12101091328
12101353472
12101615616
12101877760
12102139904
12102402048
12102664192
12102926336
12103188480
12103450624
12103712768
12103974912
12104237056
12104499200
12104761344
12105023488
12105285632
12105547776
12105809920
12106072064
12106334208
12106596352
12106858496
12107120640
12107382784
12107644928
12107907072
12108169216
12108431360
12108693504
12108955648
12109217792
12109479936
12109742080
12110004224
12110266368
12110528512
12110790656
12111052800
12111314944
12111577088
12111839232
12112101376
12112363520
12112625664
12112887808
12113149952
12113412096
12113674240
12113936384
12114198528
12114460672
12114722816
12114984960
12115247104
12115509248
12115771392
12116033536
12116295680
12116557824
12116819968
12117082112
12117344256
12117606400
12117868544
12118130688
12118392832
12118654976
12118917120
12119179264
12119441408
12119703552
12119965696
12120227840
12120489984
12120752128
12121014272
12121276416
12121538560
12121800704
12122062848
12122324992
12122587136
12122849280
12123111424
12123373568
12123635712
12123897856
12124160000
12124422144
12124684288
12124946432
12125208576
12125470720
12125732864
12125995008
12126257152
12126519296
12126781440
12127043584
12127305728
12127567872
12127830016
12128092160
12128354304
12128616448
12128878592
12129140736
12129402880
12129665024
12129927168
12130189312
12130451456
12130713600
12130975744
12131237888
12131500032
12131762176
12132024320
12132286464
12132548608
12132810752
12133072896
12133335040
12133597184
12133859328
12134121472
12134383616
12134645760
12134907904
12135170048
12135432192
12135694336
12135956480
12136218624
12136480768
12136742912
12137005056
12137267200
12137529344
12137791488
12138053632
12138315776
12138577920
12138840064
12139102208
12139364352
12139626496
12139888640
12140150784
12140412928
12140675072
12140937216
12141199360
12141461504
12141723648
12141985792
12142247936
12142510080
12142772224
12143034368
12143296512
12143558656
12143820800
12144082944
12144345088
12144607232
12144869376
12145131520
12145393664
12145655808
12145917952
12146180096
12146442240
12146704384
12146966528
12147228672
12147490816
12147752960
12148015104
12148277248
12148539392
12148801536
12149063680
12149325824
12149587968
12149850112
12150112256
12150374400
12150636544
12150898688
12151160832
12151422976
12151685120
12151947264
12152209408
12152471552
12152733696
12152995840
12153257984
12153520128
12153782272
12154044416
12154306560
12154568704
12154830848
12155092992
12155355136
12155617280
12155879424
12156141568
12156403712
12156665856
12156928000
12157190144
12157452288
12157714432
12157976576
12158238720
12158500864
12158763008
12159025152
12159287296
12159549440
12159811584
12160073728
12160335872
12160598016
12160860160
12161122304
12161384448
12161646592
12161908736
12162170880
12162433024
12162695168
12162957312
12163219456
12163481600
12163743744
12164005888
12164268032
12164530176
12164792320
12165054464
12165316608
12165578752
12165840896
12166103040
12166365184
12166627328
12166889472
12167151616
12167413760
12167675904
12167938048
12168200192
12168462336
12168724480
12168986624
12169248768
12169510912
12169773056
12170035200
12170297344
12170559488
12170821632
12171083776
12171345920
12171608064
12171870208
12172132352
12172394496
12172656640
12172918784
12173180928
12173443072
12173705216
12173967360
12174229504
12174491648
12174753792
12175015936
12175278080
12175540224
12175802368
12176064512
12176326656
12176588800
12176850944
12177113088
12177375232
12177637376
12177899520
12178161664
12178423808
12178685952
12178948096
12179210240
12179472384
12179734528
12179996672
12180258816
12180520960
12180783104
12181045248
12181307392
12181569536
12181831680
12182093824
12182355968
12182618112
12182880256
12183142400
12183404544
12183666688
12183928832
12184190976
12184453120
12184715264
12184977408
12185239552
12185501696
12185763840
12186025984
12186288128
12186550272
12186812416
12187074560
12187336704
12187598848
12187860992
12188123136
12188385280
12188647424
12188909568
12189171712
12189433856
12189696000
12189958144
12190220288
12190482432
12190744576
12191006720
12191268864
12191531008
12191793152
12192055296
12192317440
12192579584
12192841728
12193103872
12193366016
12193628160
12193890304
12194152448
12194414592
12194676736
12194938880
12195201024
12195463168
12195725312
12195987456
12196249600
12196511744
12196773888
12197036032
12197298176
12197560320
12197822464
12198084608
12198346752
12198608896
12198871040
12199133184
12199395328
12199657472
12199919616
12200181760
12200443904
12200706048
12200968192
12201230336
12201492480
12201754624
12202016768
12202278912
12202541056
12202803200
12203065344
12203327488
12203589632
12203851776
12204113920
12204376064
12204638208
12204900352
12205162496
12205424640
12205686784
12205948928
12206211072
12206473216
12206735360
12206997504
12207259648
12207521792
12207783936
12208046080
12208308224
12208570368
12208832512
12209094656
12209356800
12209618944
12209881088
12210143232
12210405376
12210667520
12210929664
12211191808
12211453952
12211716096
12211978240
12212240384
12212502528
12212764672
12213026816
12213288960
12213551104
12213813248
12214075392
12214337536
12214599680
12214861824
12215123968
12215386112
12215648256
12215910400
12216172544
12216434688
12216696832
12216958976
12217221120
12217483264
12217745408
12218007552
12218269696
12218531840
12218793984
12219056128
12219318272
12219580416
12219842560
12220104704
12220366848
12220628992
12220891136
12221153280
12221415424
12221677568
12221939712
12222201856
12222464000
12222726144
12222988288
12223250432
12223512576
12223774720
12224036864
12224299008
12224561152
12224823296
12225085440
12225347584
12225609728
12225871872
12226134016
12226396160
12226658304
12226920448
12227182592
12227444736
12227706880
12227969024
12228231168
12228493312
12228755456
12229017600
12229279744
12229541888
12229804032
12230066176
12230328320
12230590464
12230852608
12231114752
12231376896
12231639040
12231901184
12232163328
12232425472
12232687616
12232949760
12233211904
12233474048
12233736192
12233998336
12234260480
12234522624
12234784768
12235046912
12235309056
12235571200
12235833344
12236095488
12236357632
12236619776
12236881920
12237144064
12237406208
12237668352
12237930496
12238192640
12238454784
12238716928
12238979072
12239241216
12239503360
12239765504
12240027648
12240289792
12240551936
12240814080
12241076224
12241338368
12241600512
12241862656
12242124800
12242386944
12242649088
12242911232
12243173376
12243435520
12243697664
12243959808
12244221952
12244484096
12244746240
12245008384
12245270528
12245532672
12245794816
12246056960
12246319104
12246581248
12246843392
12247105536
12247367680
12247629824
12247891968
12248154112
12248416256
12248678400
12248940544
12249202688
12249464832
12249726976
12249989120
12250251264
12250513408
12250775552
12251037696
12251299840
12251561984
12251824128
12252086272
12252348416
12252610560
12252872704
12253134848
12253396992
12253659136
12253921280
12254183424
12254445568
12254707712
12254969856
12255232000
12255494144
12255756288
12256018432
12256280576
12256542720
12256804864
12257067008
12257329152
12257591296
12257853440
12258115584
12258377728
12258639872
12258902016
12259164160
12259426304
12259688448
12259950592
12260212736
12260474880
12260737024
12260999168
12261261312
12261523456
12261785600
12262047744
12262309888
12262572032
12262834176
12263096320
12263358464
12263620608
12263882752
12264144896
12264407040
12264669184
12264931328
12265193472
12265455616
12265717760
12265979904
12266242048
12266504192
12266766336
12267028480
12267290624
12267552768
12267814912
12268077056
12268339200
12268601344
12268863488
12269125632
12269387776
12269649920
12269912064
12270174208
12270436352
12270698496
12270960640
12271222784
12271484928
12271747072
12272009216
12272271360
12272533504
12272795648
12273057792
12273319936
12273582080
12273844224
12274106368
12274368512
12274630656
12274892800
12275154944
12275417088
12275679232
12275941376
12276203520
12276465664
12276727808
12276989952
12277252096
12277514240
12277776384
12278038528
12278300672
12278562816
12278824960
12279087104
12279349248
12279611392
12279873536
12280135680
12280397824
12280659968
12280922112
12281184256
12281446400
12281708544
12281970688
12282232832
12282494976
12282757120
12283019264
12283281408
12283543552
12283805696
12284067840
12284329984
12284592128
12284854272
12285116416
12285378560
12285640704
12285902848
12286164992
12286427136
12286689280
12286951424
12287213568
12287475712
12287737856
12288000000
12288262144
12288524288
12288786432
12289048576
12289310720
12289572864
12289835008
12290097152
12290359296
12290621440
12290883584
12291145728
12291407872
12291670016
12291932160
12292194304
12292456448
12292718592
12292980736
12293242880
12293505024
12293767168
12294029312
12294291456
12294553600
12294815744
12295077888
12295340032
12295602176
12295864320
12296126464
12296388608
12296650752
12296912896
12297175040
12297437184
12297699328
12297961472
12298223616
12298485760
12298747904
12299010048
12299272192
12299534336
12299796480
12300058624
12300320768
12300582912
12300845056
12301107200
12301369344
12301631488
12301893632
12302155776
12302417920
12302680064
12302942208
12303204352
12303466496
12303728640
12303990784
12304252928
12304515072
12304777216
12305039360
12305301504
12305563648
12305825792
12306087936
12306350080
12306612224
12306874368
12307136512
12307398656
12307660800
12307922944
12308185088
12308447232
12308709376
12308971520
12309233664
12309495808
12309757952
12310020096
12310282240
12310544384
12310806528
12311068672
12311330816
12311592960
12311855104
12312117248
12312379392
12312641536
12312903680
12313165824
12313427968
12313690112
12313952256
12314214400
12314476544
12314738688
12315000832
12315262976
12315525120
12315787264
12316049408
12316311552
12316573696
12316835840
12317097984
12317360128
12317622272
12317884416
12318146560
12318408704
12318670848
12318932992
12319195136
12319457280
12319719424
12319981568
12320243712
12320505856
12320768000
12321030144
12321292288
12321554432
12321816576
12322078720
12322340864
12322603008
12322865152
12323127296
12323389440
12323651584
12323913728
12324175872
12324438016
12324700160
12324962304
12325224448
12325486592
12325748736
12326010880
12326273024
12326535168
12326797312
12327059456
12327321600
12327583744
12327845888
12328108032
12328370176
12328632320
12328894464
12329156608
12329418752
12329680896
12329943040
12330205184
12330467328
12330729472
12330991616
12331253760
12331515904
12331778048
12332040192
12332302336
12332564480
12332826624
12333088768
12333350912
12333613056
12333875200
12334137344
12334399488
12334661632
12334923776
12335185920
12335448064
12335710208
12335972352
12336234496
12336496640
12336758784
12337020928
12337283072
12337545216
12337807360
12338069504
12338331648
12338593792
12338855936
12339118080
12339380224
12339642368
12339904512
12340166656
12340428800
12340690944
12340953088
12341215232
12341477376
12341739520
12342001664
12342263808
12342525952
12342788096
12343050240
12343312384
12343574528
12343836672
12344098816
12344360960
12344623104
12344885248
12345147392
12345409536
12345671680
12345933824
12346195968
12346458112
12346720256
12346982400
12347244544
12347506688
12347768832
12348030976
12348293120
12348555264
12348817408
12349079552
12349341696
12349603840
12349865984
12350128128
12350390272
12350652416
12350914560
12351176704
12351438848
12351700992
12351963136
12352225280
12352487424
12352749568
12353011712
12353273856
12353536000
12353798144
12354060288
12354322432
12354584576
12354846720
12355108864
12355371008
12355633152
12355895296
12356157440
12356419584
12356681728
12356943872
12357206016
12357468160
12357730304
12357992448
12358254592
12358516736
12358778880
12359041024
12359303168
12359565312
12359827456
12360089600
12360351744
12360613888
12360876032
12361138176
12361400320
12361662464
12361924608
12362186752
12362448896
12362711040
12362973184
12363235328
12363497472
12363759616
12364021760
12364283904
12364546048
12364808192
12365070336
12365332480
12365594624
12365856768
12366118912
12366381056
12366643200
12366905344
12367167488
12367429632
12367691776
12367953920
12368216064
12368478208
12368740352
12369002496
12369264640
12369526784
12369788928
12370051072
12370313216
12370575360
12370837504
12371099648
12371361792
12371623936
12371886080
12372148224
12372410368
12372672512
12372934656
12373196800
12373458944
12373721088
12373983232
12374245376
12374507520
12374769664
12375031808
12375293952
12375556096
12375818240
12376080384
12376342528
12376604672
12376866816
12377128960
12377391104
12377653248
12377915392
12378177536
12378439680
12378701824
12378963968
12379226112
12379488256
12379750400
12380012544
12380274688
12380536832
12380798976
12381061120
12381323264
12381585408
12381847552
12382109696
12382371840
12382633984
12382896128
12383158272
12383420416
12383682560
12383944704
12384206848
12384468992
12384731136
12384993280
12385255424
12385517568
12385779712
12386041856
12386304000
12386566144
12386828288
12387090432
12387352576
12387614720
12387876864
12388139008
12388401152
12388663296
12388925440
12389187584
12389449728
12389711872
12389974016
12390236160
12390498304
12390760448
12391022592
12391284736
12391546880
12391809024
12392071168
12392333312
12392595456
12392857600
12393119744
12393381888
12393644032
12393906176
12394168320
12394430464
12394692608
12394954752
12395216896
12395479040
12395741184
12396003328
12396265472
12396527616
12396789760
12397051904
12397314048
12397576192
12397838336
12398100480
12398362624
12398624768
12398886912
12399149056
12399411200
12399673344
12399935488
12400197632
12400459776
12400721920
12400984064
12401246208
12401508352
12401770496
12402032640
12402294784
12402556928
12402819072
12403081216
12403343360
12403605504
12403867648
12404129792
12404391936
12404654080
12404916224
12405178368
12405440512
12405702656
12405964800
12406226944
12406489088
12406751232
12407013376
12407275520
12407537664
12407799808
12408061952
12408324096
12408586240
12408848384
12409110528
12409372672
12409634816
12409896960
12410159104
12410421248
12410683392
12410945536
12411207680
12411469824
12411731968
12411994112
12412256256
12412518400
12412780544
12413042688
12413304832
12413566976
12413829120
12414091264
12414353408
12414615552
12414877696
12415139840
12415401984
12415664128
12415926272
12416188416
12416450560
12416712704
12416974848
12417236992
12417499136
12417761280
12418023424
12418285568
12418547712
12418809856
12419072000
12419334144
12419596288
12419858432
12420120576
12420382720
12420644864
12420907008
12421169152
12421431296
12421693440
12421955584
12422217728
12422479872
12422742016
12423004160
12423266304
12423528448
12423790592
12424052736
12424314880
12424577024
12424839168
12425101312
12425363456
12425625600
12425887744
12426149888
12426412032
12426674176
12426936320
12427198464
12427460608
12427722752
12427984896
12428247040
12428509184
12428771328
12429033472
12429295616
12429557760
12429819904
12430082048
12430344192
12430606336
12430868480
12431130624
12431392768
12431654912
12431917056
12432179200
12432441344
12432703488
12432965632
12433227776
12433489920
12433752064
12434014208
12434276352
12434538496
12434800640
12435062784
12435324928
12435587072
12435849216
12436111360
12436373504
12436635648
12436897792
12437159936
12437422080
12437684224
12437946368
12438208512
12438470656
12438732800
12438994944
12439257088
12439519232
12439781376
12440043520
12440305664
12440567808
12440829952
12441092096
12441354240
12441616384
12441878528
12442140672
12442402816
12442664960
12442927104
12443189248
12443451392
12443713536
12443975680
12444237824
12444499968
12444762112
12445024256
12445286400
12445548544
12445810688
12446072832
12446334976
12446597120
12446859264
12447121408
12447383552
12447645696
12447907840
12448169984
12448432128
12448694272
12448956416
12449218560
12449480704
12449742848
12450004992
12450267136
12450529280
12450791424
12451053568
12451315712
12451577856
12451840000
12452102144
12452364288
12452626432
12452888576
12453150720
12453412864
12453675008
12453937152
12454199296
12454461440
12454723584
12454985728
12455247872
12455510016
12455772160
12456034304
12456296448
12456558592
12456820736
12457082880
12457345024
12457607168
12457869312
12458131456
12458393600
12458655744
12458917888
12459180032
12459442176
12459704320
12459966464
12460228608
12460490752
12460752896
12461015040
12461277184
12461539328
12461801472
12462063616
12462325760
12462587904
12462850048
12463112192
12463374336
12463636480
12463898624
12464160768
12464422912
12464685056
12464947200
12465209344
12465471488
12465733632
12465995776
12466257920
12466520064
12466782208
12467044352
12467306496
12467568640
12467830784
12468092928
12468355072
12468617216
12468879360
12469141504
12469403648
12469665792
12469927936
12470190080
12470452224
12470714368
12470976512
12471238656
12471500800
12471762944
12472025088
12472287232
12472549376
12472811520
12473073664
12473335808
12473597952
12473860096
12474122240
12474384384
12474646528
12474908672
12475170816
12475432960
12475695104
12475957248
12476219392
12476481536
12476743680
12477005824
12477267968
12477530112
12477792256
12478054400
12478316544
12478578688
12478840832
12479102976
12479365120
12479627264
12479889408
12480151552
12480413696
12480675840
12480937984
12481200128
12481462272
12481724416
12481986560
12482248704
12482510848
12482772992
12483035136
12483297280
12483559424
12483821568
12484083712
12484345856
12484608000
12484870144
12485132288
12485394432
12485656576
12485918720
12486180864
12486443008
12486705152
12486967296
12487229440
12487491584
12487753728
12488015872
12488278016
12488540160
12488802304
12489064448
12489326592
12489588736
12489850880
12490113024
12490375168
12490637312
12490899456
12491161600
12491423744
12491685888
12491948032
12492210176
12492472320
12492734464
12492996608
12493258752
12493520896
12493783040
12494045184
12494307328
12494569472
12494831616
12495093760
12495355904
12495618048
12495880192
12496142336
12496404480
12496666624
12496928768
12497190912
12497453056
12497715200
12497977344
12498239488
12498501632
12498763776
12499025920
12499288064
12499550208
12499812352
12500074496
12500336640
12500598784
12500860928
12501123072
12501385216
12501647360
12501909504
12502171648
12502433792
12502695936
12502958080
12503220224
12503482368
12503744512
12504006656
12504268800
12504530944
12504793088
12505055232
12505317376
12505579520
12505841664
12506103808
12506365952
12506628096
12506890240
12507152384
12507414528
12507676672
12507938816
12508200960
12508463104
12508725248
12508987392
12509249536
12509511680
12509773824
12510035968
12510298112
12510560256
12510822400
12511084544
12511346688
12511608832
12511870976
12512133120
12512395264
12512657408
12512919552
12513181696
12513443840
12513705984
12513968128
12514230272
12514492416
12514754560
12515016704
12515278848
12515540992
12515803136
12516065280
12516327424
12516589568
12516851712
12517113856
12517376000
12517638144
12517900288
12518162432
12518424576
12518686720
12518948864
12519211008
12519473152
12519735296
12519997440
12520259584
12520521728
12520783872
12521046016
12521308160
12521570304
12521832448
12522094592
12522356736
12522618880
12522881024
12523143168
12523405312
12523667456
12523929600
12524191744
12524453888
12524716032
12524978176
12525240320
12525502464
12525764608
12526026752
12526288896
12526551040
12526813184
12527075328
12527337472
12527599616
12527861760
12528123904
12528386048
12528648192
12528910336
12529172480
12529434624
12529696768
12529958912
12530221056
12530483200
12530745344
12531007488
12531269632
12531531776
12531793920
12532056064
12532318208
12532580352
12532842496
12533104640
12533366784
12533628928
12533891072
12534153216
12534415360
12534677504
12534939648
12535201792
12535463936
12535726080
12535988224
12536250368
12536512512
12536774656
12537036800
12537298944
12537561088
12537823232
12538085376
12538347520
12538609664
12538871808
12539133952
12539396096
12539658240
12539920384
12540182528
12540444672
12540706816
12540968960
12541231104
12541493248
12541755392
12542017536
12542279680
12542541824
12542803968
12543066112
12543328256
12543590400
12543852544
12544114688
12544376832
12544638976
12544901120
12545163264
12545425408
12545687552
12545949696
12546211840
12546473984
12546736128
12546998272
12547260416
12547522560
12547784704
12548046848
12548308992
12548571136
12548833280
12549095424
12549357568
12549619712
12549881856
12550144000
12550406144
12550668288
12550930432
12551192576
12551454720
12551716864
12551979008
12552241152
12552503296
12552765440
12553027584
12553289728
12553551872
12553814016
12554076160
12554338304
12554600448
12554862592
12555124736
12555386880
12555649024
12555911168
12556173312
12556435456
12556697600
12556959744
12557221888
12557484032
12557746176
12558008320
12558270464
12558532608
12558794752
12559056896
12559319040
12559581184
12559843328
12560105472
12560367616
12560629760
12560891904
12561154048
12561416192
12561678336
12561940480
12562202624
12562464768
12562726912
12562989056
12563251200
12563513344
12563775488
12564037632
12564299776
12564561920
12564824064
12565086208
12565348352
12565610496
12565872640
12566134784
12566396928
12566659072
12566921216
12567183360
12567445504
12567707648
12567969792
12568231936
12568494080
12568756224
12569018368
12569280512
12569542656
12569804800
12570066944
12570329088
12570591232
12570853376
12571115520
12571377664
12571639808
12571901952
12572164096
12572426240
12572688384
12572950528
12573212672
12573474816
12573736960
12573999104
12574261248
12574523392
12574785536
12575047680
12575309824
12575571968
12575834112
12576096256
12576358400
12576620544
12576882688
12577144832
12577406976
12577669120
12577931264
12578193408
12578455552
12578717696
12578979840
12579241984
12579504128
12579766272
12580028416
12580290560
12580552704
12580814848
12581076992
12581339136
12581601280
12581863424
12582125568
12582387712
12582649856
12582912000
12583174144
12583436288
12583698432
12583960576
12584222720
12584484864
12584747008
12585009152
12585271296
12585533440
12585795584
12586057728
12586319872
12586582016
12586844160
12587106304
12587368448
12587630592
12587892736
12588154880
12588417024
12588679168
12588941312
12589203456
12589465600
12589727744
12589989888
12590252032
12590514176
12590776320
12591038464
12591300608
12591562752
12591824896
12592087040
12592349184
12592611328
12592873472
12593135616
12593397760
12593659904
12593922048
12594184192
12594446336
12594708480
12594970624
12595232768
12595494912
12595757056
12596019200
12596281344
12596543488
12596805632
12597067776
12597329920
12597592064
12597854208
12598116352
12598378496
12598640640
12598902784
12599164928
12599427072
12599689216
12599951360
12600213504
12600475648
12600737792
12600999936
12601262080
12601524224
12601786368
12602048512
12602310656
12602572800
12602834944
12603097088
12603359232
12603621376
12603883520
12604145664
12604407808
12604669952
12604932096
12605194240
12605456384
12605718528
12605980672
12606242816
12606504960
12606767104
12607029248
12607291392
12607553536
12607815680
12608077824
12608339968
12608602112
12608864256
12609126400
12609388544
12609650688
12609912832
12610174976
12610437120
12610699264
12610961408
12611223552
12611485696
12611747840
12612009984
12612272128
12612534272
12612796416
12613058560
12613320704
12613582848
12613844992
12614107136
12614369280
12614631424
12614893568
12615155712
12615417856
12615680000
12615942144
12616204288
12616466432
12616728576
12616990720
12617252864
12617515008
12617777152
12618039296
12618301440
12618563584
12618825728
12619087872
12619350016
12619612160
12619874304
12620136448
12620398592
12620660736
12620922880
12621185024
12621447168
12621709312
12621971456
12622233600
12622495744
12622757888
12623020032
12623282176
12623544320
12623806464
12624068608
12624330752
12624592896
12624855040
12625117184
12625379328
12625641472
12625903616
12626165760
12626427904
12626690048
12626952192
12627214336
12627476480
12627738624
12628000768
12628262912
12628525056
12628787200
12629049344
12629311488
12629573632
12629835776
12630097920
12630360064
12630622208
12630884352
12631146496
12631408640
12631670784
12631932928
12632195072
12632457216
12632719360
12632981504
12633243648
12633505792
12633767936
12634030080
12634292224
12634554368
12634816512
12635078656
12635340800
12635602944
12635865088
12636127232
12636389376
12636651520
12636913664
12637175808
12637437952
12637700096
12637962240
12638224384
12638486528
12638748672
12639010816
12639272960
12639535104
12639797248
12640059392
12640321536
12640583680
12640845824
12641107968
12641370112
12641632256
12641894400
12642156544
12642418688
12642680832
12642942976
12643205120
12643467264
12643729408
12643991552
12644253696
12644515840
12644777984
12645040128
12645302272
12645564416
12645826560
12646088704
12646350848
12646612992
12646875136
12647137280
12647399424
12647661568
12647923712
12648185856
12648448000
12648710144
12648972288
12649234432
12649496576
12649758720
12650020864
12650283008
12650545152
12650807296
12651069440
12651331584
12651593728
12651855872
12652118016
12652380160
12652642304
12652904448
12653166592
12653428736
12653690880
12653953024
12654215168
12654477312
12654739456
12655001600
12655263744
12655525888
12655788032
12656050176
12656312320
12656574464
12656836608
12657098752
12657360896
12657623040
12657885184
12658147328
12658409472
12658671616
12658933760
12659195904
12659458048
12659720192
12659982336
12660244480
12660506624
12660768768
12661030912
12661293056
12661555200
12661817344
12662079488
12662341632
12662603776
12662865920
12663128064
12663390208
12663652352
12663914496
12664176640
12664438784
12664700928
12664963072
12665225216
12665487360
12665749504
12666011648
12666273792
12666535936
12666798080
12667060224
12667322368
12667584512
12667846656
12668108800
12668370944
12668633088
12668895232
12669157376
12669419520
12669681664
12669943808
12670205952
12670468096
12670730240
12670992384
12671254528
12671516672
12671778816
12672040960
12672303104
12672565248
12672827392
12673089536
12673351680
12673613824
12673875968
12674138112
12674400256
12674662400
12674924544
12675186688
12675448832
12675710976
12675973120
12676235264
12676497408
12676759552
12677021696
12677283840
12677545984
12677808128
12678070272
12678332416
12678594560
12678856704
12679118848
12679380992
12679643136
12679905280
12680167424
12680429568
12680691712
12680953856
12681216000
12681478144
12681740288
12682002432
12682264576
12682526720
12682788864
12683051008
12683313152
12683575296
12683837440
12684099584
12684361728
12684623872
12684886016
12685148160
12685410304
12685672448
12685934592
12686196736
12686458880
12686721024
12686983168
12687245312
12687507456
12687769600
12688031744
12688293888
12688556032
12688818176
12689080320
12689342464
12689604608
12689866752
12690128896
12690391040
12690653184
12690915328
12691177472
12691439616
12691701760
12691963904
12692226048
12692488192
12692750336
12693012480
12693274624
12693536768
12693798912
12694061056
12694323200
12694585344
12694847488
12695109632
12695371776
12695633920
12695896064
12696158208
12696420352
12696682496
12696944640
12697206784
12697468928
12697731072
12697993216
12698255360
12698517504
12698779648
12699041792
12699303936
12699566080
12699828224
12700090368
12700352512
12700614656
12700876800
12701138944
12701401088
12701663232
12701925376
12702187520
12702449664
12702711808
12702973952
12703236096
12703498240
12703760384
12704022528
12704284672
12704546816
12704808960
12705071104
12705333248
12705595392
12705857536
12706119680
12706381824
12706643968
12706906112
12707168256
12707430400
12707692544
12707954688
12708216832
12708478976
12708741120
12709003264
12709265408
12709527552
12709789696
12710051840
12710313984
12710576128
12710838272
12711100416
12711362560
12711624704
12711886848
12712148992
12712411136
12712673280
12712935424
12713197568
12713459712
12713721856
12713984000
12714246144
12714508288
12714770432
12715032576
12715294720
12715556864
12715819008
12716081152
12716343296
12716605440
12716867584
12717129728
12717391872
12717654016
12717916160
12718178304
12718440448
12718702592
12718964736
12719226880
12719489024
12719751168
12720013312
12720275456
12720537600
12720799744
12721061888
12721324032
12721586176
12721848320
12722110464
12722372608
12722634752
12722896896
12723159040
12723421184
12723683328
12723945472
12724207616
12724469760
12724731904
12724994048
12725256192
12725518336
12725780480
12726042624
12726304768
12726566912
12726829056
12727091200
12727353344
12727615488
12727877632
12728139776
12728401920
12728664064
12728926208
12729188352
12729450496
12729712640
12729974784
12730236928
12730499072
12730761216
12731023360
12731285504
12731547648
12731809792
12732071936
12732334080
12732596224
12732858368
12733120512
12733382656
12733644800
12733906944
12734169088
12734431232
12734693376
12734955520
12735217664
12735479808
12735741952
12736004096
12736266240
12736528384
12736790528
12737052672
12737314816
12737576960
12737839104
12738101248
12738363392
12738625536
12738887680
12739149824
12739411968
12739674112
12739936256
12740198400
12740460544
12740722688
12740984832
12741246976
12741509120
12741771264
12742033408
12742295552
12742557696
12742819840
12743081984
12743344128
12743606272
12743868416
12744130560
12744392704
12744654848
12744916992
12745179136
12745441280
12745703424
12745965568
12746227712
12746489856
12746752000
12747014144
12747276288
12747538432
12747800576
12748062720
12748324864
12748587008
12748849152
12749111296
12749373440
12749635584
12749897728
12750159872
12750422016
12750684160
12750946304
12751208448
12751470592
12751732736
12751994880
12752257024
12752519168
12752781312
12753043456
12753305600
12753567744
12753829888
12754092032
12754354176
12754616320
12754878464
12755140608
12755402752
12755664896
12755927040
12756189184
12756451328
12756713472
12756975616
12757237760
12757499904
12757762048
12758024192
12758286336
12758548480
12758810624
12759072768
12759334912
12759597056
12759859200
12760121344
12760383488
12760645632
12760907776
12761169920
12761432064
12761694208
12761956352
12762218496
12762480640
12762742784
12763004928
12763267072
12763529216
12763791360
12764053504
12764315648
12764577792
12764839936
12765102080
12765364224
12765626368
12765888512
12766150656
12766412800
12766674944
12766937088
12767199232
12767461376
12767723520
12767985664
12768247808
12768509952
12768772096
12769034240
12769296384
12769558528
12769820672
12770082816
12770344960
12770607104
12770869248
12771131392
12771393536
12771655680
12771917824
12772179968
12772442112
12772704256
12772966400
12773228544
12773490688
12773752832
12774014976
12774277120
12774539264
12774801408
12775063552
12775325696
12775587840
12775849984
12776112128
12776374272
12776636416
12776898560
12777160704
12777422848
12777684992
12777947136
12778209280
12778471424
12778733568
12778995712
12779257856
12779520000
12779782144
12780044288
12780306432
12780568576
12780830720
12781092864
12781355008
12781617152
12781879296
12782141440
12782403584
12782665728
12782927872
12783190016
12783452160
12783714304
12783976448
12784238592
12784500736
12784762880
12785025024
12785287168
12785549312
12785811456
12786073600
12786335744
12786597888
12786860032
12787122176
12787384320
12787646464
12787908608
12788170752
12788432896
12788695040
12788957184
12789219328
12789481472
12789743616
12790005760
12790267904
12790530048
12790792192
12791054336
12791316480
12791578624
12791840768
12792102912
12792365056
12792627200
12792889344
12793151488
12793413632
12793675776
12793937920
12794200064
12794462208
12794724352
12794986496
12795248640
12795510784
12795772928
12796035072
12796297216
12796559360
12796821504
12797083648
12797345792
12797607936
12797870080
12798132224
12798394368
12798656512
12798918656
12799180800
12799442944
12799705088
12799967232
12800229376
12800491520
12800753664
12801015808
12801277952
12801540096
12801802240
12802064384
12802326528
12802588672
12802850816
12803112960
12803375104
12803637248
12803899392
12804161536
12804423680
12804685824
12804947968
12805210112
12805472256
12805734400
12805996544
12806258688
12806520832
12806782976
12807045120
12807307264
12807569408
12807831552
12808093696
12808355840
12808617984
12808880128
12809142272
12809404416
12809666560
12809928704
12810190848
12810452992
12810715136
12810977280
12811239424
12811501568
12811763712
12812025856
12812288000
12812550144
12812812288
12813074432
12813336576
12813598720
12813860864
12814123008
12814385152
12814647296
12814909440
12815171584
12815433728
12815695872
12815958016
12816220160
12816482304
12816744448
12817006592
12817268736
12817530880
12817793024
12818055168
12818317312
12818579456
12818841600
12819103744
12819365888
12819628032
12819890176
12820152320
12820414464
12820676608
12820938752
12821200896
12821463040
12821725184
12821987328
12822249472
12822511616
12822773760
12823035904
12823298048
12823560192
12823822336
12824084480
12824346624
12824608768
12824870912
12825133056
12825395200
12825657344
12825919488
12826181632
12826443776
12826705920
12826968064
12827230208
12827492352
12827754496
12828016640
12828278784
12828540928
12828803072
12829065216
12829327360
12829589504
12829851648
12830113792
12830375936
12830638080
12830900224
12831162368
12831424512
12831686656
12831948800
12832210944
12832473088
12832735232
12832997376
12833259520
12833521664
12833783808
12834045952
12834308096
12834570240
12834832384
12835094528
12835356672
12835618816
12835880960
12836143104
12836405248
12836667392
12836929536
12837191680
12837453824
12837715968
12837978112
12838240256
12838502400
12838764544
12839026688
12839288832
12839550976
12839813120
12840075264
12840337408
12840599552
12840861696
12841123840
12841385984
12841648128
12841910272
12842172416
12842434560
12842696704
12842958848
12843220992
12843483136
12843745280
12844007424
12844269568
12844531712
12844793856
12845056000
12845318144
12845580288
12845842432
12846104576
12846366720
12846628864
12846891008
12847153152
12847415296
12847677440
12847939584
12848201728
12848463872
12848726016
12848988160
12849250304
12849512448
12849774592
12850036736
12850298880
12850561024
12850823168
12851085312
12851347456
12851609600
12851871744
12852133888
12852396032
12852658176
12852920320
12853182464
12853444608
12853706752
12853968896
12854231040
12854493184
12854755328
12855017472
12855279616
12855541760
12855803904
12856066048
12856328192
12856590336
12856852480
12857114624
12857376768
12857638912
12857901056
12858163200
12858425344
12858687488
12858949632
12859211776
12859473920
12859736064
12859998208
12860260352
12860522496
12860784640
12861046784
12861308928
12861571072
12861833216
12862095360
12862357504
12862619648
12862881792
12863143936
12863406080
12863668224
12863930368
12864192512
12864454656
12864716800
12864978944
12865241088
12865503232
12865765376
12866027520
12866289664
12866551808
12866813952
12867076096
12867338240
12867600384
12867862528
12868124672
12868386816
12868648960
12868911104
12869173248
12869435392
12869697536
12869959680
12870221824
12870483968
12870746112
12871008256
12871270400
12871532544
12871794688
12872056832
12872318976
12872581120
12872843264
12873105408
12873367552
12873629696
12873891840
12874153984
12874416128
12874678272
12874940416
12875202560
12875464704
12875726848
12875988992
12876251136
12876513280
12876775424
12877037568
12877299712
12877561856
12877824000
12878086144
12878348288
12878610432
12878872576
12879134720
12879396864
12879659008
12879921152
12880183296
12880445440
12880707584
12880969728
12881231872
12881494016
12881756160
12882018304
12882280448
12882542592
12882804736
12883066880
12883329024
12883591168
12883853312
12884115456
12884377600
12884639744
12884901888
12885164032
12885426176
12885688320
12885950464
12886212608
12886474752
12886736896
12886999040
12887261184
12887523328
12887785472
12888047616
12888309760
12888571904
12888834048
12889096192
12889358336
12889620480
12889882624
12890144768
12890406912
12890669056
12890931200
12891193344
12891455488
12891717632
12891979776
12892241920
12892504064
12892766208
12893028352
12893290496
12893552640
12893814784
12894076928
12894339072
12894601216
12894863360
12895125504
12895387648
12895649792
12895911936
12896174080
12896436224
12896698368
12896960512
12897222656
12897484800
12897746944
12898009088
12898271232
12898533376
12898795520
12899057664
12899319808
12899581952
12899844096
12900106240
12900368384
12900630528
12900892672
12901154816
12901416960
12901679104
12901941248
12902203392
12902465536
12902727680
12902989824
12903251968
12903514112
12903776256
12904038400
12904300544
12904562688
12904824832
12905086976
12905349120
12905611264
12905873408
12906135552
12906397696
12906659840
12906921984
12907184128
12907446272
12907708416
12907970560
12908232704
12908494848
12908756992
12909019136
12909281280
12909543424
12909805568
12910067712
12910329856
12910592000
12910854144
12911116288
12911378432
12911640576
12911902720
12912164864
12912427008
12912689152
12912951296
12913213440
12913475584
12913737728
12913999872
12914262016
12914524160
12914786304
12915048448
12915310592
12915572736
12915834880
12916097024
12916359168
12916621312
12916883456
12917145600
12917407744
12917669888
12917932032
12918194176
12918456320
12918718464
12918980608
12919242752
12919504896
12919767040
12920029184
12920291328
12920553472
12920815616
12921077760
12921339904
12921602048
12921864192
12922126336
12922388480
12922650624
12922912768
12923174912
12923437056
12923699200
12923961344
12924223488
12924485632
12924747776
12925009920
12925272064
12925534208
12925796352
12926058496
12926320640
12926582784
12926844928
12927107072
12927369216
12927631360
12927893504
12928155648
12928417792
12928679936
12928942080
12929204224
12929466368
12929728512
12929990656
12930252800
12930514944
12930777088
12931039232
12931301376
12931563520
12931825664
12932087808
12932349952
12932612096
12932874240
12933136384
12933398528
12933660672
12933922816
12934184960
12934447104
12934709248
12934971392
12935233536
12935495680
12935757824
12936019968
12936282112
12936544256
12936806400
12937068544
12937330688
12937592832
12937854976
12938117120
12938379264
12938641408
12938903552
12939165696
12939427840
12939689984
12939952128
12940214272
12940476416
12940738560
12941000704
12941262848
12941524992
12941787136
12942049280
12942311424
12942573568
12942835712
12943097856
12943360000
12943622144
12943884288
12944146432
12944408576
12944670720
12944932864
12945195008
12945457152
12945719296
12945981440
12946243584
12946505728
12946767872
12947030016
12947292160
12947554304
12947816448
12948078592
12948340736
12948602880
12948865024
12949127168
12949389312
12949651456
12949913600
12950175744
12950437888
12950700032
12950962176
12951224320
12951486464
12951748608
12952010752
12952272896
12952535040
12952797184
12953059328
12953321472
12953583616
12953845760
12954107904
12954370048
12954632192
12954894336
12955156480
12955418624
12955680768
12955942912
12956205056
12956467200
12956729344
12956991488
12957253632
12957515776
12957777920
12958040064
12958302208
12958564352
12958826496
12959088640
12959350784
12959612928
12959875072
12960137216
12960399360
12960661504
12960923648
12961185792
12961447936
12961710080
12961972224
12962234368
12962496512
12962758656
12963020800
12963282944
12963545088
12963807232
12964069376
12964331520
12964593664
12964855808
12965117952
12965380096
12965642240
12965904384
12966166528
12966428672
12966690816
12966952960
12967215104
12967477248
12967739392
12968001536
12968263680
12968525824
12968787968
12969050112
12969312256
12969574400
12969836544
12970098688
12970360832
12970622976
12970885120
12971147264
12971409408
12971671552
12971933696
12972195840
12972457984
12972720128
12972982272
12973244416
12973506560
12973768704
12974030848
12974292992
12974555136
12974817280
12975079424
12975341568
12975603712
12975865856
12976128000
12976390144
12976652288
12976914432
12977176576
12977438720
12977700864
12977963008
12978225152
12978487296
12978749440
12979011584
12979273728
12979535872
12979798016
12980060160
12980322304
12980584448
12980846592
12981108736
12981370880
12981633024
12981895168
12982157312
12982419456
12982681600
12982943744
12983205888
12983468032
12983730176
12983992320
12984254464
12984516608
12984778752
12985040896
12985303040
12985565184
12985827328
12986089472
12986351616
12986613760
12986875904
12987138048
12987400192
12987662336
12987924480
12988186624
12988448768
12988710912
12988973056
12989235200
12989497344
12989759488
12990021632
12990283776
12990545920
12990808064
12991070208
12991332352
12991594496
12991856640
12992118784
12992380928
12992643072
12992905216
12993167360
12993429504
12993691648
12993953792
12994215936
12994478080
12994740224
12995002368
12995264512
12995526656
12995788800
12996050944
12996313088
12996575232
12996837376
12997099520
12997361664
12997623808
12997885952
12998148096
12998410240
12998672384
12998934528
12999196672
12999458816
12999720960
12999983104
13000245248
13000507392
13000769536
13001031680
13001293824
13001555968
13001818112
13002080256
13002342400
13002604544
13002866688
13003128832
13003390976
13003653120
13003915264
13004177408
13004439552
13004701696
13004963840
13005225984
13005488128
13005750272
13006012416
13006274560
13006536704
13006798848
13007060992
13007323136
13007585280
13007847424
13008109568
13008371712
13008633856
13008896000
13009158144
13009420288
13009682432
13009944576
13010206720
13010468864
13010731008
13010993152
13011255296
13011517440
13011779584
13012041728
13012303872
13012566016
13012828160
13013090304
13013352448
13013614592
13013876736
13014138880
13014401024
13014663168
13014925312
13015187456
13015449600
13015711744
13015973888
13016236032
13016498176
13016760320
13017022464
13017284608
13017546752
13017808896
13018071040
13018333184
13018595328
13018857472
13019119616
13019381760
13019643904
13019906048
13020168192
13020430336
13020692480
13020954624
13021216768
13021478912
13021741056
13022003200
13022265344
13022527488
13022789632
13023051776
13023313920
13023576064
13023838208
13024100352
13024362496
13024624640
13024886784
13025148928
13025411072
13025673216
13025935360
13026197504
13026459648
13026721792
13026983936
13027246080
13027508224
13027770368
13028032512
13028294656
13028556800
13028818944
13029081088
13029343232
13029605376
13029867520
13030129664
13030391808
13030653952
13030916096
13031178240
13031440384
13031702528
13031964672
13032226816
13032488960
13032751104
13033013248
13033275392
13033537536
13033799680
13034061824
13034323968
13034586112
13034848256
13035110400
13035372544
13035634688
13035896832
13036158976
13036421120
13036683264
13036945408
13037207552
13037469696
13037731840
13037993984
13038256128
13038518272
13038780416
13039042560
13039304704
13039566848
13039828992
13040091136
13040353280
13040615424
13040877568
13041139712
13041401856
13041664000
13041926144
13042188288
13042450432
13042712576
13042974720
13043236864
13043499008
13043761152
13044023296
13044285440
13044547584
13044809728
13045071872
13045334016
13045596160
13045858304
13046120448
13046382592
13046644736
13046906880
13047169024
13047431168
13047693312
13047955456
13048217600
13048479744
13048741888
13049004032
13049266176
13049528320
13049790464
13050052608
13050314752
13050576896
13050839040
13051101184
13051363328
13051625472
13051887616
13052149760
13052411904
13052674048
13052936192
13053198336
13053460480
13053722624
13053984768
13054246912
13054509056
13054771200
13055033344
13055295488
13055557632
13055819776
13056081920
13056344064
13056606208
13056868352
13057130496
13057392640
13057654784
13057916928
13058179072
13058441216
13058703360
13058965504
13059227648
13059489792
13059751936
13060014080
13060276224
13060538368
13060800512
13061062656
13061324800
13061586944
13061849088
13062111232
13062373376
13062635520
13062897664
13063159808
13063421952
13063684096
13063946240
13064208384
13064470528
13064732672
13064994816
13065256960
13065519104
13065781248
13066043392
13066305536
13066567680
13066829824
13067091968
13067354112
13067616256
13067878400
13068140544
13068402688
13068664832
13068926976
13069189120
13069451264
13069713408
13069975552
13070237696
13070499840
13070761984
13071024128
13071286272
13071548416
13071810560
13072072704
13072334848
13072596992
13072859136
13073121280
13073383424
13073645568
13073907712
13074169856
13074432000
13074694144
13074956288
13075218432
13075480576
13075742720
13076004864
13076267008
13076529152
13076791296
13077053440
13077315584
13077577728
13077839872
13078102016
13078364160
13078626304
13078888448
13079150592
13079412736
13079674880
13079937024
13080199168
13080461312
13080723456
13080985600
13081247744
13081509888
13081772032
13082034176
13082296320
13082558464
13082820608
13083082752
13083344896
13083607040
13083869184
13084131328
13084393472
13084655616
13084917760
13085179904
13085442048
13085704192
13085966336
13086228480
13086490624
13086752768
13087014912
13087277056
13087539200
13087801344
13088063488
13088325632
13088587776
13088849920
13089112064
13089374208
13089636352
13089898496
13090160640
13090422784
13090684928
13090947072
13091209216
13091471360
13091733504
13091995648
13092257792
13092519936
13092782080
13093044224
13093306368
13093568512
13093830656
13094092800
13094354944
13094617088
13094879232
13095141376
13095403520
13095665664
13095927808
13096189952
13096452096
13096714240
13096976384
13097238528
13097500672
13097762816
13098024960
13098287104
13098549248
13098811392
13099073536
13099335680
13099597824
13099859968
13100122112
13100384256
13100646400
13100908544
13101170688
13101432832
13101694976
13101957120
13102219264
13102481408
13102743552
13103005696
13103267840
13103529984
13103792128
13104054272
13104316416
13104578560
13104840704
13105102848
13105364992
13105627136
13105889280
13106151424
13106413568
13106675712
13106937856
13107200000
13107462144
13107724288
13107986432
13108248576
13108510720
13108772864
13109035008
13109297152
13109559296
13109821440
13110083584
13110345728
13110607872
13110870016
13111132160
13111394304
13111656448
13111918592
13112180736
13112442880
13112705024
13112967168
13113229312
13113491456
13113753600
13114015744
13114277888
13114540032
13114802176
13115064320
13115326464
13115588608
13115850752
13116112896
13116375040
13116637184
13116899328
13117161472
13117423616
13117685760
13117947904
13118210048
13118472192
13118734336
13118996480
13119258624
13119520768
13119782912
13120045056
13120307200
13120569344
13120831488
13121093632
13121355776
13121617920
13121880064
13122142208
13122404352
13122666496
13122928640
13123190784
13123452928
13123715072
13123977216
13124239360
13124501504
13124763648
13125025792
13125287936
13125550080
13125812224
13126074368
13126336512
13126598656
13126860800
13127122944
13127385088
13127647232
13127909376
13128171520
13128433664
13128695808
13128957952
13129220096
13129482240
13129744384
13130006528
13130268672
13130530816
13130792960
13131055104
13131317248
13131579392
13131841536
13132103680
13132365824
13132627968
13132890112
13133152256
13133414400
13133676544
13133938688
13134200832
13134462976
13134725120
13134987264
13135249408
13135511552
13135773696
13136035840
13136297984
13136560128
13136822272
13137084416
13137346560
13137608704
13137870848
13138132992
13138395136
13138657280
13138919424
13139181568
13139443712
13139705856
13139968000
13140230144
13140492288
13140754432
13141016576
13141278720
13141540864
13141803008
13142065152
13142327296
13142589440
13142851584
13143113728
13143375872
13143638016
13143900160
13144162304
13144424448
13144686592
13144948736
13145210880
13145473024
13145735168
13145997312
13146259456
13146521600
13146783744
13147045888
13147308032
13147570176
13147832320
13148094464
13148356608
13148618752
13148880896
13149143040
13149405184
13149667328
13149929472
13150191616
13150453760
13150715904
13150978048
13151240192
13151502336
13151764480
13152026624
13152288768
13152550912
13152813056
13153075200
13153337344
13153599488
13153861632
13154123776
13154385920
13154648064
13154910208
13155172352
13155434496
13155696640
13155958784
13156220928
13156483072
13156745216
13157007360
13157269504
13157531648
13157793792
13158055936
13158318080
13158580224
13158842368
13159104512
13159366656
13159628800
13159890944
13160153088
13160415232
13160677376
13160939520
13161201664
13161463808
13161725952
13161988096
13162250240
13162512384
13162774528
13163036672
13163298816
13163560960
13163823104
13164085248
13164347392
13164609536
13164871680
13165133824
13165395968
13165658112
13165920256
13166182400
13166444544
13166706688
13166968832
13167230976
13167493120
13167755264
13168017408
13168279552
13168541696
13168803840
13169065984
13169328128
13169590272
13169852416
13170114560
13170376704
13170638848
13170900992
13171163136
13171425280
13171687424
13171949568
13172211712
13172473856
13172736000
13172998144
13173260288
13173522432
13173784576
13174046720
13174308864
13174571008
13174833152
13175095296
13175357440
13175619584
13175881728
13176143872
13176406016
13176668160
13176930304
13177192448
13177454592
13177716736
13177978880
13178241024
13178503168
13178765312
13179027456
13179289600
13179551744
13179813888
13180076032
13180338176
13180600320
13180862464
13181124608
13181386752
13181648896
13181911040
13182173184
13182435328
13182697472
13182959616
13183221760
13183483904
13183746048
13184008192
13184270336
13184532480
13184794624
13185056768
13185318912
13185581056
13185843200
13186105344
13186367488
13186629632
13186891776
13187153920
13187416064
13187678208
13187940352
13188202496
13188464640
13188726784
13188988928
13189251072
13189513216
13189775360
13190037504
13190299648
13190561792
13190823936
13191086080
13191348224
13191610368
13191872512
13192134656
13192396800
13192658944
13192921088
13193183232
13193445376
13193707520
13193969664
13194231808
13194493952
13194756096
13195018240
13195280384
13195542528
13195804672
13196066816
13196328960
13196591104
13196853248
13197115392
13197377536
13197639680
13197901824
13198163968
13198426112
13198688256
13198950400
13199212544
13199474688
13199736832
13199998976
13200261120
13200523264
13200785408
13201047552
13201309696
13201571840
13201833984
13202096128
13202358272
13202620416
13202882560
13203144704
13203406848
13203668992
13203931136
13204193280
13204455424
13204717568
13204979712
13205241856
13205504000
13205766144
13206028288
13206290432
13206552576
13206814720
13207076864
13207339008
13207601152
13207863296
13208125440
13208387584
13208649728
13208911872
13209174016
13209436160
13209698304
13209960448
13210222592
13210484736
13210746880
13211009024
13211271168
13211533312
13211795456
13212057600
13212319744
13212581888
13212844032
13213106176
13213368320
13213630464
13213892608
13214154752
13214416896
13214679040
13214941184
13215203328
13215465472
13215727616
13215989760
13216251904
13216514048
13216776192
13217038336
13217300480
13217562624
13217824768
13218086912
13218349056
13218611200
13218873344
13219135488
13219397632
13219659776
13219921920
13220184064
13220446208
13220708352
13220970496
13221232640
13221494784
13221756928
13222019072
13222281216
13222543360
13222805504
13223067648
13223329792
13223591936
13223854080
13224116224
13224378368
13224640512
13224902656
13225164800
13225426944
13225689088
13225951232
13226213376
13226475520
13226737664
13226999808
13227261952
13227524096
13227786240
13228048384
13228310528
13228572672
13228834816
13229096960
13229359104
13229621248
13229883392
13230145536
13230407680
13230669824
13230931968
13231194112
13231456256
13231718400
13231980544
13232242688
13232504832
13232766976
13233029120
13233291264
13233553408
13233815552
13234077696
13234339840
13234601984
13234864128
13235126272
13235388416
13235650560
13235912704
13236174848
13236436992
13236699136
13236961280
13237223424
13237485568
13237747712
13238009856
13238272000
13238534144
13238796288
13239058432
13239320576
13239582720
13239844864
13240107008
13240369152
13240631296
13240893440
13241155584
13241417728
13241679872
13241942016
13242204160
13242466304
13242728448
13242990592
13243252736
13243514880
13243777024
13244039168
13244301312
13244563456
13244825600
13245087744
13245349888
13245612032
13245874176
13246136320
13246398464
13246660608
13246922752
13247184896
13247447040
13247709184
13247971328
13248233472
13248495616
13248757760
13249019904
13249282048
13249544192
13249806336
13250068480
13250330624
13250592768
13250854912
13251117056
13251379200
13251641344
13251903488
13252165632
13252427776
13252689920
13252952064
13253214208
13253476352
13253738496
13254000640
13254262784
13254524928
13254787072
13255049216
13255311360
13255573504
13255835648
13256097792
13256359936
13256622080
13256884224
13257146368
13257408512
13257670656
13257932800
13258194944
13258457088
13258719232
13258981376
13259243520
13259505664
13259767808
13260029952
13260292096
13260554240
13260816384
13261078528
13261340672
13261602816
13261864960
13262127104
13262389248
13262651392
13262913536
13263175680
13263437824
13263699968
13263962112
13264224256
13264486400
13264748544
13265010688
13265272832
13265534976
13265797120
13266059264
13266321408
13266583552
13266845696
13267107840
13267369984
13267632128
13267894272
13268156416
13268418560
13268680704
13268942848
13269204992
13269467136
13269729280
13269991424
13270253568
13270515712
13270777856
13271040000
13271302144
13271564288
13271826432
13272088576
13272350720
13272612864
13272875008
13273137152
13273399296
13273661440
13273923584
13274185728
13274447872
13274710016
13274972160
13275234304
13275496448
13275758592
13276020736
13276282880
13276545024
13276807168
13277069312
13277331456
13277593600
13277855744
13278117888
13278380032
13278642176
13278904320
13279166464
13279428608
13279690752
13279952896
13280215040
13280477184
13280739328
13281001472
13281263616
13281525760
13281787904
13282050048
13282312192
13282574336
13282836480
13283098624
13283360768
13283622912
13283885056
13284147200
13284409344
13284671488
13284933632
13285195776
13285457920
13285720064
13285982208
13286244352
13286506496
13286768640
13287030784
13287292928
13287555072
13287817216
13288079360
13288341504
13288603648
13288865792
13289127936
13289390080
13289652224
13289914368
13290176512
13290438656
13290700800
13290962944
13291225088
13291487232
13291749376
13292011520
13292273664
13292535808
13292797952
13293060096
13293322240
13293584384
13293846528
13294108672
13294370816
13294632960
13294895104
13295157248
13295419392
13295681536
13295943680
13296205824
13296467968
13296730112
13296992256
13297254400
13297516544
13297778688
13298040832
13298302976
13298565120
13298827264
13299089408
13299351552
13299613696
13299875840
13300137984
13300400128
13300662272
13300924416
13301186560
13301448704
13301710848
13301972992
13302235136
13302497280
13302759424
13303021568
13303283712
13303545856
13303808000
13304070144
13304332288
13304594432
13304856576
13305118720
13305380864
13305643008
13305905152
13306167296
13306429440
13306691584
13306953728
13307215872
13307478016
13307740160
13308002304
13308264448
13308526592
13308788736
13309050880
13309313024
13309575168
13309837312
13310099456
13310361600
13310623744
13310885888
13311148032
13311410176
13311672320
13311934464
13312196608
13312458752
13312720896
13312983040
13313245184
13313507328
13313769472
13314031616
13314293760
13314555904
13314818048
13315080192
13315342336
13315604480
13315866624
13316128768
13316390912
13316653056
13316915200
13317177344
13317439488
13317701632
13317963776
13318225920
13318488064
13318750208
13319012352
13319274496
13319536640
13319798784
13320060928
13320323072
13320585216
13320847360
13321109504
13321371648
13321633792
13321895936
13322158080
13322420224
13322682368
13322944512
13323206656
13323468800
13323730944
13323993088
13324255232
13324517376
13324779520
13325041664
13325303808
13325565952
13325828096
13326090240
13326352384
13326614528
13326876672
13327138816
13327400960
13327663104
13327925248
13328187392
13328449536
13328711680
13328973824
13329235968
13329498112
13329760256
13330022400
13330284544
13330546688
13330808832
13331070976
13331333120
13331595264
13331857408
13332119552
13332381696
13332643840
13332905984
13333168128
13333430272
13333692416
13333954560
13334216704
13334478848
13334740992
13335003136
13335265280
13335527424
13335789568
13336051712
13336313856
13336576000
13336838144
13337100288
13337362432
13337624576
13337886720
13338148864
13338411008
13338673152
13338935296
13339197440
13339459584
13339721728
13339983872
13340246016
13340508160
13340770304
13341032448
13341294592
13341556736
13341818880
13342081024
13342343168
13342605312
13342867456
13343129600
13343391744
13343653888
13343916032
13344178176
13344440320
13344702464
13344964608
13345226752
13345488896
13345751040
13346013184
13346275328
13346537472
13346799616
13347061760
13347323904
13347586048
13347848192
13348110336
13348372480
13348634624
13348896768
13349158912
13349421056
13349683200
13349945344
13350207488
13350469632
13350731776
13350993920
13351256064
13351518208
13351780352
13352042496
13352304640
13352566784
13352828928
13353091072
13353353216
13353615360
13353877504
13354139648
13354401792
13354663936
13354926080
13355188224
13355450368
13355712512
13355974656
13356236800
13356498944
13356761088
13357023232
13357285376
13357547520
13357809664
13358071808
13358333952
13358596096
13358858240
13359120384
13359382528
13359644672
13359906816
13360168960
13360431104
13360693248
13360955392
13361217536
13361479680
13361741824
13362003968
13362266112
13362528256
13362790400
13363052544
13363314688
13363576832
13363838976
13364101120
13364363264
13364625408
13364887552
13365149696
13365411840
13365673984
13365936128
13366198272
13366460416
13366722560
13366984704
13367246848
13367508992
13367771136
13368033280
13368295424
13368557568
13368819712
13369081856
13369344000
13369606144
13369868288
13370130432
13370392576
13370654720
13370916864
13371179008
13371441152
13371703296
13371965440
13372227584
13372489728
13372751872
13373014016
13373276160
13373538304
13373800448
13374062592
13374324736
13374586880
13374849024
13375111168
13375373312
13375635456
13375897600
13376159744
13376421888
13376684032
13376946176
13377208320
13377470464
13377732608
13377994752
13378256896
13378519040
13378781184
13379043328
13379305472
13379567616
13379829760
13380091904
13380354048
13380616192
13380878336
13381140480
13381402624
13381664768
13381926912
13382189056
13382451200
13382713344
13382975488
13383237632
13383499776
13383761920
13384024064
13384286208
13384548352
13384810496
13385072640
13385334784
13385596928
13385859072
13386121216
13386383360
13386645504
13386907648
13387169792
13387431936
13387694080
13387956224
13388218368
13388480512
13388742656
13389004800
13389266944
13389529088
13389791232
13390053376
13390315520
13390577664
13390839808
13391101952
13391364096
13391626240
13391888384
13392150528
13392412672
13392674816
13392936960
13393199104
13393461248
13393723392
13393985536
13394247680
13394509824
13394771968
13395034112
13395296256
13395558400
13395820544
13396082688
13396344832
13396606976
13396869120
13397131264
13397393408
13397655552
13397917696
13398179840
13398441984
13398704128
13398966272
13399228416
13399490560
13399752704
13400014848
13400276992
13400539136
13400801280
13401063424
13401325568
13401587712
13401849856
13402112000
13402374144
13402636288
13402898432
13403160576
13403422720
13403684864
13403947008
13404209152
13404471296
13404733440
13404995584
13405257728
13405519872
13405782016
13406044160
13406306304
13406568448
13406830592
13407092736
13407354880
13407617024
13407879168
13408141312
13408403456
13408665600
13408927744
13409189888
13409452032
13409714176
13409976320
13410238464
13410500608
13410762752
13411024896
13411287040
13411549184
13411811328
13412073472
13412335616
13412597760
13412859904
13413122048
13413384192
13413646336
13413908480
13414170624
13414432768
13414694912
13414957056
13415219200
13415481344
13415743488
13416005632
13416267776
13416529920
13416792064
13417054208
13417316352
13417578496
13417840640
13418102784
13418364928
13418627072
13418889216
13419151360
13419413504
13419675648
13419937792
13420199936
13420462080
13420724224
13420986368
13421248512
13421510656
13421772800
13422034944
13422297088
13422559232
13422821376
13423083520
13423345664
13423607808
13423869952
13424132096
13424394240
13424656384
13424918528
13425180672
13425442816
13425704960
13425967104
13426229248
13426491392
13426753536
13427015680
13427277824
13427539968
13427802112
13428064256
13428326400
13428588544
13428850688
13429112832
13429374976
13429637120
13429899264
13430161408
13430423552
13430685696
13430947840
13431209984
13431472128
13431734272
13431996416
13432258560
13432520704
13432782848
13433044992
13433307136
13433569280
13433831424
13434093568
13434355712
13434617856
13434880000
13435142144
13435404288
13435666432
13435928576
13436190720
13436452864
13436715008
13436977152
13437239296
13437501440
13437763584
13438025728
13438287872
13438550016
13438812160
13439074304
13439336448
13439598592
13439860736
13440122880
13440385024
13440647168
13440909312
13441171456
13441433600
13441695744
13441957888
13442220032
13442482176
13442744320
13443006464
13443268608
13443530752
13443792896
13444055040
13444317184
13444579328
13444841472
13445103616
13445365760
13445627904
13445890048
13446152192
13446414336
13446676480
13446938624
13447200768
13447462912
13447725056
13447987200
13448249344
13448511488
13448773632
13449035776
13449297920
13449560064
13449822208
13450084352
13450346496
13450608640
13450870784
13451132928
13451395072
13451657216
13451919360
13452181504
13452443648
13452705792
13452967936
13453230080
13453492224
13453754368
13454016512
13454278656
13454540800
13454802944
13455065088
13455327232
13455589376
13455851520
13456113664
13456375808
13456637952
13456900096
13457162240
13457424384
13457686528
13457948672
13458210816
13458472960
13458735104
13458997248
13459259392
13459521536
13459783680
13460045824
13460307968
13460570112
13460832256
13461094400
13461356544
13461618688
13461880832
13462142976
13462405120
13462667264
13462929408
13463191552
13463453696
13463715840
13463977984
13464240128
13464502272
13464764416
13465026560
13465288704
13465550848
13465812992
13466075136
13466337280
13466599424
13466861568
13467123712
13467385856
13467648000
13467910144
13468172288
13468434432
13468696576
13468958720
13469220864
13469483008
13469745152
13470007296
13470269440
13470531584
13470793728
13471055872
13471318016
13471580160
13471842304
13472104448
13472366592
13472628736
13472890880
13473153024
13473415168
13473677312
13473939456
13474201600
13474463744
13474725888
13474988032
13475250176
13475512320
13475774464
13476036608
13476298752
13476560896
13476823040
13477085184
13477347328
13477609472
13477871616
13478133760
13478395904
13478658048
13478920192
13479182336
13479444480
13479706624
13479968768
13480230912
13480493056
13480755200
13481017344
13481279488
13481541632
13481803776
13482065920
13482328064
13482590208
13482852352
13483114496
13483376640
13483638784
13483900928
13484163072
13484425216
13484687360
13484949504
13485211648
13485473792
13485735936
13485998080
13486260224
13486522368
13486784512
13487046656
13487308800
13487570944
13487833088
13488095232
13488357376
13488619520
13488881664
13489143808
13489405952
13489668096
13489930240
13490192384
13490454528
13490716672
13490978816
13491240960
13491503104
13491765248
13492027392
13492289536
13492551680
13492813824
13493075968
13493338112
13493600256
13493862400
13494124544
13494386688
13494648832
13494910976
13495173120
13495435264
13495697408
13495959552
13496221696
13496483840
13496745984
13497008128
13497270272
13497532416
13497794560
13498056704
13498318848
13498580992
13498843136
13499105280
13499367424
13499629568
13499891712
13500153856
13500416000
13500678144
13500940288
13501202432
13501464576
13501726720
13501988864
13502251008
13502513152
13502775296
13503037440
13503299584
13503561728
13503823872
13504086016
13504348160
13504610304
13504872448
13505134592
13505396736
13505658880
13505921024
13506183168
13506445312
13506707456
13506969600
13507231744
13507493888
13507756032
13508018176
13508280320
13508542464
13508804608
13509066752
13509328896
13509591040
13509853184
13510115328
13510377472
13510639616
13510901760
13511163904
13511426048
13511688192
13511950336
13512212480
13512474624
13512736768
13512998912
13513261056
13513523200
13513785344
13514047488
13514309632
13514571776
13514833920
13515096064
13515358208
13515620352
13515882496
13516144640
13516406784
13516668928
13516931072
13517193216
13517455360
13517717504
13517979648
13518241792
13518503936
13518766080
13519028224
13519290368
13519552512
13519814656
13520076800
13520338944
13520601088
13520863232
13521125376
13521387520
13521649664
13521911808
13522173952
13522436096
13522698240
13522960384
13523222528
13523484672
13523746816
13524008960
13524271104
13524533248
13524795392
13525057536
13525319680
13525581824
13525843968
13526106112
13526368256
13526630400
13526892544
13527154688
13527416832
13527678976
13527941120
13528203264
13528465408
13528727552
13528989696
13529251840
13529513984
13529776128
13530038272
13530300416
13530562560
13530824704
13531086848
13531348992
13531611136
13531873280
13532135424
13532397568
13532659712
13532921856
13533184000
13533446144
13533708288
13533970432
13534232576
13534494720
13534756864
13535019008
13535281152
13535543296
13535805440
13536067584
13536329728
13536591872
13536854016
13537116160
13537378304
13537640448
13537902592
13538164736
13538426880
13538689024
13538951168
13539213312
13539475456
13539737600
13539999744
13540261888
13540524032
13540786176
13541048320
13541310464
13541572608
13541834752
13542096896
13542359040
13542621184
13542883328
13543145472
13543407616
13543669760
13543931904
13544194048
13544456192
13544718336
13544980480
13545242624
13545504768
13545766912
13546029056
13546291200
13546553344
13546815488
13547077632
13547339776
13547601920
13547864064
13548126208
13548388352
13548650496
13548912640
13549174784
13549436928
13549699072
13549961216
13550223360
13550485504
13550747648
13551009792
13551271936
13551534080
13551796224
13552058368
13552320512
13552582656
13552844800
13553106944
13553369088
13553631232
13553893376
13554155520
13554417664
13554679808
13554941952
13555204096
13555466240
13555728384
13555990528
13556252672
13556514816
13556776960
13557039104
13557301248
13557563392
13557825536
13558087680
13558349824
13558611968
13558874112
13559136256
13559398400
13559660544
13559922688
13560184832
13560446976
13560709120
13560971264
13561233408
13561495552
13561757696
13562019840
13562281984
13562544128
13562806272
13563068416
13563330560
13563592704
13563854848
13564116992
13564379136
13564641280
13564903424
13565165568
13565427712
13565689856
13565952000
13566214144
13566476288
13566738432
13567000576
13567262720
13567524864
13567787008
13568049152
13568311296
13568573440
13568835584
13569097728
13569359872
13569622016
13569884160
13570146304
13570408448
13570670592
13570932736
13571194880
13571457024
13571719168
13571981312
13572243456
13572505600
13572767744
13573029888
13573292032
13573554176
13573816320
13574078464
13574340608
13574602752
13574864896
13575127040
13575389184
13575651328
13575913472
13576175616
13576437760
13576699904
13576962048
13577224192
13577486336
13577748480
13578010624
13578272768
13578534912
13578797056
13579059200
13579321344
13579583488
13579845632
13580107776
13580369920
13580632064
13580894208
13581156352
13581418496
13581680640
13581942784
13582204928
13582467072
13582729216
13582991360
13583253504
13583515648
13583777792
13584039936
13584302080
13584564224
13584826368
13585088512
13585350656
13585612800
13585874944
13586137088
13586399232
13586661376
13586923520
13587185664
13587447808
13587709952
13587972096
13588234240
13588496384
13588758528
13589020672
13589282816
13589544960
13589807104
13590069248
13590331392
13590593536
13590855680
13591117824
13591379968
13591642112
13591904256
13592166400
13592428544
13592690688
13592952832
13593214976
13593477120
13593739264
13594001408
13594263552
13594525696
13594787840
13595049984
13595312128
13595574272
13595836416
13596098560
13596360704
13596622848
13596884992
13597147136
13597409280
13597671424
13597933568
13598195712
13598457856
13598720000
13598982144
13599244288
13599506432
13599768576
13600030720
13600292864
13600555008
13600817152
13601079296
13601341440
13601603584
13601865728
13602127872
13602390016
13602652160
13602914304
13603176448
13603438592
13603700736
13603962880
13604225024
13604487168
13604749312
13605011456
13605273600
13605535744
13605797888
13606060032
13606322176
13606584320
13606846464
13607108608
13607370752
13607632896
13607895040
13608157184
13608419328
13608681472
13608943616
13609205760
13609467904
13609730048
13609992192
13610254336
13610516480
13610778624
13611040768
13611302912
13611565056
13611827200
13612089344
13612351488
13612613632
13612875776
13613137920
13613400064
13613662208
13613924352
13614186496
13614448640
13614710784
13614972928
13615235072
13615497216
13615759360
13616021504
13616283648
13616545792
13616807936
13617070080
13617332224
13617594368
13617856512
13618118656
13618380800
13618642944
13618905088
13619167232
13619429376
13619691520
13619953664
13620215808
13620477952
13620740096
13621002240
13621264384
13621526528
13621788672
13622050816
13622312960
13622575104
13622837248
13623099392
13623361536
13623623680
13623885824
13624147968
13624410112
13624672256
13624934400
13625196544
13625458688
13625720832
13625982976
13626245120
13626507264
13626769408
13627031552
13627293696
13627555840
13627817984
13628080128
13628342272
13628604416
13628866560
13629128704
13629390848
13629652992
13629915136
13630177280
13630439424
13630701568
13630963712
13631225856
13631488000
13631750144
13632012288
13632274432
13632536576
13632798720
13633060864
13633323008
13633585152
13633847296
13634109440
13634371584
13634633728
13634895872
13635158016
13635420160
13635682304
13635944448
13636206592
13636468736
13636730880
13636993024
13637255168
13637517312
13637779456
13638041600
13638303744
13638565888
13638828032
13639090176
13639352320
13639614464
13639876608
13640138752
13640400896
13640663040
13640925184
13641187328
13641449472
13641711616
13641973760
13642235904
13642498048
13642760192
13643022336
13643284480
13643546624
13643808768
13644070912
13644333056
13644595200
13644857344
13645119488
13645381632
13645643776
13645905920
13646168064
13646430208
13646692352
13646954496
13647216640
13647478784
13647740928
13648003072
13648265216
13648527360
13648789504
13649051648
13649313792
13649575936
13649838080
13650100224
13650362368
13650624512
13650886656
13651148800
13651410944
13651673088
13651935232
13652197376
13652459520
13652721664
13652983808
13653245952
13653508096
13653770240
13654032384
13654294528
13654556672
13654818816
13655080960
13655343104
13655605248
13655867392
13656129536
13656391680
13656653824
13656915968
13657178112
13657440256
13657702400
13657964544
13658226688
13658488832
13658750976
13659013120
13659275264
13659537408
13659799552
13660061696
13660323840
13660585984
13660848128
13661110272
13661372416
13661634560
13661896704
13662158848
13662420992
13662683136
13662945280
13663207424
13663469568
13663731712
13663993856
13664256000
13664518144
13664780288
13665042432
13665304576
13665566720
13665828864
13666091008
13666353152
13666615296
13666877440
13667139584
13667401728
13667663872
13667926016
13668188160
13668450304
13668712448
13668974592
13669236736
13669498880
13669761024
13670023168
13670285312
13670547456
13670809600
13671071744
13671333888
13671596032
13671858176
13672120320
13672382464
13672644608
13672906752
13673168896
13673431040
13673693184
13673955328
13674217472
13674479616
13674741760
13675003904
13675266048
13675528192
13675790336
13676052480
13676314624
13676576768
13676838912
13677101056
13677363200
13677625344
13677887488
13678149632
13678411776
13678673920
13678936064
13679198208
13679460352
13679722496
13679984640
13680246784
13680508928
13680771072
13681033216
13681295360
13681557504
13681819648
13682081792
13682343936
13682606080
13682868224
13683130368
13683392512
13683654656
13683916800
13684178944
13684441088
13684703232
13684965376
13685227520
13685489664
13685751808
13686013952
13686276096
13686538240
13686800384
13687062528
13687324672
13687586816
13687848960
13688111104
13688373248
13688635392
13688897536
13689159680
13689421824
13689683968
13689946112
13690208256
13690470400
13690732544
13690994688
13691256832
13691518976
13691781120
13692043264
13692305408
13692567552
13692829696
13693091840
13693353984
13693616128
13693878272
13694140416
13694402560
13694664704
13694926848
13695188992
13695451136
13695713280
13695975424
13696237568
13696499712
13696761856
13697024000
13697286144
13697548288
13697810432
13698072576
13698334720
13698596864
13698859008
13699121152
13699383296
13699645440
13699907584
13700169728
13700431872
13700694016
13700956160
13701218304
13701480448
13701742592
13702004736
13702266880
13702529024
13702791168
13703053312
13703315456
13703577600
13703839744
13704101888
13704364032
13704626176
13704888320
13705150464
13705412608
13705674752
13705936896
13706199040
13706461184
13706723328
13706985472
13707247616
13707509760
13707771904
13708034048
13708296192
13708558336
13708820480
13709082624
13709344768
13709606912
13709869056
13710131200
13710393344
13710655488
13710917632
13711179776
13711441920
13711704064
13711966208
13712228352
13712490496
13712752640
13713014784
13713276928
13713539072
13713801216
13714063360
13714325504
13714587648
13714849792
13715111936
13715374080
13715636224
13715898368
13716160512
13716422656
13716684800
13716946944
13717209088
13717471232
13717733376
13717995520
13718257664
13718519808
13718781952
13719044096
13719306240
13719568384
13719830528
13720092672
13720354816
13720616960
13720879104
13721141248
13721403392
13721665536
13721927680
13722189824
13722451968
13722714112
13722976256
13723238400
13723500544
13723762688
13724024832
13724286976
13724549120
13724811264
13725073408
13725335552
13725597696
13725859840
13726121984
13726384128
13726646272
13726908416
13727170560
13727432704
13727694848
13727956992
13728219136
13728481280
13728743424
13729005568
13729267712
13729529856
13729792000
13730054144
13730316288
13730578432
13730840576
13731102720
13731364864
13731627008
13731889152
13732151296
13732413440
13732675584
13732937728
13733199872
13733462016
13733724160
13733986304
13734248448
13734510592
13734772736
13735034880
13735297024
13735559168
13735821312
13736083456
13736345600
13736607744
13736869888
13737132032
13737394176
13737656320
13737918464
13738180608
13738442752
13738704896
13738967040
13739229184
13739491328
13739753472
13740015616
13740277760
13740539904
13740802048
13741064192
13741326336
13741588480
13741850624
13742112768
13742374912
13742637056
13742899200
13743161344
13743423488
13743685632
13743947776
13744209920
13744472064
13744734208
13744996352
13745258496
13745520640
13745782784
13746044928
13746307072
13746569216
13746831360
13747093504
13747355648
13747617792
13747879936
13748142080
13748404224
13748666368
13748928512
13749190656
13749452800
13749714944
13749977088
13750239232
13750501376
13750763520
13751025664
13751287808
13751549952
13751812096
13752074240
13752336384
13752598528
13752860672
13753122816
13753384960
13753647104
13753909248
13754171392
13754433536
13754695680
13754957824
13755219968
13755482112
13755744256
13756006400
13756268544
13756530688
13756792832
13757054976
13757317120
13757579264
13757841408
13758103552
13758365696
13758627840
13758889984
13759152128
13759414272
13759676416
13759938560
13760200704
13760462848
13760724992
13760987136
13761249280
13761511424
13761773568
13762035712
13762297856
13762560000
13762822144
13763084288
13763346432
13763608576
13763870720
13764132864
13764395008
13764657152
13764919296
13765181440
13765443584
13765705728
13765967872
13766230016
13766492160
13766754304
13767016448
13767278592
13767540736
13767802880
13768065024
13768327168
13768589312
13768851456
13769113600
13769375744
13769637888
13769900032
13770162176
13770424320
13770686464
13770948608
13771210752
13771472896
13771735040
13771997184
13772259328
13772521472
13772783616
13773045760
13773307904
13773570048
13773832192
13774094336
13774356480
13774618624
13774880768
13775142912
13775405056
13775667200
13775929344
13776191488
13776453632
13776715776
13776977920
13777240064
13777502208
13777764352
13778026496
13778288640
13778550784
13778812928
13779075072
13779337216
13779599360
13779861504
13780123648
13780385792
13780647936
13780910080
13781172224
13781434368
13781696512
13781958656
13782220800
13782482944
13782745088
13783007232
13783269376
13783531520
13783793664
13784055808
13784317952
13784580096
13784842240
13785104384
13785366528
13785628672
13785890816
13786152960
13786415104
13786677248
13786939392
13787201536
13787463680
13787725824
13787987968
13788250112
13788512256
13788774400
13789036544
13789298688
13789560832
13789822976
13790085120
13790347264
13790609408
13790871552
13791133696
13791395840
13791657984
13791920128
13792182272
13792444416
13792706560
13792968704
13793230848
13793492992
13793755136
13794017280
13794279424
13794541568
13794803712
13795065856
13795328000
13795590144
13795852288
13796114432
13796376576
13796638720
13796900864
13797163008
13797425152
13797687296
13797949440
13798211584
13798473728
13798735872
13798998016
13799260160
13799522304
13799784448
13800046592
13800308736
13800570880
13800833024
13801095168
13801357312
13801619456
13801881600
13802143744
13802405888
13802668032
13802930176
13803192320
13803454464
13803716608
13803978752
13804240896
13804503040
13804765184
13805027328
13805289472
13805551616
13805813760
13806075904
13806338048
13806600192
13806862336
13807124480
13807386624
13807648768
13807910912
13808173056
13808435200
13808697344
13808959488
13809221632
13809483776
13809745920
13810008064
13810270208
13810532352
13810794496
13811056640
13811318784
13811580928
13811843072
13812105216
13812367360
13812629504
13812891648
13813153792
13813415936
13813678080
13813940224
13814202368
13814464512
13814726656
13814988800
13815250944
13815513088
13815775232
13816037376
13816299520
13816561664
13816823808
13817085952
13817348096
13817610240
13817872384
13818134528
13818396672
13818658816
13818920960
13819183104
13819445248
13819707392
13819969536
13820231680
13820493824
13820755968
13821018112
13821280256
13821542400
13821804544
13822066688
13822328832
13822590976
13822853120
13823115264
13823377408
13823639552
13823901696
13824163840
13824425984
13824688128
13824950272
13825212416
13825474560
13825736704
13825998848
13826260992
13826523136
13826785280
13827047424
13827309568
13827571712
13827833856
13828096000
13828358144
13828620288
13828882432
13829144576
13829406720
13829668864
13829931008
13830193152
13830455296
13830717440
13830979584
13831241728
13831503872
13831766016
13832028160
13832290304
13832552448
13832814592
13833076736
13833338880
13833601024
13833863168
13834125312
13834387456
13834649600
13834911744
13835173888
13835436032
13835698176
13835960320
13836222464
13836484608
13836746752
13837008896
13837271040
13837533184
13837795328
13838057472
13838319616
13838581760
13838843904
13839106048
13839368192
13839630336
13839892480
13840154624
13840416768
13840678912
13840941056
13841203200
13841465344
13841727488
13841989632
13842251776
13842513920
13842776064
13843038208
13843300352
13843562496
13843824640
13844086784
13844348928
13844611072
13844873216
13845135360
13845397504
13845659648
13845921792
13846183936
13846446080
13846708224
13846970368
13847232512
13847494656
13847756800
13848018944
13848281088
13848543232
13848805376
13849067520
13849329664
13849591808
13849853952
13850116096
13850378240
13850640384
13850902528
13851164672
13851426816
13851688960
13851951104
13852213248
13852475392
13852737536
13852999680
13853261824
13853523968
13853786112
13854048256
13854310400
13854572544
13854834688
13855096832
13855358976
13855621120
13855883264
13856145408
13856407552
13856669696
13856931840
13857193984
13857456128
13857718272
13857980416
13858242560
13858504704
13858766848
13859028992
13859291136
13859553280
13859815424
13860077568
13860339712
13860601856
13860864000
13861126144
13861388288
13861650432
13861912576
13862174720
13862436864
13862699008
13862961152
13863223296
13863485440
13863747584
13864009728
13864271872
13864534016
13864796160
13865058304
13865320448
13865582592
13865844736
13866106880
13866369024
13866631168
13866893312
13867155456
13867417600
13867679744
13867941888
13868204032
13868466176
13868728320
13868990464
13869252608
13869514752
13869776896
13870039040
13870301184
13870563328
13870825472
13871087616
13871349760
13871611904
13871874048
13872136192
13872398336
13872660480
13872922624
13873184768
13873446912
13873709056
13873971200
13874233344
13874495488
13874757632
13875019776
13875281920
13875544064
13875806208
13876068352
13876330496
13876592640
13876854784
13877116928
13877379072
13877641216
13877903360
13878165504
13878427648
13878689792
13878951936
13879214080
13879476224
13879738368
13880000512
13880262656
13880524800
13880786944
13881049088
13881311232
13881573376
13881835520
13882097664
13882359808
13882621952
13882884096
13883146240
13883408384
13883670528
13883932672
13884194816
13884456960
13884719104
13884981248
13885243392
13885505536
13885767680
13886029824
13886291968
13886554112
13886816256
13887078400
13887340544
13887602688
13887864832
13888126976
13888389120
13888651264
13888913408
13889175552
13889437696
13889699840
13889961984
13890224128
13890486272
13890748416
13891010560
13891272704
13891534848
13891796992
13892059136
13892321280
13892583424
13892845568
13893107712
13893369856
13893632000
13893894144
13894156288
13894418432
13894680576
13894942720
13895204864
13895467008
13895729152
13895991296
13896253440
13896515584
13896777728
13897039872
13897302016
13897564160
13897826304
13898088448
13898350592
13898612736
13898874880
13899137024
13899399168
13899661312
13899923456
13900185600
13900447744
13900709888
13900972032
13901234176
13901496320
13901758464
13902020608
13902282752
13902544896
13902807040
13903069184
13903331328
13903593472
13903855616
13904117760
13904379904
13904642048
13904904192
13905166336
13905428480
13905690624
13905952768
13906214912
13906477056
13906739200
13907001344
13907263488
13907525632
13907787776
13908049920
13908312064
13908574208
13908836352
13909098496
13909360640
13909622784
13909884928
13910147072
13910409216
13910671360
13910933504
13911195648
13911457792
13911719936
13911982080
13912244224
13912506368
13912768512
13913030656
13913292800
13913554944
13913817088
13914079232
13914341376
13914603520
13914865664
13915127808
13915389952
13915652096
13915914240
13916176384
13916438528
13916700672
13916962816
13917224960
13917487104
13917749248
13918011392
13918273536
13918535680
13918797824
13919059968
13919322112
13919584256
13919846400
13920108544
13920370688
13920632832
13920894976
13921157120
13921419264
13921681408
13921943552
13922205696
13922467840
13922729984
13922992128
13923254272
13923516416
13923778560
13924040704
13924302848
13924564992
13924827136
13925089280
13925351424
13925613568
13925875712
13926137856
13926400000
13926662144
13926924288
13927186432
13927448576
13927710720
13927972864
13928235008
13928497152
13928759296
13929021440
13929283584
13929545728
13929807872
13930070016
13930332160
13930594304
13930856448
13931118592
13931380736
13931642880
13931905024
13932167168
13932429312
13932691456
13932953600
13933215744
13933477888
13933740032
13934002176
13934264320
13934526464
13934788608
13935050752
13935312896
13935575040
13935837184
13936099328
13936361472
13936623616
13936885760
13937147904
13937410048
13937672192
13937934336
13938196480
13938458624
13938720768
13938982912
13939245056
13939507200
13939769344
13940031488
13940293632
13940555776
13940817920
13941080064
13941342208
13941604352
13941866496
13942128640
13942390784
13942652928
13942915072
13943177216
13943439360
13943701504
13943963648
13944225792
13944487936
13944750080
13945012224
13945274368
13945536512
13945798656
13946060800
13946322944
13946585088
13946847232
13947109376
13947371520
13947633664
13947895808
13948157952
13948420096
13948682240
13948944384
13949206528
13949468672
13949730816
13949992960
13950255104
13950517248
13950779392
13951041536
13951303680
13951565824
13951827968
13952090112
13952352256
13952614400
13952876544
13953138688
13953400832
13953662976
13953925120
13954187264
13954449408
13954711552
13954973696
13955235840
13955497984
13955760128
13956022272
13956284416
13956546560
13956808704
13957070848
13957332992
13957595136
13957857280
13958119424
13958381568
13958643712
13958905856
13959168000
13959430144
13959692288
13959954432
13960216576
13960478720
13960740864
13961003008
13961265152
13961527296
13961789440
13962051584
13962313728
13962575872
13962838016
13963100160
13963362304
13963624448
13963886592
13964148736
13964410880
13964673024
13964935168
13965197312
13965459456
13965721600
13965983744
13966245888
13966508032
13966770176
13967032320
13967294464
13967556608
13967818752
13968080896
13968343040
13968605184
13968867328
13969129472
13969391616
13969653760
13969915904
13970178048
13970440192
13970702336
13970964480
13971226624
13971488768
13971750912
13972013056
13972275200
13972537344
13972799488
13973061632
13973323776
13973585920
13973848064
13974110208
13974372352
13974634496
13974896640
13975158784
13975420928
13975683072
13975945216
13976207360
13976469504
13976731648
13976993792
13977255936
13977518080
13977780224
13978042368
13978304512
13978566656
13978828800
13979090944
13979353088
13979615232
13979877376
13980139520
13980401664
13980663808
13980925952
13981188096
13981450240
13981712384
13981974528
13982236672
13982498816
13982760960
13983023104
13983285248
13983547392
13983809536
13984071680
13984333824
13984595968
13984858112
13985120256
13985382400
13985644544
13985906688
13986168832
13986430976
13986693120
13986955264
13987217408
13987479552
13987741696
13988003840
13988265984
13988528128
13988790272
13989052416
13989314560
13989576704
13989838848
13990100992
13990363136
13990625280
13990887424
13991149568
13991411712
13991673856
13991936000
13992198144
13992460288
13992722432
13992984576
13993246720
13993508864
13993771008
13994033152
13994295296
13994557440
13994819584
13995081728
13995343872
13995606016
13995868160
13996130304
13996392448
13996654592
13996916736
13997178880
13997441024
13997703168
13997965312
13998227456
13998489600
13998751744
13999013888
13999276032
13999538176
13999800320
14000062464
14000324608
14000586752
14000848896
14001111040
14001373184
14001635328
14001897472
14002159616
14002421760
14002683904
14002946048
14003208192
14003470336
14003732480
14003994624
14004256768
14004518912
14004781056
14005043200
14005305344
14005567488
14005829632
14006091776
14006353920
14006616064
14006878208
14007140352
14007402496
14007664640
14007926784
14008188928
14008451072
14008713216
14008975360
14009237504
14009499648
14009761792
14010023936
14010286080
14010548224
14010810368
14011072512
14011334656
14011596800
14011858944
14012121088
14012383232
14012645376
14012907520
14013169664
14013431808
14013693952
14013956096
14014218240
14014480384
14014742528
14015004672
14015266816
14015528960
14015791104
14016053248
14016315392
14016577536
14016839680
14017101824
14017363968
14017626112
14017888256
14018150400
14018412544
14018674688
14018936832
14019198976
14019461120
14019723264
14019985408
14020247552
14020509696
14020771840
14021033984
14021296128
14021558272
14021820416
14022082560
14022344704
14022606848
14022868992
14023131136
14023393280
14023655424
14023917568
14024179712
14024441856
14024704000
14024966144
14025228288
14025490432
14025752576
14026014720
14026276864
14026539008
14026801152
14027063296
14027325440
14027587584
14027849728
14028111872
14028374016
14028636160
14028898304
14029160448
14029422592
14029684736
14029946880
14030209024
14030471168
14030733312
14030995456
14031257600
14031519744
14031781888
14032044032
14032306176
14032568320
14032830464
14033092608
14033354752
14033616896
14033879040
14034141184
14034403328
14034665472
14034927616
14035189760
14035451904
14035714048
14035976192
14036238336
14036500480
14036762624
14037024768
14037286912
14037549056
14037811200
14038073344
14038335488
14038597632
14038859776
14039121920
14039384064
14039646208
14039908352
14040170496
14040432640
14040694784
14040956928
14041219072
14041481216
14041743360
14042005504
14042267648
14042529792
14042791936
14043054080
14043316224
14043578368
14043840512
14044102656
14044364800
14044626944
14044889088
14045151232
14045413376
14045675520
14045937664
14046199808
14046461952
14046724096
14046986240
14047248384
14047510528
14047772672
14048034816
14048296960
14048559104
14048821248
14049083392
14049345536
14049607680
14049869824
14050131968
14050394112
14050656256
14050918400
14051180544
14051442688
14051704832
14051966976
14052229120
14052491264
14052753408
14053015552
14053277696
14053539840
14053801984
14054064128
14054326272
14054588416
14054850560
14055112704
14055374848
14055636992
14055899136
14056161280
14056423424
14056685568
14056947712
14057209856
14057472000
14057734144
14057996288
14058258432
14058520576
14058782720
14059044864
14059307008
14059569152
14059831296
14060093440
14060355584
14060617728
14060879872
14061142016
14061404160
14061666304
14061928448
14062190592
14062452736
14062714880
14062977024
14063239168
14063501312
14063763456
14064025600
14064287744
14064549888
14064812032
14065074176
14065336320
14065598464
14065860608
14066122752
14066384896
14066647040
14066909184
14067171328
14067433472
14067695616
14067957760
14068219904
14068482048
14068744192
14069006336
14069268480
14069530624
14069792768
14070054912
14070317056
14070579200
14070841344
14071103488
14071365632
14071627776
14071889920
14072152064
14072414208
14072676352
14072938496
14073200640
14073462784
14073724928
14073987072
14074249216
14074511360
14074773504
14075035648
14075297792
14075559936
14075822080
14076084224
14076346368
14076608512
14076870656
14077132800
14077394944
14077657088
14077919232
14078181376
14078443520
14078705664
14078967808
14079229952
14079492096
14079754240
14080016384
14080278528
14080540672
14080802816
14081064960
14081327104
14081589248
14081851392
14082113536
14082375680
14082637824
14082899968
14083162112
14083424256
14083686400
14083948544
14084210688
14084472832
14084734976
14084997120
14085259264
14085521408
14085783552
14086045696
14086307840
14086569984
14086832128
14087094272
14087356416
14087618560
14087880704
14088142848
14088404992
14088667136
14088929280
14089191424
14089453568
14089715712
14089977856
14090240000
14090502144
14090764288
14091026432
14091288576
14091550720
14091812864
14092075008
14092337152
14092599296
14092861440
14093123584
14093385728
14093647872
14093910016
14094172160
14094434304
14094696448
14094958592
14095220736
14095482880
14095745024
14096007168
14096269312
14096531456
14096793600
14097055744
14097317888
14097580032
14097842176
14098104320
14098366464
14098628608
14098890752
14099152896
14099415040
14099677184
14099939328
14100201472
14100463616
14100725760
14100987904
14101250048
14101512192
14101774336
14102036480
14102298624
14102560768
14102822912
14103085056
14103347200
14103609344
14103871488
14104133632
14104395776
14104657920
14104920064
14105182208
14105444352
14105706496
14105968640
14106230784
14106492928
14106755072
14107017216
14107279360
14107541504
14107803648
14108065792
14108327936
14108590080
14108852224
14109114368
14109376512
14109638656
14109900800
14110162944
14110425088
14110687232
14110949376
14111211520
14111473664
14111735808
14111997952
14112260096
14112522240
14112784384
14113046528
14113308672
14113570816
14113832960
14114095104
14114357248
14114619392
14114881536
14115143680
14115405824
14115667968
14115930112
14116192256
14116454400
14116716544
14116978688
14117240832
14117502976
14117765120
14118027264
14118289408
14118551552
14118813696
14119075840
14119337984
14119600128
14119862272
14120124416
14120386560
14120648704
14120910848
14121172992
14121435136
14121697280
14121959424
14122221568
14122483712
14122745856
14123008000
14123270144
14123532288
14123794432
14124056576
14124318720
14124580864
14124843008
14125105152
14125367296
14125629440
14125891584
14126153728
14126415872
14126678016
14126940160
14127202304
14127464448
14127726592
14127988736
14128250880
14128513024
14128775168
14129037312
14129299456
14129561600
14129823744
14130085888
14130348032
14130610176
14130872320
14131134464
14131396608
14131658752
14131920896
14132183040
14132445184
14132707328
14132969472
14133231616
14133493760
14133755904
14134018048
14134280192
14134542336
14134804480
14135066624
14135328768
14135590912
14135853056
14136115200
14136377344
14136639488
14136901632
14137163776
14137425920
14137688064
14137950208
14138212352
14138474496
14138736640
14138998784
14139260928
14139523072
14139785216
14140047360
14140309504
14140571648
14140833792
14141095936
14141358080
14141620224
14141882368
14142144512
14142406656
14142668800
14142930944
14143193088
14143455232
14143717376
14143979520
14144241664
14144503808
14144765952
14145028096
14145290240
14145552384
14145814528
14146076672
14146338816
14146600960
14146863104
14147125248
14147387392
14147649536
14147911680
14148173824
14148435968
14148698112
14148960256
14149222400
14149484544
14149746688
14150008832
14150270976
14150533120
14150795264
14151057408
14151319552
14151581696
14151843840
14152105984
14152368128
14152630272
14152892416
14153154560
14153416704
14153678848
14153940992
14154203136
14154465280
14154727424
14154989568
14155251712
14155513856
14155776000
14156038144
14156300288
14156562432
14156824576
14157086720
14157348864
14157611008
14157873152
14158135296
14158397440
14158659584
14158921728
14159183872
14159446016
14159708160
14159970304
14160232448
14160494592
14160756736
14161018880
14161281024
14161543168
14161805312
14162067456
14162329600
14162591744
14162853888
14163116032
14163378176
14163640320
14163902464
14164164608
14164426752
14164688896
14164951040
14165213184
14165475328
14165737472
14165999616
14166261760
14166523904
14166786048
14167048192
14167310336
14167572480
14167834624
14168096768
14168358912
14168621056
14168883200
14169145344
14169407488
14169669632
14169931776
14170193920
14170456064
14170718208
14170980352
14171242496
14171504640
14171766784
14172028928
14172291072
14172553216
14172815360
14173077504
14173339648
14173601792
14173863936
14174126080
14174388224
14174650368
14174912512
14175174656
14175436800
14175698944
14175961088
14176223232
14176485376
14176747520
14177009664
14177271808
14177533952
14177796096
14178058240
14178320384
14178582528
14178844672
14179106816
14179368960
14179631104
14179893248
14180155392
14180417536
14180679680
14180941824
14181203968
14181466112
14181728256
14181990400
14182252544
14182514688
14182776832
14183038976
14183301120
14183563264
14183825408
14184087552
14184349696
14184611840
14184873984
14185136128
14185398272
14185660416
14185922560
14186184704
14186446848
14186708992
14186971136
14187233280
14187495424
14187757568
14188019712
14188281856
14188544000
14188806144
14189068288
14189330432
14189592576
14189854720
14190116864
14190379008
14190641152
14190903296
14191165440
14191427584
14191689728
14191951872
14192214016
14192476160
14192738304
14193000448
14193262592
14193524736
14193786880
14194049024
14194311168
14194573312
14194835456
14195097600
14195359744
14195621888
14195884032
14196146176
14196408320
14196670464
14196932608
14197194752
14197456896
14197719040
14197981184
14198243328
14198505472
14198767616
14199029760
14199291904
14199554048
14199816192
14200078336
14200340480
14200602624
14200864768
14201126912
14201389056
14201651200
14201913344
14202175488
14202437632
14202699776
14202961920
14203224064
14203486208
14203748352
14204010496
14204272640
14204534784
14204796928
14205059072
14205321216
14205583360
14205845504
14206107648
14206369792
14206631936
14206894080
14207156224
14207418368
14207680512
14207942656
14208204800
14208466944
14208729088
14208991232
14209253376
14209515520
14209777664
14210039808
14210301952
14210564096
14210826240
14211088384
14211350528
14211612672
14211874816
14212136960
14212399104
14212661248
14212923392
14213185536
14213447680
14213709824
14213971968
14214234112
14214496256
14214758400
14215020544
14215282688
14215544832
14215806976
14216069120
14216331264
14216593408
14216855552
14217117696
14217379840
14217641984
14217904128
14218166272
14218428416
14218690560
14218952704
14219214848
14219476992
14219739136
14220001280
14220263424
14220525568
14220787712
14221049856
14221312000
14221574144
14221836288
14222098432
14222360576
14222622720
14222884864
14223147008
14223409152
14223671296
14223933440
14224195584
14224457728
14224719872
14224982016
14225244160
14225506304
14225768448
14226030592
14226292736
14226554880
14226817024
14227079168
14227341312
14227603456
14227865600
14228127744
14228389888
14228652032
14228914176
14229176320
14229438464
14229700608
14229962752
14230224896
14230487040
14230749184
14231011328
14231273472
14231535616
14231797760
14232059904
14232322048
14232584192
14232846336
14233108480
14233370624
14233632768
14233894912
14234157056
14234419200
14234681344
14234943488
14235205632
14235467776
14235729920
14235992064
14236254208
14236516352
14236778496
14237040640
14237302784
14237564928
14237827072
14238089216
14238351360
14238613504
14238875648
14239137792
14239399936
14239662080
14239924224
14240186368
14240448512
14240710656
14240972800
14241234944
14241497088
14241759232
14242021376
14242283520
14242545664
14242807808
14243069952
14243332096
14243594240
14243856384
14244118528
14244380672
14244642816
14244904960
14245167104
14245429248
14245691392
14245953536
14246215680
14246477824
14246739968
14247002112
14247264256
14247526400
14247788544
14248050688
14248312832
14248574976
14248837120
14249099264
14249361408
14249623552
14249885696
14250147840
14250409984
14250672128
14250934272
14251196416
14251458560
14251720704
14251982848
14252244992
14252507136
14252769280
14253031424
14253293568
14253555712
14253817856
14254080000
14254342144
14254604288
14254866432
14255128576
14255390720
14255652864
14255915008
14256177152
14256439296
14256701440
14256963584
14257225728
14257487872
14257750016
14258012160
14258274304
14258536448
14258798592
14259060736
14259322880
14259585024
14259847168
14260109312
14260371456
14260633600
14260895744
14261157888
14261420032
14261682176
14261944320
14262206464
14262468608
14262730752
14262992896
14263255040
14263517184
14263779328
14264041472
14264303616
14264565760
14264827904
14265090048
14265352192
14265614336
14265876480
14266138624
14266400768
14266662912
14266925056
14267187200
14267449344
14267711488
14267973632
14268235776
14268497920
14268760064
14269022208
14269284352
14269546496
14269808640
14270070784
14270332928
14270595072
14270857216
14271119360
14271381504
14271643648
14271905792
14272167936
14272430080
14272692224
14272954368
14273216512
14273478656
14273740800
14274002944
14274265088
14274527232
14274789376
14275051520
14275313664
14275575808
14275837952
14276100096
14276362240
14276624384
14276886528
14277148672
14277410816
14277672960
14277935104
14278197248
14278459392
14278721536
14278983680
14279245824
14279507968
14279770112
14280032256
14280294400
14280556544
14280818688
14281080832
14281342976
14281605120
14281867264
14282129408
14282391552
14282653696
14282915840
14283177984
14283440128
14283702272
14283964416
14284226560
14284488704
14284750848
14285012992
14285275136
14285537280
14285799424
14286061568
14286323712
14286585856
14286848000
14287110144
14287372288
14287634432
14287896576
14288158720
14288420864
14288683008
14288945152
14289207296
14289469440
14289731584
14289993728
14290255872
14290518016
14290780160
14291042304
14291304448
14291566592
14291828736
14292090880
14292353024
14292615168
14292877312
14293139456
14293401600
14293663744
14293925888
14294188032
14294450176
14294712320
14294974464
14295236608
14295498752
14295760896
14296023040
14296285184
14296547328
14296809472
14297071616
14297333760
14297595904
14297858048
14298120192
14298382336
14298644480
14298906624
14299168768
14299430912
14299693056
14299955200
14300217344
14300479488
14300741632
14301003776
14301265920
14301528064
14301790208
14302052352
14302314496
14302576640
14302838784
14303100928
14303363072
14303625216
14303887360
14304149504
14304411648
14304673792
14304935936
14305198080
14305460224
14305722368
14305984512
14306246656
14306508800
14306770944
14307033088
14307295232
14307557376
14307819520
14308081664
14308343808
14308605952
14308868096
14309130240
14309392384
14309654528
14309916672
14310178816
14310440960
14310703104
14310965248
14311227392
14311489536
14311751680
14312013824
14312275968
14312538112
14312800256
14313062400
14313324544
14313586688
14313848832
14314110976
14314373120
14314635264
14314897408
14315159552
14315421696
14315683840
14315945984
14316208128
14316470272
14316732416
14316994560
14317256704
14317518848
14317780992
14318043136
14318305280
14318567424
14318829568
14319091712
14319353856
14319616000
14319878144
14320140288
14320402432
14320664576
14320926720
14321188864
14321451008
14321713152
14321975296
14322237440
14322499584
14322761728
14323023872
14323286016
14323548160
14323810304
14324072448
14324334592
14324596736
14324858880
14325121024
14325383168
14325645312
14325907456
14326169600
14326431744
14326693888
14326956032
14327218176
14327480320
14327742464
14328004608
14328266752
14328528896
14328791040
14329053184
14329315328
14329577472
14329839616
14330101760
14330363904
14330626048
14330888192
14331150336
14331412480
14331674624
14331936768
14332198912
14332461056
14332723200
14332985344
14333247488
14333509632
14333771776
14334033920
14334296064
14334558208
14334820352
14335082496
14335344640
14335606784
14335868928
14336131072
14336393216
14336655360
14336917504
14337179648
14337441792
14337703936
14337966080
14338228224
14338490368
14338752512
14339014656
14339276800
14339538944
14339801088
14340063232
14340325376
14340587520
14340849664
14341111808
14341373952
14341636096
14341898240
14342160384
14342422528
14342684672
14342946816
14343208960
14343471104
14343733248
14343995392
14344257536
14344519680
14344781824
14345043968
14345306112
14345568256
14345830400
14346092544
14346354688
14346616832
14346878976
14347141120
14347403264
14347665408
14347927552
14348189696
14348451840
14348713984
14348976128
14349238272
14349500416
14349762560
14350024704
14350286848
14350548992
14350811136
14351073280
14351335424
14351597568
14351859712
14352121856
14352384000
14352646144
14352908288
14353170432
14353432576
14353694720
14353956864
14354219008
14354481152
14354743296
14355005440
14355267584
14355529728
14355791872
14356054016
14356316160
14356578304
14356840448
14357102592
14357364736
14357626880
14357889024
14358151168
14358413312
14358675456
14358937600
14359199744
14359461888
14359724032
14359986176
14360248320
14360510464
14360772608
14361034752
14361296896
14361559040
14361821184
14362083328
14362345472
14362607616
14362869760
14363131904
14363394048
14363656192
14363918336
14364180480
14364442624
14364704768
14364966912
14365229056
14365491200
14365753344
14366015488
14366277632
14366539776
14366801920
14367064064
14367326208
14367588352
14367850496
14368112640
14368374784
14368636928
14368899072
14369161216
14369423360
14369685504
14369947648
14370209792
14370471936
14370734080
14370996224
14371258368
14371520512
14371782656
14372044800
14372306944
14372569088
14372831232
14373093376
14373355520
14373617664
14373879808
14374141952
14374404096
14374666240
14374928384
14375190528
14375452672
14375714816
14375976960
14376239104
14376501248
14376763392
14377025536
14377287680
14377549824
14377811968
14378074112
14378336256
14378598400
14378860544
14379122688
14379384832
14379646976
14379909120
14380171264
14380433408
14380695552
14380957696
14381219840
14381481984
14381744128
14382006272
14382268416
14382530560
14382792704
14383054848
14383316992
14383579136
14383841280
14384103424
14384365568
14384627712
14384889856
14385152000
14385414144
14385676288
14385938432
14386200576
14386462720
14386724864
14386987008
14387249152
14387511296
14387773440
14388035584
14388297728
14388559872
14388822016
14389084160
14389346304
14389608448
14389870592
14390132736
14390394880
14390657024
14390919168
14391181312
14391443456
14391705600
14391967744
14392229888
14392492032
14392754176
14393016320
14393278464
14393540608
14393802752
14394064896
14394327040
14394589184
14394851328
14395113472
14395375616
14395637760
14395899904
14396162048
14396424192
14396686336
14396948480
14397210624
14397472768
14397734912
14397997056
14398259200
14398521344
14398783488
14399045632
14399307776
14399569920
14399832064
14400094208
14400356352
14400618496
14400880640
14401142784
14401404928
14401667072
14401929216
14402191360
14402453504
14402715648
14402977792
14403239936
14403502080
14403764224
14404026368
14404288512
14404550656
14404812800
14405074944
14405337088
14405599232
14405861376
14406123520
14406385664
14406647808
14406909952
14407172096
14407434240
14407696384
14407958528
14408220672
14408482816
14408744960
14409007104
14409269248
14409531392
14409793536
14410055680
14410317824
14410579968
14410842112
14411104256
14411366400
14411628544
14411890688
14412152832
14412414976
14412677120
14412939264
14413201408
14413463552
14413725696
14413987840
14414249984
14414512128
14414774272
14415036416
14415298560
14415560704
14415822848
14416084992
14416347136
14416609280
14416871424
14417133568
14417395712
14417657856
14417920000
14418182144
14418444288
14418706432
14418968576
14419230720
14419492864
14419755008
14420017152
14420279296
14420541440
14420803584
14421065728
14421327872
14421590016
14421852160
14422114304
14422376448
14422638592
14422900736
14423162880
14423425024
14423687168
14423949312
14424211456
14424473600
14424735744
14424997888
14425260032
14425522176
14425784320
14426046464
14426308608
14426570752
14426832896
14427095040
14427357184
14427619328
14427881472
14428143616
14428405760
14428667904
14428930048
14429192192
14429454336
14429716480
14429978624
14430240768
14430502912
14430765056
14431027200
14431289344
14431551488
14431813632
14432075776
14432337920
14432600064
14432862208
14433124352
14433386496
14433648640
14433910784
14434172928
14434435072
14434697216
14434959360
14435221504
14435483648
14435745792
14436007936
14436270080
14436532224
14436794368
14437056512
14437318656
14437580800
14437842944
14438105088
14438367232
14438629376
14438891520
14439153664
14439415808
14439677952
14439940096
14440202240
14440464384
14440726528
14440988672
14441250816
14441512960
14441775104
14442037248
14442299392
14442561536
14442823680
14443085824
14443347968
14443610112
14443872256
14444134400
14444396544
14444658688
14444920832
14445182976
14445445120
14445707264
14445969408
14446231552
14446493696
14446755840
14447017984
14447280128
14447542272
14447804416
14448066560
14448328704
14448590848
14448852992
14449115136
14449377280
14449639424
14449901568
14450163712
14450425856
14450688000
14450950144
14451212288
14451474432
14451736576
14451998720
14452260864
14452523008
14452785152
14453047296
14453309440
14453571584
14453833728
14454095872
14454358016
14454620160
14454882304
14455144448
14455406592
14455668736
14455930880
14456193024
14456455168
14456717312
14456979456
14457241600
14457503744
14457765888
14458028032
14458290176
14458552320
14458814464
14459076608
14459338752
14459600896
14459863040
14460125184
14460387328
14460649472
14460911616
14461173760
14461435904
14461698048
14461960192
14462222336
14462484480
14462746624
14463008768
14463270912
14463533056
14463795200
14464057344
14464319488
14464581632
14464843776
14465105920
14465368064
14465630208
14465892352
14466154496
14466416640
14466678784
14466940928
14467203072
14467465216
14467727360
14467989504
14468251648
14468513792
14468775936
14469038080
14469300224
14469562368
14469824512
14470086656
14470348800
14470610944
14470873088
14471135232
14471397376
14471659520
14471921664
14472183808
14472445952
14472708096
14472970240
14473232384
14473494528
14473756672
14474018816
14474280960
14474543104
14474805248
14475067392
14475329536
14475591680
14475853824
14476115968
14476378112
14476640256
14476902400
14477164544
14477426688
14477688832
14477950976
14478213120
14478475264
14478737408
14478999552
14479261696
14479523840
14479785984
14480048128
14480310272
14480572416
14480834560
14481096704
14481358848
14481620992
14481883136
14482145280
14482407424
14482669568
14482931712
14483193856
14483456000
14483718144
14483980288
14484242432
14484504576
14484766720
14485028864
14485291008
14485553152
14485815296
14486077440
14486339584
14486601728
14486863872
14487126016
14487388160
14487650304
14487912448
14488174592
14488436736
14488698880
14488961024
14489223168
14489485312
14489747456
14490009600
14490271744
14490533888
14490796032
14491058176
14491320320
14491582464
14491844608
14492106752
14492368896
14492631040
14492893184
14493155328
14493417472
14493679616
14493941760
14494203904
14494466048
14494728192
14494990336
14495252480
14495514624
14495776768
14496038912
14496301056
14496563200
14496825344
14497087488
14497349632
14497611776
14497873920
14498136064
14498398208
14498660352
14498922496
14499184640
14499446784
14499708928
14499971072
14500233216
14500495360
14500757504
14501019648
14501281792
14501543936
14501806080
14502068224
14502330368
14502592512
14502854656
14503116800
14503378944
14503641088
14503903232
14504165376
14504427520
14504689664
14504951808
14505213952
14505476096
14505738240
14506000384
14506262528
14506524672
14506786816
14507048960
14507311104
14507573248
14507835392
14508097536
14508359680
14508621824
14508883968
14509146112
14509408256
14509670400
14509932544
14510194688
14510456832
14510718976
14510981120
14511243264
14511505408
14511767552
14512029696
14512291840
14512553984
14512816128
14513078272
14513340416
14513602560
14513864704
14514126848
14514388992
14514651136
14514913280
14515175424
14515437568
14515699712
14515961856
14516224000
14516486144
14516748288
14517010432
14517272576
14517534720
14517796864
14518059008
14518321152
14518583296
14518845440
14519107584
14519369728
14519631872
14519894016
14520156160
14520418304
14520680448
14520942592
14521204736
14521466880
14521729024
14521991168
14522253312
14522515456
14522777600
14523039744
14523301888
14523564032
14523826176
14524088320
14524350464
14524612608
14524874752
14525136896
14525399040
14525661184
14525923328
14526185472
14526447616
14526709760
14526971904
14527234048
14527496192
14527758336
14528020480
14528282624
14528544768
14528806912
14529069056
14529331200
14529593344
14529855488
14530117632
14530379776
14530641920
14530904064
14531166208
14531428352
14531690496
14531952640
14532214784
14532476928
14532739072
14533001216
14533263360
14533525504
14533787648
14534049792
14534311936
14534574080
14534836224
14535098368
14535360512
14535622656
14535884800
14536146944
14536409088
14536671232
14536933376
14537195520
14537457664
14537719808
14537981952
14538244096
14538506240
14538768384
14539030528
14539292672
14539554816
14539816960
14540079104
14540341248
14540603392
14540865536
14541127680
14541389824
14541651968
14541914112
14542176256
14542438400
14542700544
14542962688
14543224832
14543486976
14543749120
14544011264
14544273408
14544535552
14544797696
14545059840
14545321984
14545584128
14545846272
14546108416
14546370560
14546632704
14546894848
14547156992
14547419136
14547681280
14547943424
14548205568
14548467712
14548729856
14548992000
14549254144
14549516288
14549778432
14550040576
14550302720
14550564864
14550827008
14551089152
14551351296
14551613440
14551875584
14552137728
14552399872
14552662016
14552924160
14553186304
14553448448
14553710592
14553972736
14554234880
14554497024
14554759168
14555021312
14555283456
14555545600
14555807744
14556069888
14556332032
14556594176
14556856320
14557118464
14557380608
14557642752
14557904896
14558167040
14558429184
14558691328
14558953472
14559215616
14559477760
14559739904
14560002048
14560264192
14560526336
14560788480
14561050624
14561312768
14561574912
14561837056
14562099200
14562361344
14562623488
14562885632
14563147776
14563409920
14563672064
14563934208
14564196352
14564458496
14564720640
14564982784
14565244928
14565507072
14565769216
14566031360
14566293504
14566555648
14566817792
14567079936
14567342080
14567604224
14567866368
14568128512
14568390656
14568652800
14568914944
14569177088
14569439232
14569701376
14569963520
14570225664
14570487808
14570749952
14571012096
14571274240
14571536384
14571798528
14572060672
14572322816
14572584960
14572847104
14573109248
14573371392
14573633536
14573895680
14574157824
14574419968
14574682112
14574944256
14575206400
14575468544
14575730688
14575992832
14576254976
14576517120
14576779264
14577041408
14577303552
14577565696
14577827840
14578089984
14578352128
14578614272
14578876416
14579138560
14579400704
14579662848
14579924992
14580187136
14580449280
14580711424
14580973568
14581235712
14581497856
14581760000
14582022144
14582284288
14582546432
14582808576
14583070720
14583332864
14583595008
14583857152
14584119296
14584381440
14584643584
14584905728
14585167872
14585430016
14585692160
14585954304
14586216448
14586478592
14586740736
14587002880
14587265024
14587527168
14587789312
14588051456
14588313600
14588575744
14588837888
14589100032
14589362176
14589624320
14589886464
14590148608
14590410752
14590672896
14590935040
14591197184
14591459328
14591721472
14591983616
14592245760
14592507904
14592770048
14593032192
14593294336
14593556480
14593818624
14594080768
14594342912
14594605056
14594867200
14595129344
14595391488
14595653632
14595915776
14596177920
14596440064
14596702208
14596964352
14597226496
14597488640
14597750784
14598012928
14598275072
14598537216
14598799360
14599061504
14599323648
14599585792
14599847936
14600110080
14600372224
14600634368
14600896512
14601158656
14601420800
14601682944
14601945088
14602207232
14602469376
14602731520
14602993664
14603255808
14603517952
14603780096
14604042240
14604304384
14604566528
14604828672
14605090816
14605352960
14605615104
14605877248
14606139392
14606401536
14606663680
14606925824
14607187968
14607450112
14607712256
14607974400
14608236544
14608498688
14608760832
14609022976
14609285120
14609547264
14609809408
14610071552
14610333696
14610595840
14610857984
14611120128
14611382272
14611644416
14611906560
14612168704
14612430848
14612692992
14612955136
14613217280
14613479424
14613741568
14614003712
14614265856
14614528000
14614790144
14615052288
14615314432
14615576576
14615838720
14616100864
14616363008
14616625152
14616887296
14617149440
14617411584
14617673728
14617935872
14618198016
14618460160
14618722304
14618984448
14619246592
14619508736
14619770880
14620033024
14620295168
14620557312
14620819456
14621081600
14621343744
14621605888
14621868032
14622130176
14622392320
14622654464
14622916608
14623178752
14623440896
14623703040
14623965184
14624227328
14624489472
14624751616
14625013760
14625275904
14625538048
14625800192
14626062336
14626324480
14626586624
14626848768
14627110912
14627373056
14627635200
14627897344
14628159488
14628421632
14628683776
14628945920
14629208064
14629470208
14629732352
14629994496
14630256640
14630518784
14630780928
14631043072
14631305216
14631567360
14631829504
14632091648
14632353792
14632615936
14632878080
14633140224
14633402368
14633664512
14633926656
14634188800
14634450944
14634713088
14634975232
14635237376
14635499520
14635761664
14636023808
14636285952
14636548096
14636810240
14637072384
14637334528
14637596672
14637858816
14638120960
14638383104
14638645248
14638907392
14639169536
14639431680
14639693824
14639955968
14640218112
14640480256
14640742400
14641004544
14641266688
14641528832
14641790976
14642053120
14642315264
14642577408
14642839552
14643101696
14643363840
14643625984
14643888128
14644150272
14644412416
14644674560
14644936704
14645198848
14645460992
14645723136
14645985280
14646247424
14646509568
14646771712
14647033856
14647296000
14647558144
14647820288
14648082432
14648344576
14648606720
14648868864
14649131008
14649393152
14649655296
14649917440
14650179584
14650441728
14650703872
14650966016
14651228160
14651490304
14651752448
14652014592
14652276736
14652538880
14652801024
14653063168
14653325312
14653587456
14653849600
14654111744
14654373888
14654636032
14654898176
14655160320
14655422464
14655684608
14655946752
14656208896
14656471040
14656733184
14656995328
14657257472
14657519616
14657781760
14658043904
14658306048
14658568192
14658830336
14659092480
14659354624
14659616768
14659878912
14660141056
14660403200
14660665344
14660927488
14661189632
14661451776
14661713920
14661976064
14662238208
14662500352
14662762496
14663024640
14663286784
14663548928
14663811072
14664073216
14664335360
14664597504
14664859648
14665121792
14665383936
14665646080
14665908224
14666170368
14666432512
14666694656
14666956800
14667218944
14667481088
14667743232
14668005376
14668267520
14668529664
14668791808
14669053952
14669316096
14669578240
14669840384
14670102528
14670364672
14670626816
14670888960
14671151104
14671413248
14671675392
14671937536
14672199680
14672461824
14672723968
14672986112
14673248256
14673510400
14673772544
14674034688
14674296832
14674558976
14674821120
14675083264
14675345408
14675607552
14675869696
14676131840
14676393984
14676656128
14676918272
14677180416
14677442560
14677704704
14677966848
14678228992
14678491136
14678753280
14679015424
14679277568
14679539712
14679801856
14680064000
14680326144
14680588288
14680850432
14681112576
14681374720
14681636864
14681899008
14682161152
14682423296
14682685440
14682947584
14683209728
14683471872
14683734016
14683996160
14684258304
14684520448
14684782592
14685044736
14685306880
14685569024
14685831168
14686093312
14686355456
14686617600
14686879744
14687141888
14687404032
14687666176
14687928320
14688190464
14688452608
14688714752
14688976896
14689239040
14689501184
14689763328
14690025472
14690287616
14690549760
14690811904
14691074048
14691336192
14691598336
14691860480
14692122624
14692384768
14692646912
14692909056
14693171200
14693433344
14693695488
14693957632
14694219776
14694481920
14694744064
14695006208
14695268352
14695530496
14695792640
14696054784
14696316928
14696579072
14696841216
14697103360
14697365504
14697627648
14697889792
14698151936
14698414080
14698676224
14698938368
14699200512
14699462656
14699724800
14699986944
14700249088
14700511232
14700773376
14701035520
14701297664
14701559808
14701821952
14702084096
14702346240
14702608384
14702870528
14703132672
14703394816
14703656960
14703919104
14704181248
14704443392
14704705536
14704967680
14705229824
14705491968
14705754112
14706016256
14706278400
14706540544
14706802688
14707064832
14707326976
14707589120
14707851264
14708113408
14708375552
14708637696
14708899840
14709161984
14709424128
14709686272
14709948416
14710210560
14710472704
14710734848
14710996992
14711259136
14711521280
14711783424
14712045568
14712307712
14712569856
14712832000
14713094144
14713356288
14713618432
14713880576
14714142720
14714404864
14714667008
14714929152
14715191296
14715453440
14715715584
14715977728
14716239872
14716502016
14716764160
14717026304
14717288448
14717550592
14717812736
14718074880
14718337024
14718599168
14718861312
14719123456
14719385600
14719647744
14719909888
14720172032
14720434176
14720696320
14720958464
14721220608
14721482752
14721744896
14722007040
14722269184
14722531328
14722793472
14723055616
14723317760
14723579904
14723842048
14724104192
14724366336
14724628480
14724890624
14725152768
14725414912
14725677056
14725939200
14726201344
14726463488
14726725632
14726987776
14727249920
14727512064
14727774208
14728036352
14728298496
14728560640
14728822784
14729084928
14729347072
14729609216
14729871360
14730133504
14730395648
14730657792
14730919936
14731182080
14731444224
14731706368
14731968512
14732230656
14732492800
14732754944
14733017088
14733279232
14733541376
14733803520
14734065664
14734327808
14734589952
14734852096
14735114240
14735376384
14735638528
14735900672
14736162816
14736424960
14736687104
14736949248
14737211392
14737473536
14737735680
14737997824
14738259968
14738522112
14738784256
14739046400
14739308544
14739570688
14739832832
14740094976
14740357120
14740619264
14740881408
14741143552
14741405696
14741667840
14741929984
14742192128
14742454272
14742716416
14742978560
14743240704
14743502848
14743764992
14744027136
14744289280
14744551424
14744813568
14745075712
14745337856
14745600000
14745862144
14746124288
14746386432
14746648576
14746910720
14747172864
14747435008
14747697152
14747959296
14748221440
14748483584
14748745728
14749007872
14749270016
14749532160
14749794304
14750056448
14750318592
14750580736
14750842880
14751105024
14751367168
14751629312
14751891456
14752153600
14752415744
14752677888
14752940032
14753202176
14753464320
14753726464
14753988608
14754250752
14754512896
14754775040
14755037184
14755299328
14755561472
14755823616
14756085760
14756347904
14756610048
14756872192
14757134336
14757396480
14757658624
14757920768
14758182912
14758445056
14758707200
14758969344
14759231488
14759493632
14759755776
14760017920
14760280064
14760542208
14760804352
14761066496
14761328640
14761590784
14761852928
14762115072
14762377216
14762639360
14762901504
14763163648
14763425792
14763687936
14763950080
14764212224
14764474368
14764736512
14764998656
14765260800
14765522944
14765785088
14766047232
14766309376
14766571520
14766833664
14767095808
14767357952
14767620096
14767882240
14768144384
14768406528
14768668672
14768930816
14769192960
14769455104
14769717248
14769979392
14770241536
14770503680
14770765824
14771027968
14771290112
14771552256
14771814400
14772076544
14772338688
14772600832
14772862976
14773125120
14773387264
14773649408
14773911552
14774173696
14774435840
14774697984
14774960128
14775222272
14775484416
14775746560
14776008704
14776270848
14776532992
14776795136
14777057280
14777319424
14777581568
14777843712
14778105856
14778368000
14778630144
14778892288
14779154432
14779416576
14779678720
14779940864
14780203008
14780465152
14780727296
14780989440
14781251584
14781513728
14781775872
14782038016
14782300160
14782562304
14782824448
14783086592
14783348736
14783610880
14783873024
14784135168
14784397312
14784659456
14784921600
14785183744
14785445888
14785708032
14785970176
14786232320
14786494464
14786756608
14787018752
14787280896
14787543040
14787805184
14788067328
14788329472
14788591616
14788853760
14789115904
14789378048
14789640192
14789902336
14790164480
14790426624
14790688768
14790950912
14791213056
14791475200
14791737344
14791999488
14792261632
14792523776
14792785920
14793048064
14793310208
14793572352
14793834496
14794096640
14794358784
14794620928
14794883072
14795145216
14795407360
14795669504
14795931648
14796193792
14796455936
14796718080
14796980224
14797242368
14797504512
14797766656
14798028800
14798290944
14798553088
14798815232
14799077376
14799339520
14799601664
14799863808
14800125952
14800388096
14800650240
14800912384
14801174528
14801436672
14801698816
14801960960
14802223104
14802485248
14802747392
14803009536
14803271680
14803533824
14803795968
14804058112
14804320256
14804582400
14804844544
14805106688
14805368832
14805630976
14805893120
14806155264
14806417408
14806679552
14806941696
14807203840
14807465984
14807728128
14807990272
14808252416
14808514560
14808776704
14809038848
14809300992
14809563136
14809825280
14810087424
14810349568
14810611712
14810873856
14811136000
14811398144
14811660288
14811922432
14812184576
14812446720
14812708864
14812971008
14813233152
14813495296
14813757440
14814019584
14814281728
14814543872
14814806016
14815068160
14815330304
14815592448
14815854592
14816116736
14816378880
14816641024
14816903168
14817165312
14817427456
14817689600
14817951744
14818213888
14818476032
14818738176
14819000320
14819262464
14819524608
14819786752
14820048896
14820311040
14820573184
14820835328
14821097472
14821359616
14821621760
14821883904
14822146048
14822408192
14822670336
14822932480
14823194624
14823456768
14823718912
14823981056
14824243200
14824505344
14824767488
14825029632
14825291776
14825553920
14825816064
14826078208
14826340352
14826602496
14826864640
14827126784
14827388928
14827651072
14827913216
14828175360
14828437504
14828699648
14828961792
14829223936
14829486080
14829748224
14830010368
14830272512
14830534656
14830796800
14831058944
14831321088
14831583232
14831845376
14832107520
14832369664
14832631808
14832893952
14833156096
14833418240
14833680384
14833942528
14834204672
14834466816
14834728960
14834991104
14835253248
14835515392
14835777536
14836039680
14836301824
14836563968
14836826112
14837088256
14837350400
14837612544
14837874688
14838136832
14838398976
14838661120
14838923264
14839185408
14839447552
14839709696
14839971840
14840233984
14840496128
14840758272
14841020416
14841282560
14841544704
14841806848
14842068992
14842331136
14842593280
14842855424
14843117568
14843379712
14843641856
14843904000
14844166144
14844428288
14844690432
14844952576
14845214720
14845476864
14845739008
14846001152
14846263296
14846525440
14846787584
14847049728
14847311872
14847574016
14847836160
14848098304
14848360448
14848622592
14848884736
14849146880
14849409024
14849671168
14849933312
14850195456
14850457600
14850719744
14850981888
14851244032
14851506176
14851768320
14852030464
14852292608
14852554752
14852816896
14853079040
14853341184
14853603328
14853865472
14854127616
14854389760
14854651904
14854914048
14855176192
14855438336
14855700480
14855962624
14856224768
14856486912
14856749056
14857011200
14857273344
14857535488
14857797632
14858059776
14858321920
14858584064
14858846208
14859108352
14859370496
14859632640
14859894784
14860156928
14860419072
14860681216
14860943360
14861205504
14861467648
14861729792
14861991936
14862254080
14862516224
14862778368
14863040512
14863302656
14863564800
14863826944
14864089088
14864351232
14864613376
14864875520
14865137664
14865399808
14865661952
14865924096
14866186240
14866448384
14866710528
14866972672
14867234816
14867496960
14867759104
14868021248
14868283392
14868545536
14868807680
14869069824
14869331968
14869594112
14869856256
14870118400
14870380544
14870642688
14870904832
14871166976
14871429120
14871691264
14871953408
14872215552
14872477696
14872739840
14873001984
14873264128
14873526272
14873788416
14874050560
14874312704
14874574848
14874836992
14875099136
14875361280
14875623424
14875885568
14876147712
14876409856
14876672000
14876934144
14877196288
14877458432
14877720576
14877982720
14878244864
14878507008
14878769152
14879031296
14879293440
14879555584
14879817728
14880079872
14880342016
14880604160
14880866304
14881128448
14881390592
14881652736
14881914880
14882177024
14882439168
14882701312
14882963456
14883225600
14883487744
14883749888
14884012032
14884274176
14884536320
14884798464
14885060608
14885322752
14885584896
14885847040
14886109184
14886371328
14886633472
14886895616
14887157760
14887419904
14887682048
14887944192
14888206336
14888468480
14888730624
14888992768
14889254912
14889517056
14889779200
14890041344
14890303488
14890565632
14890827776
14891089920
14891352064
14891614208
14891876352
14892138496
14892400640
14892662784
14892924928
14893187072
14893449216
14893711360
14893973504
14894235648
14894497792
14894759936
14895022080
14895284224
14895546368
14895808512
14896070656
14896332800
14896594944
14896857088
14897119232
14897381376
14897643520
14897905664
14898167808
14898429952
14898692096
14898954240
14899216384
14899478528
14899740672
14900002816
14900264960
14900527104
14900789248
14901051392
14901313536
14901575680
14901837824
14902099968
14902362112
14902624256
14902886400
14903148544
14903410688
14903672832
14903934976
14904197120
14904459264
14904721408
14904983552
14905245696
14905507840
14905769984
14906032128
14906294272
14906556416
14906818560
14907080704
14907342848
14907604992
14907867136
14908129280
14908391424
14908653568
14908915712
14909177856
14909440000
14909702144
14909964288
14910226432
14910488576
14910750720
14911012864
14911275008
14911537152
14911799296
14912061440
14912323584
14912585728
14912847872
14913110016
14913372160
14913634304
14913896448
14914158592
14914420736
14914682880
14914945024
14915207168
14915469312
14915731456
14915993600
14916255744
14916517888
14916780032
14917042176
14917304320
14917566464
14917828608
14918090752
14918352896
14918615040
14918877184
14919139328
14919401472
14919663616
14919925760
14920187904
14920450048
14920712192
14920974336
14921236480
14921498624
14921760768
14922022912
14922285056
14922547200
14922809344
14923071488
14923333632
14923595776
14923857920
14924120064
14924382208
14924644352
14924906496
14925168640
14925430784
14925692928
14925955072
14926217216
14926479360
14926741504
14927003648
14927265792
14927527936
14927790080
14928052224
14928314368
14928576512
14928838656
14929100800
14929362944
14929625088
14929887232
14930149376
14930411520
14930673664
14930935808
14931197952
14931460096
14931722240
14931984384
14932246528
14932508672
14932770816
14933032960
14933295104
14933557248
14933819392
14934081536
14934343680
14934605824
14934867968
14935130112
14935392256
14935654400
14935916544
14936178688
14936440832
14936702976
14936965120
14937227264
14937489408
14937751552
14938013696
14938275840
14938537984
14938800128
14939062272
14939324416
14939586560
14939848704
14940110848
14940372992
14940635136
14940897280
14941159424
14941421568
14941683712
14941945856
14942208000
14942470144
14942732288
14942994432
14943256576
14943518720
14943780864
14944043008
14944305152
14944567296
14944829440
14945091584
14945353728
14945615872
14945878016
14946140160
14946402304
14946664448
14946926592
14947188736
14947450880
14947713024
14947975168
14948237312
14948499456
14948761600
14949023744
14949285888
14949548032
14949810176
14950072320
14950334464
14950596608
14950858752
14951120896
14951383040
14951645184
14951907328
14952169472
14952431616
14952693760
14952955904
14953218048
14953480192
14953742336
14954004480
14954266624
14954528768
14954790912
14955053056
14955315200
14955577344
14955839488
14956101632
14956363776
14956625920
14956888064
14957150208
14957412352
14957674496
14957936640
14958198784
14958460928
14958723072
14958985216
14959247360
14959509504
14959771648
14960033792
14960295936
14960558080
14960820224
14961082368
14961344512
14961606656
14961868800
14962130944
14962393088
14962655232
14962917376
14963179520
14963441664
14963703808
14963965952
14964228096
14964490240
14964752384
14965014528
14965276672
14965538816
14965800960
14966063104
14966325248
14966587392
14966849536
14967111680
14967373824
14967635968
14967898112
14968160256
14968422400
14968684544
14968946688
14969208832
14969470976
14969733120
14969995264
14970257408
14970519552
14970781696
14971043840
14971305984
14971568128
14971830272
14972092416
14972354560
14972616704
14972878848
14973140992
14973403136
14973665280
14973927424
14974189568
14974451712
14974713856
14974976000
14975238144
14975500288
14975762432
14976024576
14976286720
14976548864
14976811008
14977073152
14977335296
14977597440
14977859584
14978121728
14978383872
14978646016
14978908160
14979170304
14979432448
14979694592
14979956736
14980218880
14980481024
14980743168
14981005312
14981267456
14981529600
14981791744
14982053888
14982316032
14982578176
14982840320
14983102464
14983364608
14983626752
14983888896
14984151040
14984413184
14984675328
14984937472
14985199616
14985461760
14985723904
14985986048
14986248192
14986510336
14986772480
14987034624
14987296768
14987558912
14987821056
14988083200
14988345344
14988607488
14988869632
14989131776
14989393920
14989656064
14989918208
14990180352
14990442496
14990704640
14990966784
14991228928
14991491072
14991753216
14992015360
14992277504
14992539648
14992801792
14993063936
14993326080
14993588224
14993850368
14994112512
14994374656
14994636800
14994898944
14995161088
14995423232
14995685376
14995947520
14996209664
14996471808
14996733952
14996996096
14997258240
14997520384
14997782528
14998044672
14998306816
14998568960
14998831104
14999093248
14999355392
14999617536
14999879680
15000141824
15000403968
15000666112
15000928256
15001190400
15001452544
15001714688
15001976832
15002238976
15002501120
15002763264
15003025408
15003287552
15003549696
15003811840
15004073984
15004336128
15004598272
15004860416
15005122560
15005384704
15005646848
15005908992
15006171136
15006433280
15006695424
15006957568
15007219712
15007481856
15007744000
15008006144
15008268288
15008530432
15008792576
15009054720
15009316864
15009579008
15009841152
15010103296
15010365440
15010627584
15010889728
15011151872
15011414016
15011676160
15011938304
15012200448
15012462592
15012724736
15012986880
15013249024
15013511168
15013773312
15014035456
15014297600
15014559744
15014821888
15015084032
15015346176
15015608320
15015870464
15016132608
15016394752
15016656896
15016919040
15017181184
15017443328
15017705472
15017967616
15018229760
15018491904
15018754048
15019016192
15019278336
15019540480
15019802624
15020064768
15020326912
15020589056
15020851200
15021113344
15021375488
15021637632
15021899776
15022161920
15022424064
15022686208
15022948352
15023210496
15023472640
15023734784
15023996928
15024259072
15024521216
15024783360
15025045504
15025307648
15025569792
15025831936
15026094080
15026356224
15026618368
15026880512
15027142656
15027404800
15027666944
15027929088
15028191232
15028453376
15028715520
15028977664
15029239808
15029501952
15029764096
15030026240
15030288384
15030550528
15030812672
15031074816
15031336960
15031599104
15031861248
15032123392
15032385536
15032647680
15032909824
15033171968
15033434112
15033696256
15033958400
15034220544
15034482688
15034744832
15035006976
15035269120
15035531264
15035793408
15036055552
15036317696
15036579840
15036841984
15037104128
15037366272
15037628416
15037890560
15038152704
15038414848
15038676992
15038939136
15039201280
15039463424
15039725568
15039987712
15040249856
15040512000
15040774144
15041036288
15041298432
15041560576
15041822720
15042084864
15042347008
15042609152
15042871296
15043133440
15043395584
15043657728
15043919872
15044182016
15044444160
15044706304
15044968448
15045230592
15045492736
15045754880
15046017024
15046279168
15046541312
15046803456
15047065600
15047327744
15047589888
15047852032
15048114176
15048376320
15048638464
15048900608
15049162752
15049424896
15049687040
15049949184
15050211328
15050473472
15050735616
15050997760
15051259904
15051522048
15051784192
15052046336
15052308480
15052570624
15052832768
15053094912
15053357056
15053619200
15053881344
15054143488
15054405632
15054667776
15054929920
15055192064
15055454208
15055716352
15055978496
15056240640
15056502784
15056764928
15057027072
15057289216
15057551360
15057813504
15058075648
15058337792
15058599936
15058862080
15059124224
15059386368
15059648512
15059910656
15060172800
15060434944
15060697088
15060959232
15061221376
15061483520
15061745664
15062007808
15062269952
15062532096
15062794240
15063056384
15063318528
15063580672
15063842816
15064104960
15064367104
15064629248
15064891392
15065153536
15065415680
15065677824
15065939968
15066202112
15066464256
15066726400
15066988544
15067250688
15067512832
15067774976
15068037120
15068299264
15068561408
15068823552
15069085696
15069347840
15069609984
15069872128
15070134272
15070396416
15070658560
15070920704
15071182848
15071444992
15071707136
15071969280
15072231424
15072493568
15072755712
15073017856
15073280000
15073542144
15073804288
15074066432
15074328576
15074590720
15074852864
15075115008
15075377152
15075639296
15075901440
15076163584
15076425728
15076687872
15076950016
15077212160
15077474304
15077736448
15077998592
15078260736
15078522880
15078785024
15079047168
15079309312
15079571456
15079833600
15080095744
15080357888
15080620032
15080882176
15081144320
15081406464
15081668608
15081930752
15082192896
15082455040
15082717184
15082979328
15083241472
15083503616
15083765760
15084027904
15084290048
15084552192
15084814336
15085076480
15085338624
15085600768
15085862912
15086125056
15086387200
15086649344
15086911488
15087173632
15087435776
15087697920
15087960064
15088222208
15088484352
15088746496
15089008640
15089270784
15089532928
15089795072
15090057216
15090319360
15090581504
15090843648
15091105792
15091367936
15091630080
15091892224
15092154368
15092416512
15092678656
15092940800
15093202944
15093465088
15093727232
15093989376
15094251520
15094513664
15094775808
15095037952
15095300096
15095562240
15095824384
15096086528
15096348672
15096610816
15096872960
15097135104
15097397248
15097659392
15097921536
15098183680
15098445824
15098707968
15098970112
15099232256
15099494400
15099756544
15100018688
15100280832
15100542976
15100805120
15101067264
15101329408
15101591552
15101853696
15102115840
15102377984
15102640128
15102902272
15103164416
15103426560
15103688704
15103950848
15104212992
15104475136
15104737280
15104999424
15105261568
15105523712
15105785856
15106048000
15106310144
15106572288
15106834432
15107096576
15107358720
15107620864
15107883008
15108145152
15108407296
15108669440
15108931584
15109193728
15109455872
15109718016
15109980160
15110242304
15110504448
15110766592
15111028736
15111290880
15111553024
15111815168
15112077312
15112339456
15112601600
15112863744
15113125888
15113388032
15113650176
15113912320
15114174464
15114436608
15114698752
15114960896
15115223040
15115485184
15115747328
15116009472
15116271616
15116533760
15116795904
15117058048
15117320192
15117582336
15117844480
15118106624
15118368768
15118630912
15118893056
15119155200
15119417344
15119679488
15119941632
15120203776
15120465920
15120728064
15120990208
15121252352
15121514496
15121776640
15122038784
15122300928
15122563072
15122825216
15123087360
15123349504
15123611648
15123873792
15124135936
15124398080
15124660224
15124922368
15125184512
15125446656
15125708800
15125970944
15126233088
15126495232
15126757376
15127019520
15127281664
15127543808
15127805952
15128068096
15128330240
15128592384
15128854528
15129116672
15129378816
15129640960
15129903104
15130165248
15130427392
15130689536
15130951680
15131213824
15131475968
15131738112
15132000256
15132262400
15132524544
15132786688
15133048832
15133310976
15133573120
15133835264
15134097408
15134359552
15134621696
15134883840
15135145984
15135408128
15135670272
15135932416
15136194560
15136456704
15136718848
15136980992
15137243136
15137505280
15137767424
15138029568
15138291712
15138553856
15138816000
15139078144
15139340288
15139602432
15139864576
15140126720
15140388864
15140651008
15140913152
15141175296
15141437440
15141699584
15141961728
15142223872
15142486016
15142748160
15143010304
15143272448
15143534592
15143796736
15144058880
15144321024
15144583168
15144845312
15145107456
15145369600
15145631744
15145893888
15146156032
15146418176
15146680320
15146942464
15147204608
15147466752
15147728896
15147991040
15148253184
15148515328
15148777472
15149039616
15149301760
15149563904
15149826048
15150088192
15150350336
15150612480
15150874624
15151136768
15151398912
15151661056
15151923200
15152185344
15152447488
15152709632
15152971776
15153233920
15153496064
15153758208
15154020352
15154282496
15154544640
15154806784
15155068928
15155331072
15155593216
15155855360
15156117504
15156379648
15156641792
15156903936
15157166080
15157428224
15157690368
15157952512
15158214656
15158476800
15158738944
15159001088
15159263232
15159525376
15159787520
15160049664
15160311808
15160573952
15160836096
15161098240
15161360384
15161622528
15161884672
15162146816
15162408960
15162671104
15162933248
15163195392
15163457536
15163719680
15163981824
15164243968
15164506112
15164768256
15165030400
15165292544
15165554688
15165816832
15166078976
15166341120
15166603264
15166865408
15167127552
15167389696
15167651840
15167913984
15168176128
15168438272
15168700416
15168962560
15169224704
15169486848
15169748992
15170011136
15170273280
15170535424
15170797568
15171059712
15171321856
15171584000
15171846144
15172108288
15172370432
15172632576
15172894720
15173156864
15173419008
15173681152
15173943296
15174205440
15174467584
15174729728
15174991872
15175254016
15175516160
15175778304
15176040448
15176302592
15176564736
15176826880
15177089024
15177351168
15177613312
15177875456
15178137600
15178399744
15178661888
15178924032
15179186176
15179448320
15179710464
15179972608
15180234752
15180496896
15180759040
15181021184
15181283328
15181545472
15181807616
15182069760
15182331904
15182594048
15182856192
15183118336
15183380480
15183642624
15183904768
15184166912
15184429056
15184691200
15184953344
15185215488
15185477632
15185739776
15186001920
15186264064
15186526208
15186788352
15187050496
15187312640
15187574784
15187836928
15188099072
15188361216
15188623360
15188885504
15189147648
15189409792
15189671936
15189934080
15190196224
15190458368
15190720512
15190982656
15191244800
15191506944
15191769088
15192031232
15192293376
15192555520
15192817664
15193079808
15193341952
15193604096
15193866240
15194128384
15194390528
15194652672
15194914816
15195176960
15195439104
15195701248
15195963392
15196225536
15196487680
15196749824
15197011968
15197274112
15197536256
15197798400
15198060544
15198322688
15198584832
15198846976
15199109120
15199371264
15199633408
15199895552
15200157696
15200419840
15200681984
15200944128
15201206272
15201468416
15201730560
15201992704
15202254848
15202516992
15202779136
15203041280
15203303424
15203565568
15203827712
15204089856
15204352000
15204614144
15204876288
15205138432
15205400576
15205662720
15205924864
15206187008
15206449152
15206711296
15206973440
15207235584
15207497728
15207759872
15208022016
15208284160
15208546304
15208808448
15209070592
15209332736
15209594880
15209857024
15210119168
15210381312
15210643456
15210905600
15211167744
15211429888
15211692032
15211954176
15212216320
15212478464
15212740608
15213002752
15213264896
15213527040
15213789184
15214051328
15214313472
15214575616
15214837760
15215099904
15215362048
15215624192
15215886336
15216148480
15216410624
15216672768
15216934912
15217197056
15217459200
15217721344
15217983488
15218245632
15218507776
15218769920
15219032064
15219294208
15219556352
15219818496
15220080640
15220342784
15220604928
15220867072
15221129216
15221391360
15221653504
15221915648
15222177792
15222439936
15222702080
15222964224
15223226368
15223488512
15223750656
15224012800
15224274944
15224537088
15224799232
15225061376
15225323520
15225585664
15225847808
15226109952
15226372096
15226634240
15226896384
15227158528
15227420672
15227682816
15227944960
15228207104
15228469248
15228731392
15228993536
15229255680
15229517824
15229779968
15230042112
15230304256
15230566400
15230828544
15231090688
15231352832
15231614976
15231877120
15232139264
15232401408
15232663552
15232925696
15233187840
15233449984
15233712128
15233974272
15234236416
15234498560
15234760704
15235022848
15235284992
15235547136
15235809280
15236071424
15236333568
15236595712
15236857856
15237120000
15237382144
15237644288
15237906432
15238168576
15238430720
15238692864
15238955008
15239217152
15239479296
15239741440
15240003584
15240265728
15240527872
15240790016
15241052160
15241314304
15241576448
15241838592
15242100736
15242362880
15242625024
15242887168
15243149312
15243411456
15243673600
15243935744
15244197888
15244460032
15244722176
15244984320
15245246464
15245508608
15245770752
15246032896
15246295040
15246557184
15246819328
15247081472
15247343616
15247605760
15247867904
15248130048
15248392192
15248654336
15248916480
15249178624
15249440768
15249702912
15249965056
15250227200
15250489344
15250751488
15251013632
15251275776
15251537920
15251800064
15252062208
15252324352
15252586496
15252848640
15253110784
15253372928
15253635072
15253897216
15254159360
15254421504
15254683648
15254945792
15255207936
15255470080
15255732224
15255994368
15256256512
15256518656
15256780800
15257042944
15257305088
15257567232
15257829376
15258091520
15258353664
15258615808
15258877952
15259140096
15259402240
15259664384
15259926528
15260188672
15260450816
15260712960
15260975104
15261237248
15261499392
15261761536
15262023680
15262285824
15262547968
15262810112
15263072256
15263334400
15263596544
15263858688
15264120832
15264382976
15264645120
15264907264
15265169408
15265431552
15265693696
15265955840
15266217984
15266480128
15266742272
15267004416
15267266560
15267528704
15267790848
15268052992
15268315136
15268577280
15268839424
15269101568
15269363712
15269625856
15269888000
15270150144
15270412288
15270674432
15270936576
15271198720
15271460864
15271723008
15271985152
15272247296
15272509440
15272771584
15273033728
15273295872
15273558016
15273820160
15274082304
15274344448
15274606592
15274868736
15275130880
15275393024
15275655168
15275917312
15276179456
15276441600
15276703744
15276965888
15277228032
15277490176
15277752320
15278014464
15278276608
15278538752
15278800896
15279063040
15279325184
15279587328
15279849472
15280111616
15280373760
15280635904
15280898048
15281160192
15281422336
15281684480
15281946624
15282208768
15282470912
15282733056
15282995200
15283257344
15283519488
15283781632
15284043776
15284305920
15284568064
15284830208
15285092352
15285354496
15285616640
15285878784
15286140928
15286403072
15286665216
15286927360
15287189504
15287451648
15287713792
15287975936
15288238080
15288500224
15288762368
15289024512
15289286656
15289548800
15289810944
15290073088
15290335232
15290597376
15290859520
15291121664
15291383808
15291645952
15291908096
15292170240
15292432384
15292694528
15292956672
15293218816
15293480960
15293743104
15294005248
15294267392
15294529536
15294791680
15295053824
15295315968
15295578112
15295840256
15296102400
15296364544
15296626688
15296888832
15297150976
15297413120
15297675264
15297937408
15298199552
15298461696
15298723840
15298985984
15299248128
15299510272
15299772416
15300034560
15300296704
15300558848
15300820992
15301083136
15301345280
15301607424
15301869568
15302131712
15302393856
15302656000
15302918144
15303180288
15303442432
15303704576
15303966720
15304228864
15304491008
15304753152
15305015296
15305277440
15305539584
15305801728
15306063872
15306326016
15306588160
15306850304
15307112448
15307374592
15307636736
15307898880
15308161024
15308423168
15308685312
15308947456
15309209600
15309471744
15309733888
15309996032
15310258176
15310520320
15310782464
15311044608
15311306752
15311568896
15311831040
15312093184
15312355328
15312617472
15312879616
15313141760
15313403904
15313666048
15313928192
15314190336
15314452480
15314714624
15314976768
15315238912
15315501056
15315763200
15316025344
15316287488
15316549632
15316811776
15317073920
15317336064
15317598208
15317860352
15318122496
15318384640
15318646784
15318908928
15319171072
15319433216
15319695360
15319957504
15320219648
15320481792
15320743936
15321006080
15321268224
15321530368
15321792512
15322054656
15322316800
15322578944
15322841088
15323103232
15323365376
15323627520
15323889664
15324151808
15324413952
15324676096
15324938240
15325200384
15325462528
15325724672
15325986816
15326248960
15326511104
15326773248
15327035392
15327297536
15327559680
15327821824
15328083968
15328346112
15328608256
15328870400
15329132544
15329394688
15329656832
15329918976
15330181120
15330443264
15330705408
15330967552
15331229696
15331491840
15331753984
15332016128
15332278272
15332540416
15332802560
15333064704
15333326848
15333588992
15333851136
15334113280
15334375424
15334637568
15334899712
15335161856
15335424000
15335686144
15335948288
15336210432
15336472576
15336734720
15336996864
15337259008
15337521152
15337783296
15338045440
15338307584
15338569728
15338831872
15339094016
15339356160
15339618304
15339880448
15340142592
15340404736
15340666880
15340929024
15341191168
15341453312
15341715456
15341977600
15342239744
15342501888
15342764032
15343026176
15343288320
15343550464
15343812608
15344074752
15344336896
15344599040
15344861184
15345123328
15345385472
15345647616
15345909760
15346171904
15346434048
15346696192
15346958336
15347220480
15347482624
15347744768
15348006912
15348269056
15348531200
15348793344
15349055488
15349317632
15349579776
15349841920
15350104064
15350366208
15350628352
15350890496
15351152640
15351414784
15351676928
15351939072
15352201216
15352463360
15352725504
15352987648
15353249792
15353511936
15353774080
15354036224
15354298368
15354560512
15354822656
15355084800
15355346944
15355609088
15355871232
15356133376
15356395520
15356657664
15356919808
15357181952
15357444096
15357706240
15357968384
15358230528
15358492672
15358754816
15359016960
15359279104
15359541248
15359803392
15360065536
15360327680
15360589824
15360851968
15361114112
15361376256
15361638400
15361900544
15362162688
15362424832
15362686976
15362949120
15363211264
15363473408
15363735552
15363997696
15364259840
15364521984
15364784128
15365046272
15365308416
15365570560
15365832704
15366094848
15366356992
15366619136
15366881280
15367143424
15367405568
15367667712
15367929856
15368192000
15368454144
15368716288
15368978432
15369240576
15369502720
15369764864
15370027008
15370289152
15370551296
15370813440
15371075584
15371337728
15371599872
15371862016
15372124160
15372386304
15372648448
15372910592
15373172736
15373434880
15373697024
15373959168
15374221312
15374483456
15374745600
15375007744
15375269888
15375532032
15375794176
15376056320
15376318464
15376580608
15376842752
15377104896
15377367040
15377629184
15377891328
15378153472
15378415616
15378677760
15378939904
15379202048
15379464192
15379726336
15379988480
15380250624
15380512768
15380774912
15381037056
15381299200
15381561344
15381823488
15382085632
15382347776
15382609920
15382872064
15383134208
15383396352
15383658496
15383920640
15384182784
15384444928
15384707072
15384969216
15385231360
15385493504
15385755648
15386017792
15386279936
15386542080
15386804224
15387066368
15387328512
15387590656
15387852800
15388114944
15388377088
15388639232
15388901376
15389163520
15389425664
15389687808
15389949952
15390212096
15390474240
15390736384
15390998528
15391260672
15391522816
15391784960
15392047104
15392309248
15392571392
15392833536
15393095680
15393357824
15393619968
15393882112
15394144256
15394406400
15394668544
15394930688
15395192832
15395454976
15395717120
15395979264
15396241408
15396503552
15396765696
15397027840
15397289984
15397552128
15397814272
15398076416
15398338560
15398600704
15398862848
15399124992
15399387136
15399649280
15399911424
15400173568
15400435712
15400697856
15400960000
15401222144
15401484288
15401746432
15402008576
15402270720
15402532864
15402795008
15403057152
15403319296
15403581440
15403843584
15404105728
15404367872
15404630016
15404892160
15405154304
15405416448
15405678592
15405940736
15406202880
15406465024
15406727168
15406989312
15407251456
15407513600
15407775744
15408037888
15408300032
15408562176
15408824320
15409086464
15409348608
15409610752
15409872896
15410135040
15410397184
15410659328
15410921472
15411183616
15411445760
15411707904
15411970048
15412232192
15412494336
15412756480
15413018624
15413280768
15413542912
15413805056
15414067200
15414329344
15414591488
15414853632
15415115776
15415377920
15415640064
15415902208
15416164352
15416426496
15416688640
15416950784
15417212928
15417475072
15417737216
15417999360
15418261504
15418523648
15418785792
15419047936
15419310080
15419572224
15419834368
15420096512
15420358656
15420620800
15420882944
15421145088
15421407232
15421669376
15421931520
15422193664
15422455808
15422717952
15422980096
15423242240
15423504384
15423766528
15424028672
15424290816
15424552960
15424815104
15425077248
15425339392
15425601536
15425863680
15426125824
15426387968
15426650112
15426912256
15427174400
15427436544
15427698688
15427960832
15428222976
15428485120
15428747264
15429009408
15429271552
15429533696
15429795840
15430057984
15430320128
15430582272
15430844416
15431106560
15431368704
15431630848
15431892992
15432155136
15432417280
15432679424
15432941568
15433203712
15433465856
15433728000
15433990144
15434252288
15434514432
15434776576
15435038720
15435300864
15435563008
15435825152
15436087296
15436349440
15436611584
15436873728
15437135872
15437398016
15437660160
15437922304
15438184448
15438446592
15438708736
15438970880
15439233024
15439495168
15439757312
15440019456
15440281600
15440543744
15440805888
15441068032
15441330176
15441592320
15441854464
15442116608
15442378752
15442640896
15442903040
15443165184
15443427328
15443689472
15443951616
15444213760
15444475904
15444738048
15445000192
15445262336
15445524480
15445786624
15446048768
15446310912
15446573056
15446835200
15447097344
15447359488
15447621632
15447883776
15448145920
15448408064
15448670208
15448932352
15449194496
15449456640
15449718784
15449980928
15450243072
15450505216
15450767360
15451029504
15451291648
15451553792
15451815936
15452078080
15452340224
15452602368
15452864512
15453126656
15453388800
15453650944
15453913088
15454175232
15454437376
15454699520
15454961664
15455223808
15455485952
15455748096
15456010240
15456272384
15456534528
15456796672
15457058816
15457320960
15457583104
15457845248
15458107392
15458369536
15458631680
15458893824
15459155968
15459418112
15459680256
15459942400
15460204544
15460466688
15460728832
15460990976
15461253120
15461515264
15461777408
15462039552
15462301696
15462563840
15462825984
15463088128
15463350272
15463612416
15463874560
15464136704
15464398848
15464660992
15464923136
15465185280
15465447424
15465709568
15465971712
15466233856
15466496000
15466758144
15467020288
15467282432
15467544576
15467806720
15468068864
15468331008
15468593152
15468855296
15469117440
15469379584
15469641728
15469903872
15470166016
15470428160
15470690304
15470952448
15471214592
15471476736
15471738880
15472001024
15472263168
15472525312
15472787456
15473049600
15473311744
15473573888
15473836032
15474098176
15474360320
15474622464
15474884608
15475146752
15475408896
15475671040
15475933184
15476195328
15476457472
15476719616
15476981760
15477243904
15477506048
15477768192
15478030336
15478292480
15478554624
15478816768
15479078912
15479341056
15479603200
15479865344
15480127488
15480389632
15480651776
15480913920
15481176064
15481438208
15481700352
15481962496
15482224640
15482486784
15482748928
15483011072
15483273216
15483535360
15483797504
15484059648
15484321792
15484583936
15484846080
15485108224
15485370368
15485632512
15485894656
15486156800
15486418944
15486681088
15486943232
15487205376
15487467520
15487729664
15487991808
15488253952
15488516096
15488778240
15489040384
15489302528
15489564672
15489826816
15490088960
15490351104
15490613248
15490875392
15491137536
15491399680
15491661824
15491923968
15492186112
15492448256
15492710400
15492972544
15493234688
15493496832
15493758976
15494021120
15494283264
15494545408
15494807552
15495069696
15495331840
15495593984
15495856128
15496118272
15496380416
15496642560
15496904704
15497166848
15497428992
15497691136
15497953280
15498215424
15498477568
15498739712
15499001856
15499264000
15499526144
15499788288
15500050432
15500312576
15500574720
15500836864
15501099008
15501361152
15501623296
15501885440
15502147584
15502409728
15502671872
15502934016
15503196160
15503458304
15503720448
15503982592
15504244736
15504506880
15504769024
15505031168
15505293312
15505555456
15505817600
15506079744
15506341888
15506604032
15506866176
15507128320
15507390464
15507652608
15507914752
15508176896
15508439040
15508701184
15508963328
15509225472
15509487616
15509749760
15510011904
15510274048
15510536192
15510798336
15511060480
15511322624
15511584768
15511846912
15512109056
15512371200
15512633344
15512895488
15513157632
15513419776
15513681920
15513944064
15514206208
15514468352
15514730496
15514992640
15515254784
15515516928
15515779072
15516041216
15516303360
15516565504
15516827648
15517089792
15517351936
15517614080
15517876224
15518138368
15518400512
15518662656
15518924800
15519186944
15519449088
15519711232
15519973376
15520235520
15520497664
15520759808
15521021952
15521284096
15521546240
15521808384
15522070528
15522332672
15522594816
15522856960
15523119104
15523381248
15523643392
15523905536
15524167680
15524429824
15524691968
15524954112
15525216256
15525478400
15525740544
15526002688
15526264832
15526526976
15526789120
15527051264
15527313408
15527575552
15527837696
15528099840
15528361984
15528624128
15528886272
15529148416
15529410560
15529672704
15529934848
15530196992
15530459136
15530721280
15530983424
15531245568
15531507712
15531769856
15532032000
15532294144
15532556288
15532818432
15533080576
15533342720
15533604864
15533867008
15534129152
15534391296
15534653440
15534915584
15535177728
15535439872
15535702016
15535964160
15536226304
15536488448
15536750592
15537012736
15537274880
15537537024
15537799168
15538061312
15538323456
15538585600
15538847744
15539109888
15539372032
15539634176
15539896320
15540158464
15540420608
15540682752
15540944896
15541207040
15541469184
15541731328
15541993472
15542255616
15542517760
15542779904
15543042048
15543304192
15543566336
15543828480
15544090624
15544352768
15544614912
15544877056
15545139200
15545401344
15545663488
15545925632
15546187776
15546449920
15546712064
15546974208
15547236352
15547498496
15547760640
15548022784
15548284928
15548547072
15548809216
15549071360
15549333504
15549595648
15549857792
15550119936
15550382080
15550644224
15550906368
15551168512
15551430656
15551692800
15551954944
15552217088
15552479232
15552741376
15553003520
15553265664
15553527808
15553789952
15554052096
15554314240
15554576384
15554838528
15555100672
15555362816
15555624960
15555887104
15556149248
15556411392
15556673536
15556935680
15557197824
15557459968
15557722112
15557984256
15558246400
15558508544
15558770688
15559032832
15559294976
15559557120
15559819264
15560081408
15560343552
15560605696
15560867840
15561129984
15561392128
15561654272
15561916416
15562178560
15562440704
15562702848
15562964992
15563227136
15563489280
15563751424
15564013568
15564275712
15564537856
15564800000
15565062144
15565324288
15565586432
15565848576
15566110720
15566372864
15566635008
15566897152
15567159296
15567421440
15567683584
15567945728
15568207872
15568470016
15568732160
15568994304
15569256448
15569518592
15569780736
15570042880
15570305024
15570567168
15570829312
15571091456
15571353600
15571615744
15571877888
15572140032
15572402176
15572664320
15572926464
15573188608
15573450752
15573712896
15573975040
15574237184
15574499328
15574761472
15575023616
15575285760
15575547904
15575810048
15576072192
15576334336
15576596480
15576858624
15577120768
15577382912
15577645056
15577907200
15578169344
15578431488
15578693632
15578955776
15579217920
15579480064
15579742208
15580004352
15580266496
15580528640
15580790784
15581052928
15581315072
15581577216
15581839360
15582101504
15582363648
15582625792
15582887936
15583150080
15583412224
15583674368
15583936512
15584198656
15584460800
15584722944
15584985088
15585247232
15585509376
15585771520
15586033664
15586295808
15586557952
15586820096
15587082240
15587344384
15587606528
15587868672
15588130816
15588392960
15588655104
15588917248
15589179392
15589441536
15589703680
15589965824
15590227968
15590490112
15590752256
15591014400
15591276544
15591538688
15591800832
15592062976
15592325120
15592587264
15592849408
15593111552
15593373696
15593635840
15593897984
15594160128
15594422272
15594684416
15594946560
15595208704
15595470848
15595732992
15595995136
15596257280
15596519424
15596781568
15597043712
15597305856
15597568000
15597830144
15598092288
15598354432
15598616576
15598878720
15599140864
15599403008
15599665152
15599927296
15600189440
15600451584
15600713728
15600975872
15601238016
15601500160
15601762304
15602024448
15602286592
15602548736
15602810880
15603073024
15603335168
15603597312
15603859456
15604121600
15604383744
15604645888
15604908032
15605170176
15605432320
15605694464
15605956608
15606218752
15606480896
15606743040
15607005184
15607267328
15607529472
15607791616
15608053760
15608315904
15608578048
15608840192
15609102336
15609364480
15609626624
15609888768
15610150912
15610413056
15610675200
15610937344
15611199488
15611461632
15611723776
15611985920
15612248064
15612510208
15612772352
15613034496
15613296640
15613558784
15613820928
15614083072
15614345216
15614607360
15614869504
15615131648
15615393792
15615655936
15615918080
15616180224
15616442368
15616704512
15616966656
15617228800
15617490944
15617753088
15618015232
15618277376
15618539520
15618801664
15619063808
15619325952
15619588096
15619850240
15620112384
15620374528
15620636672
15620898816
15621160960
15621423104
15621685248
15621947392
15622209536
15622471680
15622733824
15622995968
15623258112
15623520256
15623782400
15624044544
15624306688
15624568832
15624830976
15625093120
15625355264
15625617408
15625879552
15626141696
15626403840
15626665984
15626928128
15627190272
15627452416
15627714560
15627976704
15628238848
15628500992
15628763136
15629025280
15629287424
15629549568
15629811712
15630073856
15630336000
15630598144
15630860288
15631122432
15631384576
15631646720
15631908864
15632171008
15632433152
15632695296
15632957440
15633219584
15633481728
15633743872
15634006016
15634268160
15634530304
15634792448
15635054592
15635316736
15635578880
15635841024
15636103168
15636365312
15636627456
15636889600
15637151744
15637413888
15637676032
15637938176
15638200320
15638462464
15638724608
15638986752
15639248896
15639511040
15639773184
15640035328
15640297472
15640559616
15640821760
15641083904
15641346048
15641608192
15641870336
15642132480
15642394624
15642656768
15642918912
15643181056
15643443200
15643705344
15643967488
15644229632
15644491776
15644753920
15645016064
15645278208
15645540352
15645802496
15646064640
15646326784
15646588928
15646851072
15647113216
15647375360
15647637504
15647899648
15648161792
15648423936
15648686080
15648948224
15649210368
15649472512
15649734656
15649996800
15650258944
15650521088
15650783232
15651045376
15651307520
15651569664
15651831808
15652093952
15652356096
15652618240
15652880384
15653142528
15653404672
15653666816
15653928960
15654191104
15654453248
15654715392
15654977536
15655239680
15655501824
15655763968
15656026112
15656288256
15656550400
15656812544
15657074688
15657336832
15657598976
15657861120
15658123264
15658385408
15658647552
15658909696
15659171840
15659433984
15659696128
15659958272
15660220416
15660482560
15660744704
15661006848
15661268992
15661531136
15661793280
15662055424
15662317568
15662579712
15662841856
15663104000
15663366144
15663628288
15663890432
15664152576
15664414720
15664676864
15664939008
15665201152
15665463296
15665725440
15665987584
15666249728
15666511872
15666774016
15667036160
15667298304
15667560448
15667822592
15668084736
15668346880
15668609024
15668871168
15669133312
15669395456
15669657600
15669919744
15670181888
15670444032
15670706176
15670968320
15671230464
15671492608
15671754752
15672016896
15672279040
15672541184
15672803328
15673065472
15673327616
15673589760
15673851904
15674114048
15674376192
15674638336
15674900480
15675162624
15675424768
15675686912
15675949056
15676211200
15676473344
15676735488
15676997632
15677259776
15677521920
15677784064
15678046208
15678308352
15678570496
15678832640
15679094784
15679356928
15679619072
15679881216
15680143360
15680405504
15680667648
15680929792
15681191936
15681454080
15681716224
15681978368
15682240512
15682502656
15682764800
15683026944
15683289088
15683551232
15683813376
15684075520
15684337664
15684599808
15684861952
15685124096
15685386240
15685648384
15685910528
15686172672
15686434816
15686696960
15686959104
15687221248
15687483392
15687745536
15688007680
15688269824
15688531968
15688794112
15689056256
15689318400
15689580544
15689842688
15690104832
15690366976
15690629120
15690891264
15691153408
15691415552
15691677696
15691939840
15692201984
15692464128
15692726272
15692988416
15693250560
15693512704
15693774848
15694036992
15694299136
15694561280
15694823424
15695085568
15695347712
15695609856
15695872000
15696134144
15696396288
15696658432
15696920576
15697182720
15697444864
15697707008
15697969152
15698231296
15698493440
15698755584
15699017728
15699279872
15699542016
15699804160
15700066304
15700328448
15700590592
15700852736
15701114880
15701377024
15701639168
15701901312
15702163456
15702425600
15702687744
15702949888
15703212032
15703474176
15703736320
15703998464
15704260608
15704522752
15704784896
15705047040
15705309184
15705571328
15705833472
15706095616
15706357760
15706619904
15706882048
15707144192
15707406336
15707668480
15707930624
15708192768
15708454912
15708717056
15708979200
15709241344
15709503488
15709765632
15710027776
15710289920
15710552064
15710814208
15711076352
15711338496
15711600640
15711862784
15712124928
15712387072
15712649216
15712911360
15713173504
15713435648
15713697792
15713959936
15714222080
15714484224
15714746368
15715008512
15715270656
15715532800
15715794944
15716057088
15716319232
15716581376
15716843520
15717105664
15717367808
15717629952
15717892096
15718154240
15718416384
15718678528
15718940672
15719202816
15719464960
15719727104
15719989248
15720251392
15720513536
15720775680
15721037824
15721299968
15721562112
15721824256
15722086400
15722348544
15722610688
15722872832
15723134976
15723397120
15723659264
15723921408
15724183552
15724445696
15724707840
15724969984
15725232128
15725494272
15725756416
15726018560
15726280704
15726542848
15726804992
15727067136
15727329280
15727591424
15727853568
15728115712
15728377856
15728640000
15728902144
15729164288
15729426432
15729688576
15729950720
15730212864
15730475008
15730737152
15730999296
15731261440
15731523584
15731785728
15732047872
15732310016
15732572160
15732834304
15733096448
15733358592
15733620736
15733882880
15734145024
15734407168
15734669312
15734931456
15735193600
15735455744
15735717888
15735980032
15736242176
15736504320
15736766464
15737028608
15737290752
15737552896
15737815040
15738077184
15738339328
15738601472
15738863616
15739125760
15739387904
15739650048
15739912192
15740174336
15740436480
15740698624
15740960768
15741222912
15741485056
15741747200
15742009344
15742271488
15742533632
15742795776
15743057920
15743320064
15743582208
15743844352
15744106496
15744368640
15744630784
15744892928
15745155072
15745417216
15745679360
15745941504
15746203648
15746465792
15746727936
15746990080
15747252224
15747514368
15747776512
15748038656
15748300800
15748562944
15748825088
15749087232
15749349376
15749611520
15749873664
15750135808
15750397952
15750660096
15750922240
15751184384
15751446528
15751708672
15751970816
15752232960
15752495104
15752757248
15753019392
15753281536
15753543680
15753805824
15754067968
15754330112
15754592256
15754854400
15755116544
15755378688
15755640832
15755902976
15756165120
15756427264
15756689408
15756951552
15757213696
15757475840
15757737984
15758000128
15758262272
15758524416
15758786560
15759048704
15759310848
15759572992
15759835136
15760097280
15760359424
15760621568
15760883712
15761145856
15761408000
15761670144
15761932288
15762194432
15762456576
15762718720
15762980864
15763243008
15763505152
15763767296
15764029440
15764291584
15764553728
15764815872
15765078016
15765340160
15765602304
15765864448
15766126592
15766388736
15766650880
15766913024
15767175168
15767437312
15767699456
15767961600
15768223744
15768485888
15768748032
15769010176
15769272320
15769534464
15769796608
15770058752
15770320896
15770583040
15770845184
15771107328
15771369472
15771631616
15771893760
15772155904
15772418048
15772680192
15772942336
15773204480
15773466624
15773728768
15773990912
15774253056
15774515200
15774777344
15775039488
15775301632
15775563776
15775825920
15776088064
15776350208
15776612352
15776874496
15777136640
15777398784
15777660928
15777923072
15778185216
15778447360
15778709504
15778971648
15779233792
15779495936
15779758080
15780020224
15780282368
15780544512
15780806656
15781068800
15781330944
15781593088
15781855232
15782117376
15782379520
15782641664
15782903808
15783165952
15783428096
15783690240
15783952384
15784214528
15784476672
15784738816
15785000960
15785263104
15785525248
15785787392
15786049536
15786311680
15786573824
15786835968
15787098112
15787360256
15787622400
15787884544
15788146688
15788408832
15788670976
15788933120
15789195264
15789457408
15789719552
15789981696
15790243840
15790505984
15790768128
15791030272
15791292416
15791554560
15791816704
15792078848
15792340992
15792603136
15792865280
15793127424
15793389568
15793651712
15793913856
15794176000
15794438144
15794700288
15794962432
15795224576
15795486720
15795748864
15796011008
15796273152
15796535296
15796797440
15797059584
15797321728
15797583872
15797846016
15798108160
15798370304
15798632448
15798894592
15799156736
15799418880
15799681024
15799943168
15800205312
15800467456
15800729600
15800991744
15801253888
15801516032
15801778176
15802040320
15802302464
15802564608
15802826752
15803088896
15803351040
15803613184
15803875328
15804137472
15804399616
15804661760
15804923904
15805186048
15805448192
15805710336
15805972480
15806234624
15806496768
15806758912
15807021056
15807283200
15807545344
15807807488
15808069632
15808331776
15808593920
15808856064
15809118208
15809380352
15809642496
15809904640
15810166784
15810428928
15810691072
15810953216
15811215360
15811477504
15811739648
15812001792
15812263936
15812526080
15812788224
15813050368
15813312512
15813574656
15813836800
15814098944
15814361088
15814623232
15814885376
15815147520
15815409664
15815671808
15815933952
15816196096
15816458240
15816720384
15816982528
15817244672
15817506816
15817768960
15818031104
15818293248
15818555392
15818817536
15819079680
15819341824
15819603968
15819866112
15820128256
15820390400
15820652544
15820914688
15821176832
15821438976
15821701120
15821963264
15822225408
15822487552
15822749696
15823011840
15823273984
15823536128
15823798272
15824060416
15824322560
15824584704
15824846848
15825108992
15825371136
15825633280
15825895424
15826157568
15826419712
15826681856
15826944000
15827206144
15827468288
15827730432
15827992576
15828254720
15828516864
15828779008
15829041152
15829303296
15829565440
15829827584
15830089728
15830351872
15830614016
15830876160
15831138304
15831400448
15831662592
15831924736
15832186880
15832449024
15832711168
15832973312
15833235456
15833497600
15833759744
15834021888
15834284032
15834546176
15834808320
15835070464
15835332608
15835594752
15835856896
15836119040
15836381184
15836643328
15836905472
15837167616
15837429760
15837691904
15837954048
15838216192
15838478336
15838740480
15839002624
15839264768
15839526912
15839789056
15840051200
15840313344
15840575488
15840837632
15841099776
15841361920
15841624064
15841886208
15842148352
15842410496
15842672640
15842934784
15843196928
15843459072
15843721216
15843983360
15844245504
15844507648
15844769792
15845031936
15845294080
15845556224
15845818368
15846080512
15846342656
15846604800
15846866944
15847129088
15847391232
15847653376
15847915520
15848177664
15848439808
15848701952
15848964096
15849226240
15849488384
15849750528
15850012672
15850274816
15850536960
15850799104
15851061248
15851323392
15851585536
15851847680
15852109824
15852371968
15852634112
15852896256
15853158400
15853420544
15853682688
15853944832
15854206976
15854469120
15854731264
15854993408
15855255552
15855517696
15855779840
15856041984
15856304128
15856566272
15856828416
15857090560
15857352704
15857614848
15857876992
15858139136
15858401280
15858663424
15858925568
15859187712
15859449856
15859712000
15859974144
15860236288
15860498432
15860760576
15861022720
15861284864
15861547008
15861809152
15862071296
15862333440
15862595584
15862857728
15863119872
15863382016
15863644160
15863906304
15864168448
15864430592
15864692736
15864954880
15865217024
15865479168
15865741312
15866003456
15866265600
15866527744
15866789888
15867052032
15867314176
15867576320
15867838464
15868100608
15868362752
15868624896
15868887040
15869149184
15869411328
15869673472
15869935616
15870197760
15870459904
15870722048
15870984192
15871246336
15871508480
15871770624
15872032768
15872294912
15872557056
15872819200
15873081344
15873343488
15873605632
15873867776
15874129920
15874392064
15874654208
15874916352
15875178496
15875440640
15875702784
15875964928
15876227072
15876489216
15876751360
15877013504
15877275648
15877537792
15877799936
15878062080
15878324224
15878586368
15878848512
15879110656
15879372800
15879634944
15879897088
15880159232
15880421376
15880683520
15880945664
15881207808
15881469952
15881732096
15881994240
15882256384
15882518528
15882780672
15883042816
15883304960
15883567104
15883829248
15884091392
15884353536
15884615680
15884877824
15885139968
15885402112
15885664256
15885926400
15886188544
15886450688
15886712832
15886974976
15887237120
15887499264
15887761408
15888023552
15888285696
15888547840
15888809984
15889072128
15889334272
15889596416
15889858560
15890120704
15890382848
15890644992
15890907136
15891169280
15891431424
15891693568
15891955712
15892217856
15892480000
15892742144
15893004288
15893266432
15893528576
15893790720
15894052864
15894315008
15894577152
15894839296
15895101440
15895363584
15895625728
15895887872
15896150016
15896412160
15896674304
15896936448
15897198592
15897460736
15897722880
15897985024
15898247168
15898509312
15898771456
15899033600
15899295744
15899557888
15899820032
15900082176
15900344320
15900606464
15900868608
15901130752
15901392896
15901655040
15901917184
15902179328
15902441472
15902703616
15902965760
15903227904
15903490048
15903752192
15904014336
15904276480
15904538624
15904800768
15905062912
15905325056
15905587200
15905849344
15906111488
15906373632
15906635776
15906897920
15907160064
15907422208
15907684352
15907946496
15908208640
15908470784
15908732928
15908995072
15909257216
15909519360
15909781504
15910043648
15910305792
15910567936
15910830080
15911092224
15911354368
15911616512
15911878656
15912140800
15912402944
15912665088
15912927232
15913189376
15913451520
15913713664
15913975808
15914237952
15914500096
15914762240
15915024384
15915286528
15915548672
15915810816
15916072960
15916335104
15916597248
15916859392
15917121536
15917383680
15917645824
15917907968
15918170112
15918432256
15918694400
15918956544
15919218688
15919480832
15919742976
15920005120
15920267264
15920529408
15920791552
15921053696
15921315840
15921577984
15921840128
15922102272
15922364416
15922626560
15922888704
15923150848
15923412992
15923675136
15923937280
15924199424
15924461568
15924723712
15924985856
15925248000
15925510144
15925772288
15926034432
15926296576
15926558720
15926820864
15927083008
15927345152
15927607296
15927869440
15928131584
15928393728
15928655872
15928918016
15929180160
15929442304
15929704448
15929966592
15930228736
15930490880
15930753024
15931015168
15931277312
15931539456
15931801600
15932063744
15932325888
15932588032
15932850176
15933112320
15933374464
15933636608
15933898752
15934160896
15934423040
15934685184
15934947328
15935209472
15935471616
15935733760
15935995904
15936258048
15936520192
15936782336
15937044480
15937306624
15937568768
15937830912
15938093056
15938355200
15938617344
15938879488
15939141632
15939403776
15939665920
15939928064
15940190208
15940452352
15940714496
15940976640
15941238784
15941500928
15941763072
15942025216
15942287360
15942549504
15942811648
15943073792
15943335936
15943598080
15943860224
15944122368
15944384512
15944646656
15944908800
15945170944
15945433088
15945695232
15945957376
15946219520
15946481664
15946743808
15947005952
15947268096
15947530240
15947792384
15948054528
15948316672
15948578816
15948840960
15949103104
15949365248
15949627392
15949889536
15950151680
15950413824
15950675968
15950938112
15951200256
15951462400
15951724544
15951986688
15952248832
15952510976
15952773120
15953035264
15953297408
15953559552
15953821696
15954083840
15954345984
15954608128
15954870272
15955132416
15955394560
15955656704
15955918848
15956180992
15956443136
15956705280
15956967424
15957229568
15957491712
15957753856
15958016000
15958278144
15958540288
15958802432
15959064576
15959326720
15959588864
15959851008
15960113152
15960375296
15960637440
15960899584
15961161728
15961423872
15961686016
15961948160
15962210304
15962472448
15962734592
15962996736
15963258880
15963521024
15963783168
15964045312
15964307456
15964569600
15964831744
15965093888
15965356032
15965618176
15965880320
15966142464
15966404608
15966666752
15966928896
15967191040
15967453184
15967715328
15967977472
15968239616
15968501760
15968763904
15969026048
15969288192
15969550336
15969812480
15970074624
15970336768
15970598912
15970861056
15971123200
15971385344
15971647488
15971909632
15972171776
15972433920
15972696064
15972958208
15973220352
15973482496
15973744640
15974006784
15974268928
15974531072
15974793216
15975055360
15975317504
15975579648
15975841792
15976103936
15976366080
15976628224
15976890368
15977152512
15977414656
15977676800
15977938944
15978201088
15978463232
15978725376
15978987520
15979249664
15979511808
15979773952
15980036096
15980298240
15980560384
15980822528
15981084672
15981346816
15981608960
15981871104
15982133248
15982395392
15982657536
15982919680
15983181824
15983443968
15983706112
15983968256
15984230400
15984492544
15984754688
15985016832
15985278976
15985541120
15985803264
15986065408
15986327552
15986589696
15986851840
15987113984
15987376128
15987638272
15987900416
15988162560
15988424704
15988686848
15988948992
15989211136
15989473280
15989735424
15989997568
15990259712
15990521856
15990784000
15991046144
15991308288
15991570432
15991832576
15992094720
15992356864
15992619008
15992881152
15993143296
15993405440
15993667584
15993929728
15994191872
15994454016
15994716160
15994978304
15995240448
15995502592
15995764736
15996026880
15996289024
15996551168
15996813312
15997075456
15997337600
15997599744
15997861888
15998124032
15998386176
15998648320
15998910464
15999172608
15999434752
15999696896
15999959040
16000221184
16000483328
16000745472
16001007616
16001269760
16001531904
16001794048
16002056192
16002318336
16002580480
16002842624
16003104768
16003366912
16003629056
16003891200
16004153344
16004415488
16004677632
16004939776
16005201920
16005464064
16005726208
16005988352
16006250496
16006512640
16006774784
16007036928
16007299072
16007561216
16007823360
16008085504
16008347648
16008609792
16008871936
16009134080
16009396224
16009658368
16009920512
16010182656
16010444800
16010706944
16010969088
16011231232
16011493376
16011755520
16012017664
16012279808
16012541952
16012804096
16013066240
16013328384
16013590528
16013852672
16014114816
16014376960
16014639104
16014901248
16015163392
16015425536
16015687680
16015949824
16016211968
16016474112
16016736256
16016998400
16017260544
16017522688
16017784832
16018046976
16018309120
16018571264
16018833408
16019095552
16019357696
16019619840
16019881984
16020144128
16020406272
16020668416
16020930560
16021192704
16021454848
16021716992
16021979136
16022241280
16022503424
16022765568
16023027712
16023289856
16023552000
16023814144
16024076288
16024338432
16024600576
16024862720
16025124864
16025387008
16025649152
16025911296
16026173440
16026435584
16026697728
16026959872
16027222016
16027484160
16027746304
16028008448
16028270592
16028532736
16028794880
16029057024
16029319168
16029581312
16029843456
16030105600
16030367744
16030629888
16030892032
16031154176
16031416320
16031678464
16031940608
16032202752
16032464896
16032727040
16032989184
16033251328
16033513472
16033775616
16034037760
16034299904
16034562048
16034824192
16035086336
16035348480
16035610624
16035872768
16036134912
16036397056
16036659200
16036921344
16037183488
16037445632
16037707776
16037969920
16038232064
16038494208
16038756352
16039018496
16039280640
16039542784
16039804928
16040067072
16040329216
16040591360
16040853504
16041115648
16041377792
16041639936
16041902080
16042164224
16042426368
16042688512
16042950656
16043212800
16043474944
16043737088
16043999232
16044261376
16044523520
16044785664
16045047808
16045309952
16045572096
16045834240
16046096384
16046358528
16046620672
16046882816
16047144960
16047407104
16047669248
16047931392
16048193536
16048455680
16048717824
16048979968
16049242112
16049504256
16049766400
16050028544
16050290688
16050552832
16050814976
16051077120
16051339264
16051601408
16051863552
16052125696
16052387840
16052649984
16052912128
16053174272
16053436416
16053698560
16053960704
16054222848
16054484992
16054747136
16055009280
16055271424
16055533568
16055795712
16056057856
16056320000
16056582144
16056844288
16057106432
16057368576
16057630720
16057892864
16058155008
16058417152
16058679296
16058941440
16059203584
16059465728
16059727872
16059990016
16060252160
16060514304
16060776448
16061038592
16061300736
16061562880
16061825024
16062087168
16062349312
16062611456
16062873600
16063135744
16063397888
16063660032
16063922176
16064184320
16064446464
16064708608
16064970752
16065232896
16065495040
16065757184
16066019328
16066281472
16066543616
16066805760
16067067904
16067330048
16067592192
16067854336
16068116480
16068378624
16068640768
16068902912
16069165056
16069427200
16069689344
16069951488
16070213632
16070475776
16070737920
16071000064
16071262208
16071524352
16071786496
16072048640
16072310784
16072572928
16072835072
16073097216
16073359360
16073621504
16073883648
16074145792
16074407936
16074670080
16074932224
16075194368
16075456512
16075718656
16075980800
16076242944
16076505088
16076767232
16077029376
16077291520
16077553664
16077815808
16078077952
16078340096
16078602240
16078864384
16079126528
16079388672
16079650816
16079912960
16080175104
16080437248
16080699392
16080961536
16081223680
16081485824
16081747968
16082010112
16082272256
16082534400
16082796544
16083058688
16083320832
16083582976
16083845120
16084107264
16084369408
16084631552
16084893696
16085155840
16085417984
16085680128
16085942272
16086204416
16086466560
16086728704
16086990848
16087252992
16087515136
16087777280
16088039424
16088301568
16088563712
16088825856
16089088000
16089350144
16089612288
16089874432
16090136576
16090398720
16090660864
16090923008
16091185152
16091447296
16091709440
16091971584
16092233728
16092495872
16092758016
16093020160
16093282304
16093544448
16093806592
16094068736
16094330880
16094593024
16094855168
16095117312
16095379456
16095641600
16095903744
16096165888
16096428032
16096690176
16096952320
16097214464
16097476608
16097738752
16098000896
16098263040
16098525184
16098787328
16099049472
16099311616
16099573760
16099835904
16100098048
16100360192
16100622336
16100884480
16101146624
16101408768
16101670912
16101933056
16102195200
16102457344
16102719488
16102981632
16103243776
16103505920
16103768064
16104030208
16104292352
16104554496
16104816640
16105078784
16105340928
16105603072
16105865216
16106127360
16106389504
16106651648
16106913792
16107175936
16107438080
16107700224
16107962368
16108224512
16108486656
16108748800
16109010944
16109273088
16109535232
16109797376
16110059520
16110321664
16110583808
16110845952
16111108096
16111370240
16111632384
16111894528
16112156672
16112418816
16112680960
16112943104
16113205248
16113467392
16113729536
16113991680
16114253824
16114515968
16114778112
16115040256
16115302400
16115564544
16115826688
16116088832
16116350976
16116613120
16116875264
16117137408
16117399552
16117661696
16117923840
16118185984
16118448128
16118710272
16118972416
16119234560
16119496704
16119758848
16120020992
16120283136
16120545280
16120807424
16121069568
16121331712
16121593856
16121856000
16122118144
16122380288
16122642432
16122904576
16123166720
16123428864
16123691008
16123953152
16124215296
16124477440
16124739584
16125001728
16125263872
16125526016
16125788160
16126050304
16126312448
16126574592
16126836736
16127098880
16127361024
16127623168
16127885312
16128147456
16128409600
16128671744
16128933888
16129196032
16129458176
16129720320
16129982464
16130244608
16130506752
16130768896
16131031040
16131293184
16131555328
16131817472
16132079616
16132341760
16132603904
16132866048
16133128192
16133390336
16133652480
16133914624
16134176768
16134438912
16134701056
16134963200
16135225344
16135487488
16135749632
16136011776
16136273920
16136536064
16136798208
16137060352
16137322496
16137584640
16137846784
16138108928
16138371072
16138633216
16138895360
16139157504
16139419648
16139681792
16139943936
16140206080
16140468224
16140730368
16140992512
16141254656
16141516800
16141778944
16142041088
16142303232
16142565376
16142827520
16143089664
16143351808
16143613952
16143876096
16144138240
16144400384
16144662528
16144924672
16145186816
16145448960
16145711104
16145973248
16146235392
16146497536
16146759680
16147021824
16147283968
16147546112
16147808256
16148070400
16148332544
16148594688
16148856832
16149118976
16149381120
16149643264
16149905408
16150167552
16150429696
16150691840
16150953984
16151216128
16151478272
16151740416
16152002560
16152264704
16152526848
16152788992
16153051136
16153313280
16153575424
16153837568
16154099712
16154361856
16154624000
16154886144
16155148288
16155410432
16155672576
16155934720
16156196864
16156459008
16156721152
16156983296
16157245440
16157507584
16157769728
16158031872
16158294016
16158556160
16158818304
16159080448
16159342592
16159604736
16159866880
16160129024
16160391168
16160653312
16160915456
16161177600
16161439744
16161701888
16161964032
16162226176
16162488320
16162750464
16163012608
16163274752
16163536896
16163799040
16164061184
16164323328
16164585472
16164847616
16165109760
16165371904
16165634048
16165896192
16166158336
16166420480
16166682624
16166944768
16167206912
16167469056
16167731200
16167993344
16168255488
16168517632
16168779776
16169041920
16169304064
16169566208
16169828352
16170090496
16170352640
16170614784
16170876928
16171139072
16171401216
16171663360
16171925504
16172187648
16172449792
16172711936
16172974080
16173236224
16173498368
16173760512
16174022656
16174284800
16174546944
16174809088
16175071232
16175333376
16175595520
16175857664
16176119808
16176381952
16176644096
16176906240
16177168384
16177430528
16177692672
16177954816
16178216960
16178479104
16178741248
16179003392
16179265536
16179527680
16179789824
16180051968
16180314112
16180576256
16180838400
16181100544
16181362688
16181624832
16181886976
16182149120
16182411264
16182673408
16182935552
16183197696
16183459840
16183721984
16183984128
16184246272
16184508416
16184770560
16185032704
16185294848
16185556992
16185819136
16186081280
16186343424
16186605568
16186867712
16187129856
16187392000
16187654144
16187916288
16188178432
16188440576
16188702720
16188964864
16189227008
16189489152
16189751296
16190013440
16190275584
16190537728
16190799872
16191062016
16191324160
16191586304
16191848448
16192110592
16192372736
16192634880
16192897024
16193159168
16193421312
16193683456
16193945600
16194207744
16194469888
16194732032
16194994176
16195256320
16195518464
16195780608
16196042752
16196304896
16196567040
16196829184
16197091328
16197353472
16197615616
16197877760
16198139904
16198402048
16198664192
16198926336
16199188480
16199450624
16199712768
16199974912
16200237056
16200499200
16200761344
16201023488
16201285632
16201547776
16201809920
16202072064
16202334208
16202596352
16202858496
16203120640
16203382784
16203644928
16203907072
16204169216
16204431360
16204693504
16204955648
16205217792
16205479936
16205742080
16206004224
16206266368
16206528512
16206790656
16207052800
16207314944
16207577088
16207839232
16208101376
16208363520
16208625664
16208887808
16209149952
16209412096
16209674240
16209936384
16210198528
16210460672
16210722816
16210984960
16211247104
16211509248
16211771392
16212033536
16212295680
16212557824
16212819968
16213082112
16213344256
16213606400
16213868544
16214130688
16214392832
16214654976
16214917120
16215179264
16215441408
16215703552
16215965696
16216227840
16216489984
16216752128
16217014272
16217276416
16217538560
16217800704
16218062848
16218324992
16218587136
16218849280
16219111424
16219373568
16219635712
16219897856
16220160000
16220422144
16220684288
16220946432
16221208576
16221470720
16221732864
16221995008
16222257152
16222519296
16222781440
16223043584
16223305728
16223567872
16223830016
16224092160
16224354304
16224616448
16224878592
16225140736
16225402880
16225665024
16225927168
16226189312
16226451456
16226713600
16226975744
16227237888
16227500032
16227762176
16228024320
16228286464
16228548608
16228810752
16229072896
16229335040
16229597184
16229859328
16230121472
16230383616
16230645760
16230907904
16231170048
16231432192
16231694336
16231956480
16232218624
16232480768
16232742912
16233005056
16233267200
16233529344
16233791488
16234053632
16234315776
16234577920
16234840064
16235102208
16235364352
16235626496
16235888640
16236150784
16236412928
16236675072
16236937216
16237199360
16237461504
16237723648
16237985792
16238247936
16238510080
16238772224
16239034368
16239296512
16239558656
16239820800
16240082944
16240345088
16240607232
16240869376
16241131520
16241393664
16241655808
16241917952
16242180096
16242442240
16242704384
16242966528
16243228672
16243490816
16243752960
16244015104
16244277248
16244539392
16244801536
16245063680
16245325824
16245587968
16245850112
16246112256
16246374400
16246636544
16246898688
16247160832
16247422976
16247685120
16247947264
16248209408
16248471552
16248733696
16248995840
16249257984
16249520128
16249782272
16250044416
16250306560
16250568704
16250830848
16251092992
16251355136
16251617280
16251879424
16252141568
16252403712
16252665856
16252928000
16253190144
16253452288
16253714432
16253976576
16254238720
16254500864
16254763008
16255025152
16255287296
16255549440
16255811584
16256073728
16256335872
16256598016
16256860160
16257122304
16257384448
16257646592
16257908736
16258170880
16258433024
16258695168
16258957312
16259219456
16259481600
16259743744
16260005888
16260268032
16260530176
16260792320
16261054464
16261316608
16261578752
16261840896
16262103040
16262365184
16262627328
16262889472
16263151616
16263413760
16263675904
16263938048
16264200192
16264462336
16264724480
16264986624
16265248768
16265510912
16265773056
16266035200
16266297344
16266559488
16266821632
16267083776
16267345920
16267608064
16267870208
16268132352
16268394496
16268656640
16268918784
16269180928
16269443072
16269705216
16269967360
16270229504
16270491648
16270753792
16271015936
16271278080
16271540224
16271802368
16272064512
16272326656
16272588800
16272850944
16273113088
16273375232
16273637376
16273899520
16274161664
16274423808
16274685952
16274948096
16275210240
16275472384
16275734528
16275996672
16276258816
16276520960
16276783104
16277045248
16277307392
16277569536
16277831680
16278093824
16278355968
16278618112
16278880256
16279142400
16279404544
16279666688
16279928832
16280190976
16280453120
16280715264
16280977408
16281239552
16281501696
16281763840
16282025984
16282288128
16282550272
16282812416
16283074560
16283336704
16283598848
16283860992
16284123136
16284385280
16284647424
16284909568
16285171712
16285433856
16285696000
16285958144
16286220288
16286482432
16286744576
16287006720
16287268864
16287531008
16287793152
16288055296
16288317440
16288579584
16288841728
16289103872
16289366016
16289628160
16289890304
16290152448
16290414592
16290676736
16290938880
16291201024
16291463168
16291725312
16291987456
16292249600
16292511744
16292773888
16293036032
16293298176
16293560320
16293822464
16294084608
16294346752
16294608896
16294871040
16295133184
16295395328
16295657472
16295919616
16296181760
16296443904
16296706048
16296968192
16297230336
16297492480
16297754624
16298016768
16298278912
16298541056
16298803200
16299065344
16299327488
16299589632
16299851776
16300113920
16300376064
16300638208
16300900352
16301162496
16301424640
16301686784
16301948928
16302211072
16302473216
16302735360
16302997504
16303259648
16303521792
16303783936
16304046080
16304308224
16304570368
16304832512
16305094656
16305356800
16305618944
16305881088
16306143232
16306405376
16306667520
16306929664
16307191808
16307453952
16307716096
16307978240
16308240384
16308502528
16308764672
16309026816
16309288960
16309551104
16309813248
16310075392
16310337536
16310599680
16310861824
16311123968
16311386112
16311648256
16311910400
16312172544
16312434688
16312696832
16312958976
16313221120
16313483264
16313745408
16314007552
16314269696
16314531840
16314793984
16315056128
16315318272
16315580416
16315842560
16316104704
16316366848
16316628992
16316891136
16317153280
16317415424
16317677568
16317939712
16318201856
16318464000
16318726144
16318988288
16319250432
16319512576
16319774720
16320036864
16320299008
16320561152
16320823296
16321085440
16321347584
16321609728
16321871872
16322134016
16322396160
16322658304
16322920448
16323182592
16323444736
16323706880
16323969024
16324231168
16324493312
16324755456
16325017600
16325279744
16325541888
16325804032
16326066176
16326328320
16326590464
16326852608
16327114752
16327376896
16327639040
16327901184
16328163328
16328425472
16328687616
16328949760
16329211904
16329474048
16329736192
16329998336
16330260480
16330522624
16330784768
16331046912
16331309056
16331571200
16331833344
16332095488
16332357632
16332619776
16332881920
16333144064
16333406208
16333668352
16333930496
16334192640
16334454784
16334716928
16334979072
16335241216
16335503360
16335765504
16336027648
16336289792
16336551936
16336814080
16337076224
16337338368
16337600512
16337862656
16338124800
16338386944
16338649088
16338911232
16339173376
16339435520
16339697664
16339959808
16340221952
16340484096
16340746240
16341008384
16341270528
16341532672
16341794816
16342056960
16342319104
16342581248
16342843392
16343105536
16343367680
16343629824
16343891968
16344154112
16344416256
16344678400
16344940544
16345202688
16345464832
16345726976
16345989120
16346251264
16346513408
16346775552
16347037696
16347299840
16347561984
16347824128
16348086272
16348348416
16348610560
16348872704
16349134848
16349396992
16349659136
16349921280
16350183424
16350445568
16350707712
16350969856
16351232000
16351494144
16351756288
16352018432
16352280576
16352542720
16352804864
16353067008
16353329152
16353591296
16353853440
16354115584
16354377728
16354639872
16354902016
16355164160
16355426304
16355688448
16355950592
16356212736
16356474880
16356737024
16356999168
16357261312
16357523456
16357785600
16358047744
16358309888
16358572032
16358834176
16359096320
16359358464
16359620608
16359882752
16360144896
16360407040
16360669184
16360931328
16361193472
16361455616
16361717760
16361979904
16362242048
16362504192
16362766336
16363028480
16363290624
16363552768
16363814912
16364077056
16364339200
16364601344
16364863488
16365125632
16365387776
16365649920
16365912064
16366174208
16366436352
16366698496
16366960640
16367222784
16367484928
16367747072
16368009216
16368271360
16368533504
16368795648
16369057792
16369319936
16369582080
16369844224
16370106368
16370368512
16370630656
16370892800
16371154944
16371417088
16371679232
16371941376
16372203520
16372465664
16372727808
16372989952
16373252096
16373514240
16373776384
16374038528
16374300672
16374562816
16374824960
16375087104
16375349248
16375611392
16375873536
16376135680
16376397824
16376659968
16376922112
16377184256
16377446400
16377708544
16377970688
16378232832
16378494976
16378757120
16379019264
16379281408
16379543552
16379805696
16380067840
16380329984
16380592128
16380854272
16381116416
16381378560
16381640704
16381902848
16382164992
16382427136
16382689280
16382951424
16383213568
16383475712
16383737856
16384000000
16384262144
16384524288
16384786432
16385048576
16385310720
16385572864
16385835008
16386097152
16386359296
16386621440
16386883584
16387145728
16387407872
16387670016
16387932160
16388194304
16388456448
16388718592
16388980736
16389242880
16389505024
16389767168
16390029312
16390291456
16390553600
16390815744
16391077888
16391340032
16391602176
16391864320
16392126464
16392388608
16392650752
16392912896
16393175040
16393437184
16393699328
16393961472
16394223616
16394485760
16394747904
16395010048
16395272192
16395534336
16395796480
16396058624
16396320768
16396582912
16396845056
16397107200
16397369344
16397631488
16397893632
16398155776
16398417920
16398680064
16398942208
16399204352
16399466496
16399728640
16399990784
16400252928
16400515072
16400777216
16401039360
16401301504
16401563648
16401825792
16402087936
16402350080
16402612224
16402874368
16403136512
16403398656
16403660800
16403922944
16404185088
16404447232
16404709376
16404971520
16405233664
16405495808
16405757952
16406020096
16406282240
16406544384
16406806528
16407068672
16407330816
16407592960
16407855104
16408117248
16408379392
16408641536
16408903680
16409165824
16409427968
16409690112
16409952256
16410214400
16410476544
16410738688
16411000832
16411262976
16411525120
16411787264
16412049408
16412311552
16412573696
16412835840
16413097984
16413360128
16413622272
16413884416
16414146560
16414408704
16414670848
16414932992
16415195136
16415457280
16415719424
16415981568
16416243712
16416505856
16416768000
16417030144
16417292288
16417554432
16417816576
16418078720
16418340864
16418603008
16418865152
16419127296
16419389440
16419651584
16419913728
16420175872
16420438016
16420700160
16420962304
16421224448
16421486592
16421748736
16422010880
16422273024
16422535168
16422797312
16423059456
16423321600
16423583744
16423845888
16424108032
16424370176
16424632320
16424894464
16425156608
16425418752
16425680896
16425943040
16426205184
16426467328
16426729472
16426991616
16427253760
16427515904
16427778048
16428040192
16428302336
16428564480
16428826624
16429088768
16429350912
16429613056
16429875200
16430137344
16430399488
16430661632
16430923776
16431185920
16431448064
16431710208
16431972352
16432234496
16432496640
16432758784
16433020928
16433283072
16433545216
16433807360
16434069504
16434331648
16434593792
16434855936
16435118080
16435380224
16435642368
16435904512
16436166656
16436428800
16436690944
16436953088
16437215232
16437477376
16437739520
16438001664
16438263808
16438525952
16438788096
16439050240
16439312384
16439574528
16439836672
16440098816
16440360960
16440623104
16440885248
16441147392
16441409536
16441671680
16441933824
16442195968
16442458112
16442720256
16442982400
16443244544
16443506688
16443768832
16444030976
16444293120
16444555264
16444817408
16445079552
16445341696
16445603840
16445865984
16446128128
16446390272
16446652416
16446914560
16447176704
16447438848
16447700992
16447963136
16448225280
16448487424
16448749568
16449011712
16449273856
16449536000
16449798144
16450060288
16450322432
16450584576
16450846720
16451108864
16451371008
16451633152
16451895296
16452157440
16452419584
16452681728
16452943872
16453206016
16453468160
16453730304
16453992448
16454254592
16454516736
16454778880
16455041024
16455303168
16455565312
16455827456
16456089600
16456351744
16456613888
16456876032
16457138176
16457400320
16457662464
16457924608
16458186752
16458448896
16458711040
16458973184
16459235328
16459497472
16459759616
16460021760
16460283904
16460546048
16460808192
16461070336
16461332480
16461594624
16461856768
16462118912
16462381056
16462643200
16462905344
16463167488
16463429632
16463691776
16463953920
16464216064
16464478208
16464740352
16465002496
16465264640
16465526784
16465788928
16466051072
16466313216
16466575360
16466837504
16467099648
16467361792
16467623936
16467886080
16468148224
16468410368
16468672512
16468934656
16469196800
16469458944
16469721088
16469983232
16470245376
16470507520
16470769664
16471031808
16471293952
16471556096
16471818240
16472080384
16472342528
16472604672
16472866816
16473128960
16473391104
16473653248
16473915392
16474177536
16474439680
16474701824
16474963968
16475226112
16475488256
16475750400
16476012544
16476274688
16476536832
16476798976
16477061120
16477323264
16477585408
16477847552
16478109696
16478371840
16478633984
16478896128
16479158272
16479420416
16479682560
16479944704
16480206848
16480468992
16480731136
16480993280
16481255424
16481517568
16481779712
16482041856
16482304000
16482566144
16482828288
16483090432
16483352576
16483614720
16483876864
16484139008
16484401152
16484663296
16484925440
16485187584
16485449728
16485711872
16485974016
16486236160
16486498304
16486760448
16487022592
16487284736
16487546880
16487809024
16488071168
16488333312
16488595456
16488857600
16489119744
16489381888
16489644032
16489906176
16490168320
16490430464
16490692608
16490954752
16491216896
16491479040
16491741184
16492003328
16492265472
16492527616
16492789760
16493051904
16493314048
16493576192
16493838336
16494100480
16494362624
16494624768
16494886912
16495149056
16495411200
16495673344
16495935488
16496197632
16496459776
16496721920
16496984064
16497246208
16497508352
16497770496
16498032640
16498294784
16498556928
16498819072
16499081216
16499343360
16499605504
16499867648
16500129792
16500391936
16500654080
16500916224
16501178368
16501440512
16501702656
16501964800
16502226944
16502489088
16502751232
16503013376
16503275520
16503537664
16503799808
16504061952
16504324096
16504586240
16504848384
16505110528
16505372672
16505634816
16505896960
16506159104
16506421248
16506683392
16506945536
16507207680
16507469824
16507731968
16507994112
16508256256
16508518400
16508780544
16509042688
16509304832
16509566976
16509829120
16510091264
16510353408
16510615552
16510877696
16511139840
16511401984
16511664128
16511926272
16512188416
16512450560
16512712704
16512974848
16513236992
16513499136
16513761280
16514023424
16514285568
16514547712
16514809856
16515072000
16515334144
16515596288
16515858432
16516120576
16516382720
16516644864
16516907008
16517169152
16517431296
16517693440
16517955584
16518217728
16518479872
16518742016
16519004160
16519266304
16519528448
16519790592
16520052736
16520314880
16520577024
16520839168
16521101312
16521363456
16521625600
16521887744
16522149888
16522412032
16522674176
16522936320
16523198464
16523460608
16523722752
16523984896
16524247040
16524509184
16524771328
16525033472
16525295616
16525557760
16525819904
16526082048
16526344192
16526606336
16526868480
16527130624
16527392768
16527654912
16527917056
16528179200
16528441344
16528703488
16528965632
16529227776
16529489920
16529752064
16530014208
16530276352
16530538496
16530800640
16531062784
16531324928
16531587072
16531849216
16532111360
16532373504
16532635648
16532897792
16533159936
16533422080
16533684224
16533946368
16534208512
16534470656
16534732800
16534994944
16535257088
16535519232
16535781376
16536043520
16536305664
16536567808
16536829952
16537092096
16537354240
16537616384
16537878528
16538140672
16538402816
16538664960
16538927104
16539189248
16539451392
16539713536
16539975680
16540237824
16540499968
16540762112
16541024256
16541286400
16541548544
16541810688
16542072832
16542334976
16542597120
16542859264
16543121408
16543383552
16543645696
16543907840
16544169984
16544432128
16544694272
16544956416
16545218560
16545480704
16545742848
16546004992
16546267136
16546529280
16546791424
16547053568
16547315712
16547577856
16547840000
16548102144
16548364288
16548626432
16548888576
16549150720
16549412864
16549675008
16549937152
16550199296
16550461440
16550723584
16550985728
16551247872
16551510016
16551772160
16552034304
16552296448
16552558592
16552820736
16553082880
16553345024
16553607168
16553869312
16554131456
16554393600
16554655744
16554917888
16555180032
16555442176
16555704320
16555966464
16556228608
16556490752
16556752896
16557015040
16557277184
16557539328
16557801472
16558063616
16558325760
16558587904
16558850048
16559112192
16559374336
16559636480
16559898624
16560160768
16560422912
16560685056
16560947200
16561209344
16561471488
16561733632
16561995776
16562257920
16562520064
16562782208
16563044352
16563306496
16563568640
16563830784
16564092928
16564355072
16564617216
16564879360
16565141504
16565403648
16565665792
16565927936
16566190080
16566452224
16566714368
16566976512
16567238656
16567500800
16567762944
16568025088
16568287232
16568549376
16568811520
16569073664
16569335808
16569597952
16569860096
16570122240
16570384384
16570646528
16570908672
16571170816
16571432960
16571695104
16571957248
16572219392
16572481536
16572743680
16573005824
16573267968
16573530112
16573792256
16574054400
16574316544
16574578688
16574840832
16575102976
16575365120
16575627264
16575889408
16576151552
16576413696
16576675840
16576937984
16577200128
16577462272
16577724416
16577986560
16578248704
16578510848
16578772992
16579035136
16579297280
16579559424
16579821568
16580083712
16580345856
16580608000
16580870144
16581132288
16581394432
16581656576
16581918720
16582180864
16582443008
16582705152
16582967296
16583229440
16583491584
16583753728
16584015872
16584278016
16584540160
16584802304
16585064448
16585326592
16585588736
16585850880
16586113024
16586375168
16586637312
16586899456
16587161600
16587423744
16587685888
16587948032
16588210176
16588472320
16588734464
16588996608
16589258752
16589520896
16589783040
16590045184
16590307328
16590569472
16590831616
16591093760
16591355904
16591618048
16591880192
16592142336
16592404480
16592666624
16592928768
16593190912
16593453056
16593715200
16593977344
16594239488
16594501632
16594763776
16595025920
16595288064
16595550208
16595812352
16596074496
16596336640
16596598784
16596860928
16597123072
16597385216
16597647360
16597909504
16598171648
16598433792
16598695936
16598958080
16599220224
16599482368
16599744512
16600006656
16600268800
16600530944
16600793088
16601055232
16601317376
16601579520
16601841664
16602103808
16602365952
16602628096
16602890240
16603152384
16603414528
16603676672
16603938816
16604200960
16604463104
16604725248
16604987392
16605249536
16605511680
16605773824
16606035968
16606298112
16606560256
16606822400
16607084544
16607346688
16607608832
16607870976
16608133120
16608395264
16608657408
16608919552
16609181696
16609443840
16609705984
16609968128
16610230272
16610492416
16610754560
16611016704
16611278848
16611540992
16611803136
16612065280
16612327424
16612589568
16612851712
16613113856
16613376000
16613638144
16613900288
16614162432
16614424576
16614686720
16614948864
16615211008
16615473152
16615735296
16615997440
16616259584
16616521728
16616783872
16617046016
16617308160
16617570304
16617832448
16618094592
16618356736
16618618880
16618881024
16619143168
16619405312
16619667456
16619929600
16620191744
16620453888
16620716032
16620978176
16621240320
16621502464
16621764608
16622026752
16622288896
16622551040
16622813184
16623075328
16623337472
16623599616
16623861760
16624123904
16624386048
16624648192
16624910336
16625172480
16625434624
16625696768
16625958912
16626221056
16626483200
16626745344
16627007488
16627269632
16627531776
16627793920
16628056064
16628318208
16628580352
16628842496
16629104640
16629366784
16629628928
16629891072
16630153216
16630415360
16630677504
16630939648
16631201792
16631463936
16631726080
16631988224
16632250368
16632512512
16632774656
16633036800
16633298944
16633561088
16633823232
16634085376
16634347520
16634609664
16634871808
16635133952
16635396096
16635658240
16635920384
16636182528
16636444672
16636706816
16636968960
16637231104
16637493248
16637755392
16638017536
16638279680
16638541824
16638803968
16639066112
16639328256
16639590400
16639852544
16640114688
16640376832
16640638976
16640901120
16641163264
16641425408
16641687552
16641949696
16642211840
16642473984
16642736128
16642998272
16643260416
16643522560
16643784704
16644046848
16644308992
16644571136
16644833280
16645095424
16645357568
16645619712
16645881856
16646144000
16646406144
16646668288
16646930432
16647192576
16647454720
16647716864
16647979008
16648241152
16648503296
16648765440
16649027584
16649289728
16649551872
16649814016
16650076160
16650338304
16650600448
16650862592
16651124736
16651386880
16651649024
16651911168
16652173312
16652435456
16652697600
16652959744
16653221888
16653484032
16653746176
16654008320
16654270464
16654532608
16654794752
16655056896
16655319040
16655581184
16655843328
16656105472
16656367616
16656629760
16656891904
16657154048
16657416192
16657678336
16657940480
16658202624
16658464768
16658726912
16658989056
16659251200
16659513344
16659775488
16660037632
16660299776
16660561920
16660824064
16661086208
16661348352
16661610496
16661872640
16662134784
16662396928
16662659072
16662921216
16663183360
16663445504
16663707648
16663969792
16664231936
16664494080
16664756224
16665018368
16665280512
16665542656
16665804800
16666066944
16666329088
16666591232
16666853376
16667115520
16667377664
16667639808
16667901952
16668164096
16668426240
16668688384
16668950528
16669212672
16669474816
16669736960
16669999104
16670261248
16670523392
16670785536
16671047680
16671309824
16671571968
16671834112
16672096256
16672358400
16672620544
16672882688
16673144832
16673406976
16673669120
16673931264
16674193408
16674455552
16674717696
16674979840
16675241984
16675504128
16675766272
16676028416
16676290560
16676552704
16676814848
16677076992
16677339136
16677601280
16677863424
16678125568
16678387712
16678649856
16678912000
16679174144
16679436288
16679698432
16679960576
16680222720
16680484864
16680747008
16681009152
16681271296
16681533440
16681795584
16682057728
16682319872
16682582016
16682844160
16683106304
16683368448
16683630592
16683892736
16684154880
16684417024
16684679168
16684941312
16685203456
16685465600
16685727744
16685989888
16686252032
16686514176
16686776320
16687038464
16687300608
16687562752
16687824896
16688087040
16688349184
16688611328
16688873472
16689135616
16689397760
16689659904
16689922048
16690184192
16690446336
16690708480
16690970624
16691232768
16691494912
16691757056
16692019200
16692281344
16692543488
16692805632
16693067776
16693329920
16693592064
16693854208
16694116352
16694378496
16694640640
16694902784
16695164928
16695427072
16695689216
16695951360
16696213504
16696475648
16696737792
16696999936
16697262080
16697524224
16697786368
16698048512
16698310656
16698572800
16698834944
16699097088
16699359232
16699621376
16699883520
16700145664
16700407808
16700669952
16700932096
16701194240
16701456384
16701718528
16701980672
16702242816
16702504960
16702767104
16703029248
16703291392
16703553536
16703815680
16704077824
16704339968
16704602112
16704864256
16705126400
16705388544
16705650688
16705912832
16706174976
16706437120
16706699264
16706961408
16707223552
16707485696
16707747840
16708009984
16708272128
16708534272
16708796416
16709058560
16709320704
16709582848
16709844992
16710107136
16710369280
16710631424
16710893568
16711155712
16711417856
16711680000
16711942144
16712204288
16712466432
16712728576
16712990720
16713252864
16713515008
16713777152
16714039296
16714301440
16714563584
16714825728
16715087872
16715350016
16715612160
16715874304
16716136448
16716398592
16716660736
16716922880
16717185024
16717447168
16717709312
16717971456
16718233600
16718495744
16718757888
16719020032
16719282176
16719544320
16719806464
16720068608
16720330752
16720592896
16720855040
16721117184
16721379328
16721641472
16721903616
16722165760
16722427904
16722690048
16722952192
16723214336
16723476480
16723738624
16724000768
16724262912
16724525056
16724787200
16725049344
16725311488
16725573632
16725835776
16726097920
16726360064
16726622208
16726884352
16727146496
16727408640
16727670784
16727932928
16728195072
16728457216
16728719360
16728981504
16729243648
16729505792
16729767936
16730030080
16730292224
16730554368
16730816512
16731078656
16731340800
16731602944
16731865088
16732127232
16732389376
16732651520
16732913664
16733175808
16733437952
16733700096
16733962240
16734224384
16734486528
16734748672
16735010816
16735272960
16735535104
16735797248
16736059392
16736321536
16736583680
16736845824
16737107968
16737370112
16737632256
16737894400
16738156544
16738418688
16738680832
16738942976
16739205120
16739467264
16739729408
16739991552
16740253696
16740515840
16740777984
16741040128
16741302272
16741564416
16741826560
16742088704
16742350848
16742612992
16742875136
16743137280
16743399424
16743661568
16743923712
16744185856
16744448000
16744710144
16744972288
16745234432
16745496576
16745758720
16746020864
16746283008
16746545152
16746807296
16747069440
16747331584
16747593728
16747855872
16748118016
16748380160
16748642304
16748904448
16749166592
16749428736
16749690880
16749953024
16750215168
16750477312
16750739456
16751001600
16751263744
16751525888
16751788032
16752050176
16752312320
16752574464
16752836608
16753098752
16753360896
16753623040
16753885184
16754147328
16754409472
16754671616
16754933760
16755195904
16755458048
16755720192
16755982336
16756244480
16756506624
16756768768
16757030912
16757293056
16757555200
16757817344
16758079488
16758341632
16758603776
16758865920
16759128064
16759390208
16759652352
16759914496
16760176640
16760438784
16760700928
16760963072
16761225216
16761487360
16761749504
16762011648
16762273792
16762535936
16762798080
16763060224
16763322368
16763584512
16763846656
16764108800
16764370944
16764633088
16764895232
16765157376
16765419520
16765681664
16765943808
16766205952
16766468096
16766730240
16766992384
16767254528
16767516672
16767778816
16768040960
16768303104
16768565248
16768827392
16769089536
16769351680
16769613824
16769875968
16770138112
16770400256
16770662400
16770924544
16771186688
16771448832
16771710976
16771973120
16772235264
16772497408
16772759552
16773021696
16773283840
16773545984
16773808128
16774070272
16774332416
16774594560
16774856704
16775118848
16775380992
16775643136
16775905280
16776167424
16776429568
16776691712
16776953856
16777216000
16777478144
16777740288
16778002432
16778264576
16778526720
16778788864
16779051008
16779313152
16779575296
16779837440
16780099584
16780361728
16780623872
16780886016
16781148160
16781410304
16781672448
16781934592
16782196736
16782458880
16782721024
16782983168
16783245312
16783507456
16783769600
16784031744
16784293888
16784556032
16784818176
16785080320
16785342464
16785604608
16785866752
16786128896
16786391040
16786653184
16786915328
16787177472
16787439616
16787701760
16787963904
16788226048
16788488192
16788750336
16789012480
16789274624
16789536768
16789798912
16790061056
16790323200
16790585344
16790847488
16791109632
16791371776
16791633920
16791896064
16792158208
16792420352
16792682496
16792944640
16793206784
16793468928
16793731072
16793993216
16794255360
16794517504
16794779648
16795041792
16795303936
16795566080
16795828224
16796090368
16796352512
16796614656
16796876800
16797138944
16797401088
16797663232
16797925376
16798187520
16798449664
16798711808
16798973952
16799236096
16799498240
16799760384
16800022528
16800284672
16800546816
16800808960
16801071104
16801333248
16801595392
16801857536
16802119680
16802381824
16802643968
16802906112
16803168256
16803430400
16803692544
16803954688
16804216832
16804478976
16804741120
16805003264
16805265408
16805527552
16805789696
16806051840
16806313984
16806576128
16806838272
16807100416
16807362560
16807624704
16807886848
16808148992
16808411136
16808673280
16808935424
16809197568
16809459712
16809721856
16809984000
16810246144
16810508288
16810770432
16811032576
16811294720
16811556864
16811819008
16812081152
16812343296
16812605440
16812867584
16813129728
16813391872
16813654016
16813916160
16814178304
16814440448
16814702592
16814964736
16815226880
16815489024
16815751168
16816013312
16816275456
16816537600
16816799744
16817061888
16817324032
16817586176
16817848320
16818110464
16818372608
16818634752
16818896896
16819159040
16819421184
16819683328
16819945472
16820207616
16820469760
16820731904
16820994048
16821256192
16821518336
16821780480
16822042624
16822304768
16822566912
16822829056
16823091200
16823353344
16823615488
16823877632
16824139776
16824401920
16824664064
16824926208
16825188352
16825450496
16825712640
16825974784
16826236928
16826499072
16826761216
16827023360
16827285504
16827547648
16827809792
16828071936
16828334080
16828596224
16828858368
16829120512
16829382656
16829644800
16829906944
16830169088
16830431232
16830693376
16830955520
16831217664
16831479808
16831741952
16832004096
16832266240
16832528384
16832790528
16833052672
16833314816
16833576960
16833839104
16834101248
16834363392
16834625536
16834887680
16835149824
16835411968
16835674112
16835936256
16836198400
16836460544
16836722688
16836984832
16837246976
16837509120
16837771264
16838033408
16838295552
16838557696
16838819840
16839081984
16839344128
16839606272
16839868416
16840130560
16840392704
16840654848
16840916992
16841179136
16841441280
16841703424
16841965568
16842227712
16842489856
16842752000
16843014144
16843276288
16843538432
16843800576
16844062720
16844324864
16844587008
16844849152
16845111296
16845373440
16845635584
16845897728
16846159872
16846422016
16846684160
16846946304
16847208448
16847470592
16847732736
16847994880
16848257024
16848519168
16848781312
16849043456
16849305600
16849567744
16849829888
16850092032
16850354176
16850616320
16850878464
16851140608
16851402752
16851664896
16851927040
16852189184
16852451328
16852713472
16852975616
16853237760
16853499904
16853762048
16854024192
16854286336
16854548480
16854810624
16855072768
16855334912
16855597056
16855859200
16856121344
16856383488
16856645632
16856907776
16857169920
16857432064
16857694208
16857956352
16858218496
16858480640
16858742784
16859004928
16859267072
16859529216
16859791360
16860053504
16860315648
16860577792
16860839936
16861102080
16861364224
16861626368
16861888512
16862150656
16862412800
16862674944
16862937088
16863199232
16863461376
16863723520
16863985664
16864247808
16864509952
16864772096
16865034240
16865296384
16865558528
16865820672
16866082816
16866344960
16866607104
16866869248
16867131392
16867393536
16867655680
16867917824
16868179968
16868442112
16868704256
16868966400
16869228544
16869490688
16869752832
16870014976
16870277120
16870539264
16870801408
16871063552
16871325696
16871587840
16871849984
16872112128
16872374272
16872636416
16872898560
16873160704
16873422848
16873684992
16873947136
16874209280
16874471424
16874733568
16874995712
16875257856
16875520000
16875782144
16876044288
16876306432
16876568576
16876830720
16877092864
16877355008
16877617152
16877879296
16878141440
16878403584
16878665728
16878927872
16879190016
16879452160
16879714304
16879976448
16880238592
16880500736
16880762880
16881025024
16881287168
16881549312
16881811456
16882073600
16882335744
16882597888
16882860032
16883122176
16883384320
16883646464
16883908608
16884170752
16884432896
16884695040
16884957184
16885219328
16885481472
16885743616
16886005760
16886267904
16886530048
16886792192
16887054336
16887316480
16887578624
16887840768
16888102912
16888365056
16888627200
16888889344
16889151488
16889413632
16889675776
16889937920
16890200064
16890462208
16890724352
16890986496
16891248640
16891510784
16891772928
16892035072
16892297216
16892559360
16892821504
16893083648
16893345792
16893607936
16893870080
16894132224
16894394368
16894656512
16894918656
16895180800
16895442944
16895705088
16895967232
16896229376
16896491520
16896753664
16897015808
16897277952
16897540096
16897802240
16898064384
16898326528
16898588672
16898850816
16899112960
16899375104
16899637248
16899899392
16900161536
16900423680
16900685824
16900947968
16901210112
16901472256
16901734400
16901996544
16902258688
16902520832
16902782976
16903045120
16903307264
16903569408
16903831552
16904093696
16904355840
16904617984
16904880128
16905142272
16905404416
16905666560
16905928704
16906190848
16906452992
16906715136
16906977280
16907239424
16907501568
16907763712
16908025856
16908288000
16908550144
16908812288
16909074432
16909336576
16909598720
16909860864
16910123008
16910385152
16910647296
16910909440
16911171584
16911433728
16911695872
16911958016
16912220160
16912482304
16912744448
16913006592
16913268736
16913530880
16913793024
16914055168
16914317312
16914579456
16914841600
16915103744
16915365888
16915628032
16915890176
16916152320
16916414464
16916676608
16916938752
16917200896
16917463040
16917725184
16917987328
16918249472
16918511616
16918773760
16919035904
16919298048
16919560192
16919822336
16920084480
16920346624
16920608768
16920870912
16921133056
16921395200
16921657344
16921919488
16922181632
16922443776
16922705920
16922968064
16923230208
16923492352
16923754496
16924016640
16924278784
16924540928
16924803072
16925065216
16925327360
16925589504
16925851648
16926113792
16926375936
16926638080
16926900224
16927162368
16927424512
16927686656
16927948800
16928210944
16928473088
16928735232
16928997376
16929259520
16929521664
16929783808
16930045952
16930308096
16930570240
16930832384
16931094528
16931356672
16931618816
16931880960
16932143104
16932405248
16932667392
16932929536
16933191680
16933453824
16933715968
16933978112
16934240256
16934502400
16934764544
16935026688
16935288832
16935550976
16935813120
16936075264
16936337408
16936599552
16936861696
16937123840
16937385984
16937648128
16937910272
16938172416
16938434560
16938696704
16938958848
16939220992
16939483136
16939745280
16940007424
16940269568
16940531712
16940793856
16941056000
16941318144
16941580288
16941842432
16942104576
16942366720
16942628864
16942891008
16943153152
16943415296
16943677440
16943939584
16944201728
16944463872
16944726016
16944988160
16945250304
16945512448
16945774592
16946036736
16946298880
16946561024
16946823168
16947085312
16947347456
16947609600
16947871744
16948133888
16948396032
16948658176
16948920320
16949182464
16949444608
16949706752
16949968896
16950231040
16950493184
16950755328
16951017472
16951279616
16951541760
16951803904
16952066048
16952328192
16952590336
16952852480
16953114624
16953376768
16953638912
16953901056
16954163200
16954425344
16954687488
16954949632
16955211776
16955473920
16955736064
16955998208
16956260352
16956522496
16956784640
16957046784
16957308928
16957571072
16957833216
16958095360
16958357504
16958619648
16958881792
16959143936
16959406080
16959668224
16959930368
16960192512
16960454656
16960716800
16960978944
16961241088
16961503232
16961765376
16962027520
16962289664
16962551808
16962813952
16963076096
16963338240
16963600384
16963862528
16964124672
16964386816
16964648960
16964911104
16965173248
16965435392
16965697536
16965959680
16966221824
16966483968
16966746112
16967008256
16967270400
16967532544
16967794688
16968056832
16968318976
16968581120
16968843264
16969105408
16969367552
16969629696
16969891840
16970153984
16970416128
16970678272
16970940416
16971202560
16971464704
16971726848
16971988992
16972251136
16972513280
16972775424
16973037568
16973299712
16973561856
16973824000
16974086144
16974348288
16974610432
16974872576
16975134720
16975396864
16975659008
16975921152
16976183296
16976445440
16976707584
16976969728
16977231872
16977494016
16977756160
16978018304
16978280448
16978542592
16978804736
16979066880
16979329024
16979591168
16979853312
16980115456
16980377600
16980639744
16980901888
16981164032
16981426176
16981688320
16981950464
16982212608
16982474752
16982736896
16982999040
16983261184
16983523328
16983785472
16984047616
16984309760
16984571904
16984834048
16985096192
16985358336
16985620480
16985882624
16986144768
16986406912
16986669056
16986931200
16987193344
16987455488
16987717632
16987979776
16988241920
16988504064
16988766208
16989028352
16989290496
16989552640
16989814784
16990076928
16990339072
16990601216
16990863360
16991125504
16991387648
16991649792
16991911936
16992174080
16992436224
16992698368
16992960512
16993222656
16993484800
16993746944
16994009088
16994271232
16994533376
16994795520
16995057664
16995319808
16995581952
16995844096
16996106240
16996368384
16996630528
16996892672
16997154816
16997416960
16997679104
16997941248
16998203392
16998465536
16998727680
16998989824
16999251968
16999514112
16999776256
17000038400
17000300544
17000562688
17000824832
17001086976
17001349120
17001611264
17001873408
17002135552
17002397696
17002659840
17002921984
17003184128
17003446272
17003708416
17003970560
17004232704
17004494848
17004756992
17005019136
17005281280
17005543424
17005805568
17006067712
17006329856
17006592000
17006854144
17007116288
17007378432
17007640576
17007902720
17008164864
17008427008
17008689152
17008951296
17009213440
17009475584
17009737728
17009999872
17010262016
17010524160
17010786304
17011048448
17011310592
17011572736
17011834880
17012097024
17012359168
17012621312
17012883456
17013145600
17013407744
17013669888
17013932032
17014194176
17014456320
17014718464
17014980608
17015242752
17015504896
17015767040
17016029184
17016291328
17016553472
17016815616
17017077760
17017339904
17017602048
17017864192
17018126336
17018388480
17018650624
17018912768
17019174912
17019437056
17019699200
17019961344
17020223488
17020485632
17020747776
17021009920
17021272064
17021534208
17021796352
17022058496
17022320640
17022582784
17022844928
17023107072
17023369216
17023631360
17023893504
17024155648
17024417792
17024679936
17024942080
17025204224
17025466368
17025728512
17025990656
17026252800
17026514944
17026777088
17027039232
17027301376
17027563520
17027825664
17028087808
17028349952
17028612096
17028874240
17029136384
17029398528
17029660672
17029922816
17030184960
17030447104
17030709248
17030971392
17031233536
17031495680
17031757824
17032019968
17032282112
17032544256
17032806400
17033068544
17033330688
17033592832
17033854976
17034117120
17034379264
17034641408
17034903552
17035165696
17035427840
17035689984
17035952128
17036214272
17036476416
17036738560
17037000704
17037262848
17037524992
17037787136
17038049280
17038311424
17038573568
17038835712
17039097856
17039360000
17039622144
17039884288
17040146432
17040408576
17040670720
17040932864
17041195008
17041457152
17041719296
17041981440
17042243584
17042505728
17042767872
17043030016
17043292160
17043554304
17043816448
17044078592
17044340736
17044602880
17044865024
17045127168
17045389312
17045651456
17045913600
17046175744
17046437888
17046700032
17046962176
17047224320
17047486464
17047748608
17048010752
17048272896
17048535040
17048797184
17049059328
17049321472
17049583616
17049845760
17050107904
17050370048
17050632192
17050894336
17051156480
17051418624
17051680768
17051942912
17052205056
17052467200
17052729344
17052991488
17053253632
17053515776
17053777920
17054040064
17054302208
17054564352
17054826496
17055088640
17055350784
17055612928
17055875072
17056137216
17056399360
17056661504
17056923648
17057185792
17057447936
17057710080
17057972224
17058234368
17058496512
17058758656
17059020800
17059282944
17059545088
17059807232
17060069376
17060331520
17060593664
17060855808
17061117952
17061380096
17061642240
17061904384
17062166528
17062428672
17062690816
17062952960
17063215104
17063477248
17063739392
17064001536
17064263680
17064525824
17064787968
17065050112
17065312256
17065574400
17065836544
17066098688
17066360832
17066622976
17066885120
17067147264
17067409408
17067671552
17067933696
17068195840
17068457984
17068720128
17068982272
17069244416
17069506560
17069768704
17070030848
17070292992
17070555136
17070817280
17071079424
17071341568
17071603712
17071865856
17072128000
17072390144
17072652288
17072914432
17073176576
17073438720
17073700864
17073963008
17074225152
17074487296
17074749440
17075011584
17075273728
17075535872
17075798016
17076060160
17076322304
17076584448
17076846592
17077108736
17077370880
17077633024
17077895168
17078157312
17078419456
17078681600
17078943744
17079205888
17079468032
17079730176
17079992320
17080254464
17080516608
17080778752
17081040896
17081303040
17081565184
17081827328
17082089472
17082351616
17082613760
17082875904
17083138048
17083400192
17083662336
17083924480
17084186624
17084448768
17084710912
17084973056
17085235200
17085497344
17085759488
17086021632
17086283776
17086545920
17086808064
17087070208
17087332352
17087594496
17087856640
17088118784
17088380928
17088643072
17088905216
17089167360
17089429504
17089691648
17089953792
17090215936
17090478080
17090740224
17091002368
17091264512
17091526656
17091788800
17092050944
17092313088
17092575232
17092837376
17093099520
17093361664
17093623808
17093885952
17094148096
17094410240
17094672384
17094934528
17095196672
17095458816
17095720960
17095983104
17096245248
17096507392
17096769536
17097031680
17097293824
17097555968
17097818112
17098080256
17098342400
17098604544
17098866688
17099128832
17099390976
17099653120
17099915264
17100177408
17100439552
17100701696
17100963840
17101225984
17101488128
17101750272
17102012416
17102274560
17102536704
17102798848
17103060992
17103323136
17103585280
17103847424
17104109568
17104371712
17104633856
17104896000
17105158144
17105420288
17105682432
17105944576
17106206720
17106468864
17106731008
17106993152
17107255296
17107517440
17107779584
17108041728
17108303872
17108566016
17108828160
17109090304
17109352448
17109614592
17109876736
17110138880
17110401024
17110663168
17110925312
17111187456
17111449600
17111711744
17111973888
17112236032
17112498176
17112760320
17113022464
17113284608
17113546752
17113808896
17114071040
17114333184
17114595328
17114857472
17115119616
17115381760
17115643904
17115906048
17116168192
17116430336
17116692480
17116954624
17117216768
17117478912
17117741056
17118003200
17118265344
17118527488
17118789632
17119051776
17119313920
17119576064
17119838208
17120100352
17120362496
17120624640
17120886784
17121148928
17121411072
17121673216
17121935360
17122197504
17122459648
17122721792
17122983936
17123246080
17123508224
17123770368
17124032512
17124294656
17124556800
17124818944
17125081088
17125343232
17125605376
17125867520
17126129664
17126391808
17126653952
17126916096
17127178240
17127440384
17127702528
17127964672
17128226816
17128488960
17128751104
17129013248
17129275392
17129537536
17129799680
17130061824
17130323968
17130586112
17130848256
17131110400
17131372544
17131634688
17131896832
17132158976
17132421120
17132683264
17132945408
17133207552
17133469696
17133731840
17133993984
17134256128
17134518272
17134780416
17135042560
17135304704
17135566848
17135828992
17136091136
17136353280
17136615424
17136877568
17137139712
17137401856
17137664000
17137926144
17138188288
17138450432
17138712576
17138974720
17139236864
17139499008
17139761152
17140023296
17140285440
17140547584
17140809728
17141071872
17141334016
17141596160
17141858304
17142120448
17142382592
17142644736
17142906880
17143169024
17143431168
17143693312
17143955456
17144217600
17144479744
17144741888
17145004032
17145266176
17145528320
17145790464
17146052608
17146314752
17146576896
17146839040
17147101184
17147363328
17147625472
17147887616
17148149760
17148411904
17148674048
17148936192
17149198336
17149460480
17149722624
17149984768
17150246912
17150509056
17150771200
17151033344
17151295488
17151557632
17151819776
17152081920
17152344064
17152606208
17152868352
17153130496
17153392640
17153654784
17153916928
17154179072
17154441216
17154703360
17154965504
17155227648
17155489792
17155751936
17156014080
17156276224
17156538368
17156800512
17157062656
17157324800
17157586944
17157849088
17158111232
17158373376
17158635520
17158897664
17159159808
17159421952
17159684096
17159946240
17160208384
17160470528
17160732672
17160994816
17161256960
17161519104
17161781248
17162043392
17162305536
17162567680
17162829824
17163091968
17163354112
17163616256
17163878400
17164140544
17164402688
17164664832
17164926976
17165189120
17165451264
17165713408
17165975552
17166237696
17166499840
17166761984
17167024128
17167286272
17167548416
17167810560
17168072704
17168334848
17168596992
17168859136
17169121280
17169383424
17169645568
17169907712
17170169856
17170432000
17170694144
17170956288
17171218432
17171480576
17171742720
17172004864
17172267008
17172529152
17172791296
17173053440
17173315584
17173577728
17173839872
17174102016
17174364160
17174626304
17174888448
17175150592
17175412736
17175674880
17175937024
17176199168
17176461312
17176723456
17176985600
17177247744
17177509888
17177772032
17178034176
17178296320
17178558464
17178820608
17179082752
17179344896
17179607040
17179869184
17180131328
17180393472
17180655616
17180917760
17181179904
17181442048
17181704192
17181966336
17182228480
17182490624
17182752768
17183014912
17183277056
17183539200
17183801344
17184063488
17184325632
17184587776
17184849920
17185112064
17185374208
17185636352
17185898496
17186160640
17186422784
17186684928
17186947072
17187209216
17187471360
17187733504
17187995648
17188257792
17188519936
17188782080
17189044224
17189306368
17189568512
17189830656
17190092800
17190354944
17190617088
17190879232
17191141376
17191403520
17191665664
17191927808
17192189952
17192452096
17192714240
17192976384
17193238528
17193500672
17193762816
17194024960
17194287104
17194549248
17194811392
17195073536
17195335680
17195597824
17195859968
17196122112
17196384256
17196646400
17196908544
17197170688
17197432832
17197694976
17197957120
17198219264
17198481408
17198743552
17199005696
17199267840
17199529984
17199792128
17200054272
17200316416
17200578560
17200840704
17201102848
17201364992
17201627136
17201889280
17202151424
17202413568
17202675712
17202937856
17203200000
17203462144
17203724288
17203986432
17204248576
17204510720
17204772864
17205035008
17205297152
17205559296
17205821440
17206083584
17206345728
17206607872
17206870016
17207132160
17207394304
17207656448
17207918592
17208180736
17208442880
17208705024
17208967168
17209229312
17209491456
17209753600
17210015744
17210277888
17210540032
17210802176
17211064320
17211326464
17211588608
17211850752
17212112896
17212375040
17212637184
17212899328
17213161472
17213423616
17213685760
17213947904
17214210048
17214472192
17214734336
17214996480
17215258624
17215520768
17215782912
17216045056
17216307200
17216569344
17216831488
17217093632
17217355776
17217617920
17217880064
17218142208
17218404352
17218666496
17218928640
17219190784
17219452928
17219715072
17219977216
17220239360
17220501504
17220763648
17221025792
17221287936
17221550080
17221812224
17222074368
17222336512
17222598656
17222860800
17223122944
17223385088
17223647232
17223909376
17224171520
17224433664
17224695808
17224957952
17225220096
17225482240
17225744384
17226006528
17226268672
17226530816
17226792960
17227055104
17227317248
17227579392
17227841536
17228103680
17228365824
17228627968
17228890112
17229152256
17229414400
17229676544
17229938688
17230200832
17230462976
17230725120
17230987264
17231249408
17231511552
17231773696
17232035840
17232297984
17232560128
17232822272
17233084416
17233346560
17233608704
17233870848
17234132992
17234395136
17234657280
17234919424
17235181568
17235443712
17235705856
17235968000
17236230144
17236492288
17236754432
17237016576
17237278720
17237540864
17237803008
17238065152
17238327296
17238589440
17238851584
17239113728
17239375872
17239638016
17239900160
17240162304
17240424448
17240686592
17240948736
17241210880
17241473024
17241735168
17241997312
17242259456
17242521600
17242783744
17243045888
17243308032
17243570176
17243832320
17244094464
17244356608
17244618752
17244880896
17245143040
17245405184
17245667328
17245929472
17246191616
17246453760
17246715904
17246978048
17247240192
17247502336
17247764480
17248026624
17248288768
17248550912
17248813056
17249075200
17249337344
17249599488
17249861632
17250123776
17250385920
17250648064
17250910208
17251172352
17251434496
17251696640
17251958784
17252220928
17252483072
17252745216
17253007360
17253269504
17253531648
17253793792
17254055936
17254318080
17254580224
17254842368
17255104512
17255366656
17255628800
17255890944
17256153088
17256415232
17256677376
17256939520
17257201664
17257463808
17257725952
17257988096
17258250240
17258512384
17258774528
17259036672
17259298816
17259560960
17259823104
17260085248
17260347392
17260609536
17260871680
17261133824
17261395968
17261658112
17261920256
17262182400
17262444544
17262706688
17262968832
17263230976
17263493120
17263755264
17264017408
17264279552
17264541696
17264803840
17265065984
17265328128
17265590272
17265852416
17266114560
17266376704
17266638848
17266900992
17267163136
17267425280
17267687424
17267949568
17268211712
17268473856
17268736000
17268998144
17269260288
17269522432
17269784576
17270046720
17270308864
17270571008
17270833152
17271095296
17271357440
17271619584
17271881728
17272143872
17272406016
17272668160
17272930304
17273192448
17273454592
17273716736
17273978880
17274241024
17274503168
17274765312
17275027456
17275289600
17275551744
17275813888
17276076032
17276338176
17276600320
17276862464
17277124608
17277386752
17277648896
17277911040
17278173184
17278435328
17278697472
17278959616
17279221760
17279483904
17279746048
17280008192
17280270336
17280532480
17280794624
17281056768
17281318912
17281581056
17281843200
17282105344
17282367488
17282629632
17282891776
17283153920
17283416064
17283678208
17283940352
17284202496
17284464640
17284726784
17284988928
17285251072
17285513216
17285775360
17286037504
17286299648
17286561792
17286823936
17287086080
17287348224
17287610368
17287872512
17288134656
17288396800
17288658944
17288921088
17289183232
17289445376
17289707520
17289969664
17290231808
17290493952
17290756096
17291018240
17291280384
17291542528
17291804672
17292066816
17292328960
17292591104
17292853248
17293115392
17293377536
17293639680
17293901824
17294163968
17294426112
17294688256
17294950400
17295212544
17295474688
17295736832
17295998976
17296261120
17296523264
17296785408
17297047552
17297309696
17297571840
17297833984
17298096128
17298358272
17298620416
17298882560
17299144704
17299406848
17299668992
17299931136
17300193280
17300455424
17300717568
17300979712
17301241856
17301504000
17301766144
17302028288
17302290432
17302552576
17302814720
17303076864
17303339008
17303601152
17303863296
17304125440
17304387584
17304649728
17304911872
17305174016
17305436160
17305698304
17305960448
17306222592
17306484736
17306746880
17307009024
17307271168
17307533312
17307795456
17308057600
17308319744
17308581888
17308844032
17309106176
17309368320
17309630464
17309892608
17310154752
17310416896
17310679040
17310941184
17311203328
17311465472
17311727616
17311989760
17312251904
17312514048
17312776192
17313038336
17313300480
17313562624
17313824768
17314086912
17314349056
17314611200
17314873344
17315135488
17315397632
17315659776
17315921920
17316184064
17316446208
17316708352
17316970496
17317232640
17317494784
17317756928
17318019072
17318281216
17318543360
17318805504
17319067648
17319329792
17319591936
17319854080
17320116224
17320378368
17320640512
17320902656
17321164800
17321426944
17321689088
17321951232
17322213376
17322475520
17322737664
17322999808
17323261952
17323524096
17323786240
17324048384
17324310528
17324572672
17324834816
17325096960
17325359104
17325621248
17325883392
17326145536
17326407680
17326669824
17326931968
17327194112
17327456256
17327718400
17327980544
17328242688
17328504832
17328766976
17329029120
17329291264
17329553408
17329815552
17330077696
17330339840
17330601984
17330864128
17331126272
17331388416
17331650560
17331912704
17332174848
17332436992
17332699136
17332961280
17333223424
17333485568
17333747712
17334009856
17334272000
17334534144
17334796288
17335058432
17335320576
17335582720
17335844864
17336107008
17336369152
17336631296
17336893440
17337155584
17337417728
17337679872
17337942016
17338204160
17338466304
17338728448
17338990592
17339252736
17339514880
17339777024
17340039168
17340301312
17340563456
17340825600
17341087744
17341349888
17341612032
17341874176
17342136320
17342398464
17342660608
17342922752
17343184896
17343447040
17343709184
17343971328
17344233472
17344495616
17344757760
17345019904
17345282048
17345544192
17345806336
17346068480
17346330624
17346592768
17346854912
17347117056
17347379200
17347641344
17347903488
17348165632
17348427776
17348689920
17348952064
17349214208
17349476352
17349738496
17350000640
17350262784
17350524928
17350787072
17351049216
17351311360
17351573504
17351835648
17352097792
17352359936
17352622080
17352884224
17353146368
17353408512
17353670656
17353932800
17354194944
17354457088
17354719232
17354981376
17355243520
17355505664
17355767808
17356029952
17356292096
17356554240
17356816384
17357078528
17357340672
17357602816
17357864960
17358127104
17358389248
17358651392
17358913536
17359175680
17359437824
17359699968
17359962112
17360224256
17360486400
17360748544
17361010688
17361272832
17361534976
17361797120
17362059264
17362321408
17362583552
17362845696
17363107840
17363369984
17363632128
17363894272
17364156416
17364418560
17364680704
17364942848
17365204992
17365467136
17365729280
17365991424
17366253568
17366515712
17366777856
17367040000
17367302144
17367564288
17367826432
17368088576
17368350720
17368612864
17368875008
17369137152
17369399296
17369661440
17369923584
17370185728
17370447872
17370710016
17370972160
17371234304
17371496448
17371758592
17372020736
17372282880
17372545024
17372807168
17373069312
17373331456
17373593600
17373855744
17374117888
17374380032
17374642176
17374904320
17375166464
17375428608
17375690752
17375952896
17376215040
17376477184
17376739328
17377001472
17377263616
17377525760
17377787904
17378050048
17378312192
17378574336
17378836480
17379098624
17379360768
17379622912
17379885056
17380147200
17380409344
17380671488
17380933632
17381195776
17381457920
17381720064
17381982208
17382244352
17382506496
17382768640
17383030784
17383292928
17383555072
17383817216
17384079360
17384341504
17384603648
17384865792
17385127936
17385390080
17385652224
17385914368
17386176512
17386438656
17386700800
17386962944
17387225088
17387487232
17387749376
17388011520
17388273664
17388535808
17388797952
17389060096
17389322240
17389584384
17389846528
17390108672
17390370816
17390632960
17390895104
17391157248
17391419392
17391681536
17391943680
17392205824
17392467968
17392730112
17392992256
17393254400
17393516544
17393778688
17394040832
17394302976
17394565120
17394827264
17395089408
17395351552
17395613696
17395875840
17396137984
17396400128
17396662272
17396924416
17397186560
17397448704
17397710848
17397972992
17398235136
17398497280
17398759424
17399021568
17399283712
17399545856
17399808000
17400070144
17400332288
17400594432
17400856576
17401118720
17401380864
17401643008
17401905152
17402167296
17402429440
17402691584
17402953728
17403215872
17403478016
17403740160
17404002304
17404264448
17404526592
17404788736
17405050880
17405313024
17405575168
17405837312
17406099456
17406361600
17406623744
17406885888
17407148032
17407410176
17407672320
17407934464
17408196608
17408458752
17408720896
17408983040
17409245184
17409507328
17409769472
17410031616
17410293760
17410555904
17410818048
17411080192
17411342336
17411604480
17411866624
17412128768
17412390912
17412653056
17412915200
17413177344
17413439488
17413701632
17413963776
17414225920
17414488064
17414750208
17415012352
17415274496
17415536640
17415798784
17416060928
17416323072
17416585216
17416847360
17417109504
17417371648
17417633792
17417895936
17418158080
17418420224
17418682368
17418944512
17419206656
17419468800
17419730944
17419993088
17420255232
17420517376
17420779520
17421041664
17421303808
17421565952
17421828096
17422090240
17422352384
17422614528
17422876672
17423138816
17423400960
17423663104
17423925248
17424187392
17424449536
17424711680
17424973824
17425235968
17425498112
17425760256
17426022400
17426284544
17426546688
17426808832
17427070976
17427333120
17427595264
17427857408
17428119552
17428381696
17428643840
17428905984
17429168128
17429430272
17429692416
17429954560
17430216704
17430478848
17430740992
17431003136
17431265280
17431527424
17431789568
17432051712
17432313856
17432576000
17432838144
17433100288
17433362432
17433624576
17433886720
17434148864
17434411008
17434673152
17434935296
17435197440
17435459584
17435721728
17435983872
17436246016
17436508160
17436770304
17437032448
17437294592
17437556736
17437818880
17438081024
17438343168
17438605312
17438867456
17439129600
17439391744
17439653888
17439916032
17440178176
17440440320
17440702464
17440964608
17441226752
17441488896
17441751040
17442013184
17442275328
17442537472
17442799616
17443061760
17443323904
17443586048
17443848192
17444110336
17444372480
17444634624
17444896768
17445158912
17445421056
17445683200
17445945344
17446207488
17446469632
17446731776
17446993920
17447256064
17447518208
17447780352
17448042496
17448304640
17448566784
17448828928
17449091072
17449353216
17449615360
17449877504
17450139648
17450401792
17450663936
17450926080
17451188224
17451450368
17451712512
17451974656
17452236800
17452498944
17452761088
17453023232
17453285376
17453547520
17453809664
17454071808
17454333952
17454596096
17454858240
17455120384
17455382528
17455644672
17455906816
17456168960
17456431104
17456693248
17456955392
17457217536
17457479680
17457741824
17458003968
17458266112
17458528256
17458790400
17459052544
17459314688
17459576832
17459838976
17460101120
17460363264
17460625408
17460887552
17461149696
17461411840
17461673984
17461936128
17462198272
17462460416
17462722560
17462984704
17463246848
17463508992
17463771136
17464033280
17464295424
17464557568
17464819712
17465081856
17465344000
17465606144
17465868288
17466130432
17466392576
17466654720
17466916864
17467179008
17467441152
17467703296
17467965440
17468227584
17468489728
17468751872
17469014016
17469276160
17469538304
17469800448
17470062592
17470324736
17470586880
17470849024
17471111168
17471373312
17471635456
17471897600
17472159744
17472421888
17472684032
17472946176
17473208320
17473470464
17473732608
17473994752
17474256896
17474519040
17474781184
17475043328
17475305472
17475567616
17475829760
17476091904
17476354048
17476616192
17476878336
17477140480
17477402624
17477664768
17477926912
17478189056
17478451200
17478713344
17478975488
17479237632
17479499776
17479761920
17480024064
17480286208
17480548352
17480810496
17481072640
17481334784
17481596928
17481859072
17482121216
17482383360
17482645504
17482907648
17483169792
17483431936
17483694080
17483956224
17484218368
17484480512
17484742656
17485004800
17485266944
17485529088
17485791232
17486053376
17486315520
17486577664
17486839808
17487101952
17487364096
17487626240
17487888384
17488150528
17488412672
17488674816
17488936960
17489199104
17489461248
17489723392
17489985536
17490247680
17490509824
17490771968
17491034112
17491296256
17491558400
17491820544
17492082688
17492344832
17492606976
17492869120
17493131264
17493393408
17493655552
17493917696
17494179840
17494441984
17494704128
17494966272
17495228416
17495490560
17495752704
17496014848
17496276992
17496539136
17496801280
17497063424
17497325568
17497587712
17497849856
17498112000
17498374144
17498636288
17498898432
17499160576
17499422720
17499684864
17499947008
17500209152
17500471296
17500733440
17500995584
17501257728
17501519872
17501782016
17502044160
17502306304
17502568448
17502830592
17503092736
17503354880
17503617024
17503879168
17504141312
17504403456
17504665600
17504927744
17505189888
17505452032
17505714176
17505976320
17506238464
17506500608
17506762752
17507024896
17507287040
17507549184
17507811328
17508073472
17508335616
17508597760
17508859904
17509122048
17509384192
17509646336
17509908480
17510170624
17510432768
17510694912
17510957056
17511219200
17511481344
17511743488
17512005632
17512267776
17512529920
17512792064
17513054208
17513316352
17513578496
17513840640
17514102784
17514364928
17514627072
17514889216
17515151360
17515413504
17515675648
17515937792
17516199936
17516462080
17516724224
17516986368
17517248512
17517510656
17517772800
17518034944
17518297088
17518559232
17518821376
17519083520
17519345664
17519607808
17519869952
17520132096
17520394240
17520656384
17520918528
17521180672
17521442816
17521704960
17521967104
17522229248
17522491392
17522753536
17523015680
17523277824
17523539968
17523802112
17524064256
17524326400
17524588544
17524850688
17525112832
17525374976
17525637120
17525899264
17526161408
17526423552
17526685696
17526947840
17527209984
17527472128
17527734272
17527996416
17528258560
17528520704
17528782848
17529044992
17529307136
17529569280
17529831424
17530093568
17530355712
17530617856
17530880000
17531142144
17531404288
17531666432
17531928576
17532190720
17532452864
17532715008
17532977152
17533239296
17533501440
17533763584
17534025728
17534287872
17534550016
17534812160
17535074304
17535336448
17535598592
17535860736
17536122880
17536385024
17536647168
17536909312
17537171456
17537433600
17537695744
17537957888
17538220032
17538482176
17538744320
17539006464
17539268608
17539530752
17539792896
17540055040
17540317184
17540579328
17540841472
17541103616
17541365760
17541627904
17541890048
17542152192
17542414336
17542676480
17542938624
17543200768
17543462912
17543725056
17543987200
17544249344
17544511488
17544773632
17545035776
17545297920
17545560064
17545822208
17546084352
17546346496
17546608640
17546870784
17547132928
17547395072
17547657216
17547919360
17548181504
17548443648
17548705792
17548967936
17549230080
17549492224
17549754368
17550016512
17550278656
17550540800
17550802944
17551065088
17551327232
17551589376
17551851520
17552113664
17552375808
17552637952
17552900096
17553162240
17553424384
17553686528
17553948672
17554210816
17554472960
17554735104
17554997248
17555259392
17555521536
17555783680
17556045824
17556307968
17556570112
17556832256
17557094400
17557356544
17557618688
17557880832
17558142976
17558405120
17558667264
17558929408
17559191552
17559453696
17559715840
17559977984
17560240128
17560502272
17560764416
17561026560
17561288704
17561550848
17561812992
17562075136
17562337280
17562599424
17562861568
17563123712
17563385856
17563648000
17563910144
17564172288
17564434432
17564696576
17564958720
17565220864
17565483008
17565745152
17566007296
17566269440
17566531584
17566793728
17567055872
17567318016
17567580160
17567842304
17568104448
17568366592
17568628736
17568890880
17569153024
17569415168
17569677312
17569939456
17570201600
17570463744
17570725888
17570988032
17571250176
17571512320
17571774464
17572036608
17572298752
17572560896
17572823040
17573085184
17573347328
17573609472
17573871616
17574133760
17574395904
17574658048
17574920192
17575182336
17575444480
17575706624
17575968768
17576230912
17576493056
17576755200
17577017344
17577279488
17577541632
17577803776
17578065920
17578328064
17578590208
17578852352
17579114496
17579376640
17579638784
17579900928
17580163072
17580425216
17580687360
17580949504
17581211648
17581473792
17581735936
17581998080
17582260224
17582522368
17582784512
17583046656
17583308800
17583570944
17583833088
17584095232
17584357376
17584619520
17584881664
17585143808
17585405952
17585668096
17585930240
17586192384
17586454528
17586716672
17586978816
17587240960
17587503104
17587765248
17588027392
17588289536
17588551680
17588813824
17589075968
17589338112
17589600256
17589862400
17590124544
17590386688
17590648832
17590910976
17591173120
17591435264
17591697408
17591959552
17592221696
17592483840
17592745984
17593008128
17593270272
17593532416
17593794560
17594056704
17594318848
17594580992
17594843136
17595105280
17595367424
17595629568
17595891712
17596153856
17596416000
17596678144
17596940288
17597202432
17597464576
17597726720
17597988864
17598251008
17598513152
17598775296
17599037440
17599299584
17599561728
17599823872
17600086016
17600348160
17600610304
17600872448
17601134592
17601396736
17601658880
17601921024
17602183168
17602445312
17602707456
17602969600
17603231744
17603493888
17603756032
17604018176
17604280320
17604542464
17604804608
17605066752
17605328896
17605591040
17605853184
17606115328
17606377472
17606639616
17606901760
17607163904
17607426048
17607688192
17607950336
17608212480
17608474624
17608736768
17608998912
17609261056
17609523200
17609785344
17610047488
17610309632
17610571776
17610833920
17611096064
17611358208
17611620352
17611882496
17612144640
17612406784
17612668928
17612931072
17613193216
17613455360
17613717504
17613979648
17614241792
17614503936
17614766080
17615028224
17615290368
17615552512
17615814656
17616076800
17616338944
17616601088
17616863232
17617125376
17617387520
17617649664
17617911808
17618173952
17618436096
17618698240
17618960384
17619222528
17619484672
17619746816
17620008960
17620271104
17620533248
17620795392
17621057536
17621319680
17621581824
17621843968
17622106112
17622368256
17622630400
17622892544
17623154688
17623416832
17623678976
17623941120
17624203264
17624465408
17624727552
17624989696
17625251840
17625513984
17625776128
17626038272
17626300416
17626562560
17626824704
17627086848
17627348992
17627611136
17627873280
17628135424
17628397568
17628659712
17628921856
17629184000
17629446144
17629708288
17629970432
17630232576
17630494720
17630756864
17631019008
17631281152
17631543296
17631805440
17632067584
17632329728
17632591872
17632854016
17633116160
17633378304
17633640448
17633902592
17634164736
17634426880
17634689024
17634951168
17635213312
17635475456
17635737600
17635999744
17636261888
17636524032
17636786176
17637048320
17637310464
17637572608
17637834752
17638096896
17638359040
17638621184
17638883328
17639145472
17639407616
17639669760
17639931904
17640194048
17640456192
17640718336
17640980480
17641242624
17641504768
17641766912
17642029056
17642291200
17642553344
17642815488
17643077632
17643339776
17643601920
17643864064
17644126208
17644388352
17644650496
17644912640
17645174784
17645436928
17645699072
17645961216
17646223360
17646485504
17646747648
17647009792
17647271936
17647534080
17647796224
17648058368
17648320512
17648582656
17648844800
17649106944
17649369088
17649631232
17649893376
17650155520
17650417664
17650679808
17650941952
17651204096
17651466240
17651728384
17651990528
17652252672
17652514816
17652776960
17653039104
17653301248
17653563392
17653825536
17654087680
17654349824
17654611968
17654874112
17655136256
17655398400
17655660544
17655922688
17656184832
17656446976
17656709120
17656971264
17657233408
17657495552
17657757696
17658019840
17658281984
17658544128
17658806272
17659068416
17659330560
17659592704
17659854848
17660116992
17660379136
17660641280
17660903424
17661165568
17661427712
17661689856
17661952000
17662214144
17662476288
17662738432
17663000576
17663262720
17663524864
17663787008
17664049152
17664311296
17664573440
17664835584
17665097728
17665359872
17665622016
17665884160
17666146304
17666408448
17666670592
17666932736
17667194880
17667457024
17667719168
17667981312
17668243456
17668505600
17668767744
17669029888
17669292032
17669554176
17669816320
17670078464
17670340608
17670602752
17670864896
17671127040
17671389184
17671651328
17671913472
17672175616
17672437760
17672699904
17672962048
17673224192
17673486336
17673748480
17674010624
17674272768
17674534912
17674797056
17675059200
17675321344
17675583488
17675845632
17676107776
17676369920
17676632064
17676894208
17677156352
17677418496
17677680640
17677942784
17678204928
17678467072
17678729216
17678991360
17679253504
17679515648
17679777792
17680039936
17680302080
17680564224
17680826368
17681088512
17681350656
17681612800
17681874944
17682137088
17682399232
17682661376
17682923520
17683185664
17683447808
17683709952
17683972096
17684234240
17684496384
17684758528
17685020672
17685282816
17685544960
17685807104
17686069248
17686331392
17686593536
17686855680
17687117824
17687379968
17687642112
17687904256
17688166400
17688428544
17688690688
17688952832
17689214976
17689477120
17689739264
17690001408
17690263552
17690525696
17690787840
17691049984
17691312128
17691574272
17691836416
17692098560
17692360704
17692622848
17692884992
17693147136
17693409280
17693671424
17693933568
17694195712
17694457856
17694720000
17694982144
17695244288
17695506432
17695768576
17696030720
17696292864
17696555008
17696817152
17697079296
17697341440
17697603584
17697865728
17698127872
17698390016
17698652160
17698914304
17699176448
17699438592
17699700736
17699962880
17700225024
17700487168
17700749312
17701011456
17701273600
17701535744
17701797888
17702060032
17702322176
17702584320
17702846464
17703108608
17703370752
17703632896
17703895040
17704157184
17704419328
17704681472
17704943616
17705205760
17705467904
17705730048
17705992192
17706254336
17706516480
17706778624
17707040768
17707302912
17707565056
17707827200
17708089344
17708351488
17708613632
17708875776
17709137920
17709400064
17709662208
17709924352
17710186496
17710448640
17710710784
17710972928
17711235072
17711497216
17711759360
17712021504
17712283648
17712545792
17712807936
17713070080
17713332224
17713594368
17713856512
17714118656
17714380800
17714642944
17714905088
17715167232
17715429376
17715691520
17715953664
17716215808
17716477952
17716740096
17717002240
17717264384
17717526528
17717788672
17718050816
17718312960
17718575104
17718837248
17719099392
17719361536
17719623680
17719885824
17720147968
17720410112
17720672256
17720934400
17721196544
17721458688
17721720832
17721982976
17722245120
17722507264
17722769408
17723031552
17723293696
17723555840
17723817984
17724080128
17724342272
17724604416
17724866560
17725128704
17725390848
17725652992
17725915136
17726177280
17726439424
17726701568
17726963712
17727225856
17727488000
17727750144
17728012288
17728274432
17728536576
17728798720
17729060864
17729323008
17729585152
17729847296
17730109440
17730371584
17730633728
17730895872
17731158016
17731420160
17731682304
17731944448
17732206592
17732468736
17732730880
17732993024
17733255168
17733517312
17733779456
17734041600
17734303744
17734565888
17734828032
17735090176
17735352320
17735614464
17735876608
17736138752
17736400896
17736663040
17736925184
17737187328
17737449472
17737711616
17737973760
17738235904
17738498048
17738760192
17739022336
17739284480
17739546624
17739808768
17740070912
17740333056
17740595200
17740857344
17741119488
17741381632
17741643776
17741905920
17742168064
17742430208
17742692352
17742954496
17743216640
17743478784
17743740928
17744003072
17744265216
17744527360
17744789504
17745051648
17745313792
17745575936
17745838080
17746100224
17746362368
17746624512
17746886656
17747148800
17747410944
17747673088
17747935232
17748197376
17748459520
17748721664
17748983808
17749245952
17749508096
17749770240
17750032384
17750294528
17750556672
17750818816
17751080960
17751343104
17751605248
17751867392
17752129536
17752391680
17752653824
17752915968
17753178112
17753440256
17753702400
17753964544
17754226688
17754488832
17754750976
17755013120
17755275264
17755537408
17755799552
17756061696
17756323840
17756585984
17756848128
17757110272
17757372416
17757634560
17757896704
17758158848
17758420992
17758683136
17758945280
17759207424
17759469568
17759731712
17759993856
17760256000
17760518144
17760780288
17761042432
17761304576
17761566720
17761828864
17762091008
17762353152
17762615296
17762877440
17763139584
17763401728
17763663872
17763926016
17764188160
17764450304
17764712448
17764974592
17765236736
17765498880
17765761024
17766023168
17766285312
17766547456
17766809600
17767071744
17767333888
17767596032
17767858176
17768120320
17768382464
17768644608
17768906752
17769168896
17769431040
17769693184
17769955328
17770217472
17770479616
17770741760
17771003904
17771266048
17771528192
17771790336
17772052480
17772314624
17772576768
17772838912
17773101056
17773363200
17773625344
17773887488
17774149632
17774411776
17774673920
17774936064
17775198208
17775460352
17775722496
17775984640
17776246784
17776508928
17776771072
17777033216
17777295360
17777557504
17777819648
17778081792
17778343936
17778606080
17778868224
17779130368
17779392512
17779654656
17779916800
17780178944
17780441088
17780703232
17780965376
17781227520
17781489664
17781751808
17782013952
17782276096
17782538240
17782800384
17783062528
17783324672
17783586816
17783848960
17784111104
17784373248
17784635392
17784897536
17785159680
17785421824
17785683968
17785946112
17786208256
17786470400
17786732544
17786994688
17787256832
17787518976
17787781120
17788043264
17788305408
17788567552
17788829696
17789091840
17789353984
17789616128
17789878272
17790140416
17790402560
17790664704
17790926848
17791188992
17791451136
17791713280
17791975424
17792237568
17792499712
17792761856
17793024000
17793286144
17793548288
17793810432
17794072576
17794334720
17794596864
17794859008
17795121152
17795383296
17795645440
17795907584
17796169728
17796431872
17796694016
17796956160
17797218304
17797480448
17797742592
17798004736
17798266880
17798529024
17798791168
17799053312
17799315456
17799577600
17799839744
17800101888
17800364032
17800626176
17800888320
17801150464
17801412608
17801674752
17801936896
17802199040
17802461184
17802723328
17802985472
17803247616
17803509760
17803771904
17804034048
17804296192
17804558336
17804820480
17805082624
17805344768
17805606912
17805869056
17806131200
17806393344
17806655488
17806917632
17807179776
17807441920
17807704064
17807966208
17808228352
17808490496
17808752640
17809014784
17809276928
17809539072
17809801216
17810063360
17810325504
17810587648
17810849792
17811111936
17811374080
17811636224
17811898368
17812160512
17812422656
17812684800
17812946944
17813209088
17813471232
17813733376
17813995520
17814257664
17814519808
17814781952
17815044096
17815306240
17815568384
17815830528
17816092672
17816354816
17816616960
17816879104
17817141248
17817403392
17817665536
17817927680
17818189824
17818451968
17818714112
17818976256
17819238400
17819500544
17819762688
17820024832
17820286976
17820549120
17820811264
17821073408
17821335552
17821597696
17821859840
17822121984
17822384128
17822646272
17822908416
17823170560
17823432704
17823694848
17823956992
17824219136
17824481280
17824743424
17825005568
17825267712
17825529856
17825792000
17826054144
17826316288
17826578432
17826840576
17827102720
17827364864
17827627008
17827889152
17828151296
17828413440
17828675584
17828937728
17829199872
17829462016
17829724160
17829986304
17830248448
17830510592
17830772736
17831034880
17831297024
17831559168
17831821312
17832083456
17832345600
17832607744
17832869888
17833132032
17833394176
17833656320
17833918464
17834180608
17834442752
17834704896
17834967040
17835229184
17835491328
17835753472
17836015616
17836277760
17836539904
17836802048
17837064192
17837326336
17837588480
17837850624
17838112768
17838374912
17838637056
17838899200
17839161344
17839423488
17839685632
17839947776
17840209920
17840472064
17840734208
17840996352
17841258496
17841520640
17841782784
17842044928
17842307072
17842569216
17842831360
17843093504
17843355648
17843617792
17843879936
17844142080
17844404224
17844666368
17844928512
17845190656
17845452800
17845714944
17845977088
17846239232
17846501376
17846763520
17847025664
17847287808
17847549952
17847812096
17848074240
17848336384
17848598528
17848860672
17849122816
17849384960
17849647104
17849909248
17850171392
17850433536
17850695680
17850957824
17851219968
17851482112
17851744256
17852006400
17852268544
17852530688
17852792832
17853054976
17853317120
17853579264
17853841408
17854103552
17854365696
17854627840
17854889984
17855152128
17855414272
17855676416
17855938560
17856200704
17856462848
17856724992
17856987136
17857249280
17857511424
17857773568
17858035712
17858297856
17858560000
17858822144
17859084288
17859346432
17859608576
17859870720
17860132864
17860395008
17860657152
17860919296
17861181440
17861443584
17861705728
17861967872
17862230016
17862492160
17862754304
17863016448
17863278592
17863540736
17863802880
17864065024
17864327168
17864589312
17864851456
17865113600
17865375744
17865637888
17865900032
17866162176
17866424320
17866686464
17866948608
17867210752
17867472896
17867735040
17867997184
17868259328
17868521472
17868783616
17869045760
17869307904
17869570048
17869832192
17870094336
17870356480
17870618624
17870880768
17871142912
17871405056
17871667200
17871929344
17872191488
17872453632
17872715776
17872977920
17873240064
17873502208
17873764352
17874026496
17874288640
17874550784
17874812928
17875075072
17875337216
17875599360
17875861504
17876123648
17876385792
17876647936
17876910080
17877172224
17877434368
17877696512
17877958656
17878220800
17878482944
17878745088
17879007232
17879269376
17879531520
17879793664
17880055808
17880317952
17880580096
17880842240
17881104384
17881366528
17881628672
17881890816
17882152960
17882415104
17882677248
17882939392
17883201536
17883463680
17883725824
17883987968
17884250112
17884512256
17884774400
17885036544
17885298688
17885560832
17885822976
17886085120
17886347264
17886609408
17886871552
17887133696
17887395840
17887657984
17887920128
17888182272
17888444416
17888706560
17888968704
17889230848
17889492992
17889755136
17890017280
17890279424
17890541568
17890803712
17891065856
17891328000
17891590144
17891852288
17892114432
17892376576
17892638720
17892900864
17893163008
17893425152
17893687296
17893949440
17894211584
17894473728
17894735872
17894998016
17895260160
17895522304
17895784448
17896046592
17896308736
17896570880
17896833024
17897095168
17897357312
17897619456
17897881600
17898143744
17898405888
17898668032
17898930176
17899192320
17899454464
17899716608
17899978752
17900240896
17900503040
17900765184
17901027328
17901289472
17901551616
17901813760
17902075904
17902338048
17902600192
17902862336
17903124480
17903386624
17903648768
17903910912
17904173056
17904435200
17904697344
17904959488
17905221632
17905483776
17905745920
17906008064
17906270208
17906532352
17906794496
17907056640
17907318784
17907580928
17907843072
17908105216
17908367360
17908629504
17908891648
17909153792
17909415936
17909678080
17909940224
17910202368
17910464512
17910726656
17910988800
17911250944
17911513088
17911775232
17912037376
17912299520
17912561664
17912823808
17913085952
17913348096
17913610240
17913872384
17914134528
17914396672
17914658816
17914920960
17915183104
17915445248
17915707392
17915969536
17916231680
17916493824
17916755968
17917018112
17917280256
17917542400
17917804544
17918066688
17918328832
17918590976
17918853120
17919115264
17919377408
17919639552
17919901696
17920163840
17920425984
17920688128
17920950272
17921212416
17921474560
17921736704
17921998848
17922260992
17922523136
17922785280
17923047424
17923309568
17923571712
17923833856
17924096000
17924358144
17924620288
17924882432
17925144576
17925406720
17925668864
17925931008
17926193152
17926455296
17926717440
17926979584
17927241728
17927503872
17927766016
17928028160
17928290304
17928552448
17928814592
17929076736
17929338880
17929601024
17929863168
17930125312
17930387456
17930649600
17930911744
17931173888
17931436032
17931698176
17931960320
17932222464
17932484608
17932746752
17933008896
17933271040
17933533184
17933795328
17934057472
17934319616
17934581760
17934843904
17935106048
17935368192
17935630336
17935892480
17936154624
17936416768
17936678912
17936941056
17937203200
17937465344
17937727488
17937989632
17938251776
17938513920
17938776064
17939038208
17939300352
17939562496
17939824640
17940086784
17940348928
17940611072
17940873216
17941135360
17941397504
17941659648
17941921792
17942183936
17942446080
17942708224
17942970368
17943232512
17943494656
17943756800
17944018944
17944281088
17944543232
17944805376
17945067520
17945329664
17945591808
17945853952
17946116096
17946378240
17946640384
17946902528
17947164672
17947426816
17947688960
17947951104
17948213248
17948475392
17948737536
17948999680
17949261824
17949523968
17949786112
17950048256
17950310400
17950572544
17950834688
17951096832
17951358976
17951621120
17951883264
17952145408
17952407552
17952669696
17952931840
17953193984
17953456128
17953718272
17953980416
17954242560
17954504704
17954766848
17955028992
17955291136
17955553280
17955815424
17956077568
17956339712
17956601856
17956864000
17957126144
17957388288
17957650432
17957912576
17958174720
17958436864
17958699008
17958961152
17959223296
17959485440
17959747584
17960009728
17960271872
17960534016
17960796160
17961058304
17961320448
17961582592
17961844736
17962106880
17962369024
17962631168
17962893312
17963155456
17963417600
17963679744
17963941888
17964204032
17964466176
17964728320
17964990464
17965252608
17965514752
17965776896
17966039040
17966301184
17966563328
17966825472
17967087616
17967349760
17967611904
17967874048
17968136192
17968398336
17968660480
17968922624
17969184768
17969446912
17969709056
17969971200
17970233344
17970495488
17970757632
17971019776
17971281920
17971544064
17971806208
17972068352
17972330496
17972592640
17972854784
17973116928
17973379072
17973641216
17973903360
17974165504
17974427648
17974689792
17974951936
17975214080
17975476224
17975738368
17976000512
17976262656
17976524800
17976786944
17977049088
17977311232
17977573376
17977835520
17978097664
17978359808
17978621952
17978884096
17979146240
17979408384
17979670528
17979932672
17980194816
17980456960
17980719104
17980981248
17981243392
17981505536
17981767680
17982029824
17982291968
17982554112
17982816256
17983078400
17983340544
17983602688
17983864832
17984126976
17984389120
17984651264
17984913408
17985175552
17985437696
17985699840
17985961984
17986224128
17986486272
17986748416
17987010560
17987272704
17987534848
17987796992
17988059136
17988321280
17988583424
17988845568
17989107712
17989369856
17989632000
17989894144
17990156288
17990418432
17990680576
17990942720
17991204864
17991467008
17991729152
17991991296
17992253440
17992515584
17992777728
17993039872
17993302016
17993564160
17993826304
17994088448
17994350592
17994612736
17994874880
17995137024
17995399168
17995661312
17995923456
17996185600
17996447744
17996709888
17996972032
17997234176
17997496320
17997758464
17998020608
17998282752
17998544896
17998807040
17999069184
17999331328
17999593472
17999855616
18000117760
18000379904
18000642048
18000904192
18001166336
18001428480
18001690624
18001952768
18002214912
18002477056
18002739200
18003001344
18003263488
18003525632
18003787776
18004049920
18004312064
18004574208
18004836352
18005098496
18005360640
18005622784
18005884928
18006147072
18006409216
18006671360
18006933504
18007195648
18007457792
18007719936
18007982080
18008244224
18008506368
18008768512
18009030656
18009292800
18009554944
18009817088
18010079232
18010341376
18010603520
18010865664
18011127808
18011389952
18011652096
18011914240
18012176384
18012438528
18012700672
18012962816
18013224960
18013487104
18013749248
18014011392
18014273536
18014535680
18014797824
18015059968
18015322112
18015584256
18015846400
18016108544
18016370688
18016632832
18016894976
18017157120
18017419264
18017681408
18017943552
18018205696
18018467840
18018729984
18018992128
18019254272
18019516416
18019778560
18020040704
18020302848
18020564992
18020827136
18021089280
18021351424
18021613568
18021875712
18022137856
18022400000
18022662144
18022924288
18023186432
18023448576
18023710720
18023972864
18024235008
18024497152
18024759296
18025021440
18025283584
18025545728
18025807872
18026070016
18026332160
18026594304
18026856448
18027118592
18027380736
18027642880
18027905024
18028167168
18028429312
18028691456
18028953600
18029215744
18029477888
18029740032
18030002176
18030264320
18030526464
18030788608
18031050752
18031312896
18031575040
18031837184
18032099328
18032361472
18032623616
18032885760
18033147904
18033410048
18033672192
18033934336
18034196480
18034458624
18034720768
18034982912
18035245056
18035507200
18035769344
18036031488
18036293632
18036555776
18036817920
18037080064
18037342208
18037604352
18037866496
18038128640
18038390784
18038652928
18038915072
18039177216
18039439360
18039701504
18039963648
18040225792
18040487936
18040750080
18041012224
18041274368
18041536512
18041798656
18042060800
18042322944
18042585088
18042847232
18043109376
18043371520
18043633664
18043895808
18044157952
18044420096
18044682240
18044944384
18045206528
18045468672
18045730816
18045992960
18046255104
18046517248
18046779392
18047041536
18047303680
18047565824
18047827968
18048090112
18048352256
18048614400
18048876544
18049138688
18049400832
18049662976
18049925120
18050187264
18050449408
18050711552
18050973696
18051235840
18051497984
18051760128
18052022272
18052284416
18052546560
18052808704
18053070848
18053332992
18053595136
18053857280
18054119424
18054381568
18054643712
18054905856
18055168000
18055430144
18055692288
18055954432
18056216576
18056478720
18056740864
18057003008
18057265152
18057527296
18057789440
18058051584
18058313728
18058575872
18058838016
18059100160
18059362304
18059624448
18059886592
18060148736
18060410880
18060673024
18060935168
18061197312
18061459456
18061721600
18061983744
18062245888
18062508032
18062770176
18063032320
18063294464
18063556608
18063818752
18064080896
18064343040
18064605184
18064867328
18065129472
18065391616
18065653760
18065915904
18066178048
18066440192
18066702336
18066964480
18067226624
18067488768
18067750912
18068013056
18068275200
18068537344
18068799488
18069061632
18069323776
18069585920
18069848064
18070110208
18070372352
18070634496
18070896640
18071158784
18071420928
18071683072
18071945216
18072207360
18072469504
18072731648
18072993792
18073255936
18073518080
18073780224
18074042368
18074304512
18074566656
18074828800
18075090944
18075353088
18075615232
18075877376
18076139520
18076401664
18076663808
18076925952
18077188096
18077450240
18077712384
18077974528
18078236672
18078498816
18078760960
18079023104
18079285248
18079547392
18079809536
18080071680
18080333824
18080595968
18080858112
18081120256
18081382400
18081644544
18081906688
18082168832
18082430976
18082693120
18082955264
18083217408
18083479552
18083741696
18084003840
18084265984
18084528128
18084790272
18085052416
18085314560
18085576704
18085838848
18086100992
18086363136
18086625280
18086887424
18087149568
18087411712
18087673856
18087936000
18088198144
18088460288
18088722432
18088984576
18089246720
18089508864
18089771008
18090033152
18090295296
18090557440
18090819584
18091081728
18091343872
18091606016
18091868160
18092130304
18092392448
18092654592
18092916736
18093178880
18093441024
18093703168
18093965312
18094227456
18094489600
18094751744
18095013888
18095276032
18095538176
18095800320
18096062464
18096324608
18096586752
18096848896
18097111040
18097373184
18097635328
18097897472
18098159616
18098421760
18098683904
18098946048
18099208192
18099470336
18099732480
18099994624
18100256768
18100518912
18100781056
18101043200
18101305344
18101567488
18101829632
18102091776
18102353920
18102616064
18102878208
18103140352
18103402496
18103664640
18103926784
18104188928
18104451072
18104713216
18104975360
18105237504
18105499648
18105761792
18106023936
18106286080
18106548224
18106810368
18107072512
18107334656
18107596800
18107858944
18108121088
18108383232
18108645376
18108907520
18109169664
18109431808
18109693952
18109956096
18110218240
18110480384
18110742528
18111004672
18111266816
18111528960
18111791104
18112053248
18112315392
18112577536
18112839680
18113101824
18113363968
18113626112
18113888256
18114150400
18114412544
18114674688
18114936832
18115198976
18115461120
18115723264
18115985408
18116247552
18116509696
18116771840
18117033984
18117296128
18117558272
18117820416
18118082560
18118344704
18118606848
18118868992
18119131136
18119393280
18119655424
18119917568
18120179712
18120441856
18120704000
18120966144
18121228288
18121490432
18121752576
18122014720
18122276864
18122539008
18122801152
18123063296
18123325440
18123587584
18123849728
18124111872
18124374016
18124636160
18124898304
18125160448
18125422592
18125684736
18125946880
18126209024
18126471168
18126733312
18126995456
18127257600
18127519744
18127781888
18128044032
18128306176
18128568320
18128830464
18129092608
18129354752
18129616896
18129879040
18130141184
18130403328
18130665472
18130927616
18131189760
18131451904
18131714048
18131976192
18132238336
18132500480
18132762624
18133024768
18133286912
18133549056
18133811200
18134073344
18134335488
18134597632
18134859776
18135121920
18135384064
18135646208
18135908352
18136170496
18136432640
18136694784
18136956928
18137219072
18137481216
18137743360
18138005504
18138267648
18138529792
18138791936
18139054080
18139316224
18139578368
18139840512
18140102656
18140364800
18140626944
18140889088
18141151232
18141413376
18141675520
18141937664
18142199808
18142461952
18142724096
18142986240
18143248384
18143510528
18143772672
18144034816
18144296960
18144559104
18144821248
18145083392
18145345536
18145607680
18145869824
18146131968
18146394112
18146656256
18146918400
18147180544
18147442688
18147704832
18147966976
18148229120
18148491264
18148753408
18149015552
18149277696
18149539840
18149801984
18150064128
18150326272
18150588416
18150850560
18151112704
18151374848
18151636992
18151899136
18152161280
18152423424
18152685568
18152947712
18153209856
18153472000
18153734144
18153996288
18154258432
18154520576
18154782720
18155044864
18155307008
18155569152
18155831296
18156093440
18156355584
18156617728
18156879872
18157142016
18157404160
18157666304
18157928448
18158190592
18158452736
18158714880
18158977024
18159239168
18159501312
18159763456
18160025600
18160287744
18160549888
18160812032
18161074176
18161336320
18161598464
18161860608
18162122752
18162384896
18162647040
18162909184
18163171328
18163433472
18163695616
18163957760
18164219904
18164482048
18164744192
18165006336
18165268480
18165530624
18165792768
18166054912
18166317056
18166579200
18166841344
18167103488
18167365632
18167627776
18167889920
18168152064
18168414208
18168676352
18168938496
18169200640
18169462784
18169724928
18169987072
18170249216
18170511360
18170773504
18171035648
18171297792
18171559936
18171822080
18172084224
18172346368
18172608512
18172870656
18173132800
18173394944
18173657088
18173919232
18174181376
18174443520
18174705664
18174967808
18175229952
18175492096
18175754240
18176016384
18176278528
18176540672
18176802816
18177064960
18177327104
18177589248
18177851392
18178113536
18178375680
18178637824
18178899968
18179162112
18179424256
18179686400
18179948544
18180210688
18180472832
18180734976
18180997120
18181259264
18181521408
18181783552
18182045696
18182307840
18182569984
18182832128
18183094272
18183356416
18183618560
18183880704
18184142848
18184404992
18184667136
18184929280
18185191424
18185453568
18185715712
18185977856
18186240000
18186502144
18186764288
18187026432
18187288576
18187550720
18187812864
18188075008
18188337152
18188599296
18188861440
18189123584
18189385728
18189647872
18189910016
18190172160
18190434304
18190696448
18190958592
18191220736
18191482880
18191745024
18192007168
18192269312
18192531456
18192793600
18193055744
18193317888
18193580032
18193842176
18194104320
18194366464
18194628608
18194890752
18195152896
18195415040
18195677184
18195939328
18196201472
18196463616
18196725760
18196987904
18197250048
18197512192
18197774336
18198036480
18198298624
18198560768
18198822912
18199085056
18199347200
18199609344
18199871488
18200133632
18200395776
18200657920
18200920064
18201182208
18201444352
18201706496
18201968640
18202230784
18202492928
18202755072
18203017216
18203279360
18203541504
18203803648
18204065792
18204327936
18204590080
18204852224
18205114368
18205376512
18205638656
18205900800
18206162944
18206425088
18206687232
18206949376
18207211520
18207473664
18207735808
18207997952
18208260096
18208522240
18208784384
18209046528
18209308672
18209570816
18209832960
18210095104
18210357248
18210619392
18210881536
18211143680
18211405824
18211667968
18211930112
18212192256
18212454400
18212716544
18212978688
18213240832
18213502976
18213765120
18214027264
18214289408
18214551552
18214813696
18215075840
18215337984
18215600128
18215862272
18216124416
18216386560
18216648704
18216910848
18217172992
18217435136
18217697280
18217959424
18218221568
18218483712
18218745856
18219008000
18219270144
18219532288
18219794432
18220056576
18220318720
18220580864
18220843008
18221105152
18221367296
18221629440
18221891584
18222153728
18222415872
18222678016
18222940160
18223202304
18223464448
18223726592
18223988736
18224250880
18224513024
18224775168
18225037312
18225299456
18225561600
18225823744
18226085888
18226348032
18226610176
18226872320
18227134464
18227396608
18227658752
18227920896
18228183040
18228445184
18228707328
18228969472
18229231616
18229493760
18229755904
18230018048
18230280192
18230542336
18230804480
18231066624
18231328768
18231590912
18231853056
18232115200
18232377344
18232639488
18232901632
18233163776
18233425920
18233688064
18233950208
18234212352
18234474496
18234736640
18234998784
18235260928
18235523072
18235785216
18236047360
18236309504
18236571648
18236833792
18237095936
18237358080
18237620224
18237882368
18238144512
18238406656
18238668800
18238930944
18239193088
18239455232
18239717376
18239979520
18240241664
18240503808
18240765952
18241028096
18241290240
18241552384
18241814528
18242076672
18242338816
18242600960
18242863104
18243125248
18243387392
18243649536
18243911680
18244173824
18244435968
18244698112
18244960256
18245222400
18245484544
18245746688
18246008832
18246270976
18246533120
18246795264
18247057408
18247319552
18247581696
18247843840
18248105984
18248368128
18248630272
18248892416
18249154560
18249416704
18249678848
18249940992
18250203136
18250465280
18250727424
18250989568
18251251712
18251513856
18251776000
18252038144
18252300288
18252562432
18252824576
18253086720
18253348864
18253611008
18253873152
18254135296
18254397440
18254659584
18254921728
18255183872
18255446016
18255708160
18255970304
18256232448
18256494592
18256756736
18257018880
18257281024
18257543168
18257805312
18258067456
18258329600
18258591744
18258853888
18259116032
18259378176
18259640320
18259902464
18260164608
18260426752
18260688896
18260951040
18261213184
18261475328
18261737472
18261999616
18262261760
18262523904
18262786048
18263048192
18263310336
18263572480
18263834624
18264096768
18264358912
18264621056
18264883200
18265145344
18265407488
18265669632
18265931776
18266193920
18266456064
18266718208
18266980352
18267242496
18267504640
18267766784
18268028928
18268291072
18268553216
18268815360
18269077504
18269339648
18269601792
18269863936
18270126080
18270388224
18270650368
18270912512
18271174656
18271436800
18271698944
18271961088
18272223232
18272485376
18272747520
18273009664
18273271808
18273533952
18273796096
18274058240
18274320384
18274582528
18274844672
18275106816
18275368960
18275631104
18275893248
18276155392
18276417536
18276679680
18276941824
18277203968
18277466112
18277728256
18277990400
18278252544
18278514688
18278776832
18279038976
18279301120
18279563264
18279825408
18280087552
18280349696
18280611840
18280873984
18281136128
18281398272
18281660416
18281922560
18282184704
18282446848
18282708992
18282971136
18283233280
18283495424
18283757568
18284019712
18284281856
18284544000
18284806144
18285068288
18285330432
18285592576
18285854720
18286116864
18286379008
18286641152
18286903296
18287165440
18287427584
18287689728
18287951872
18288214016
18288476160
18288738304
18289000448
18289262592
18289524736
18289786880
18290049024
18290311168
18290573312
18290835456
18291097600
18291359744
18291621888
18291884032
18292146176
18292408320
18292670464
18292932608
18293194752
18293456896
18293719040
18293981184
18294243328
18294505472
18294767616
18295029760
18295291904
18295554048
18295816192
18296078336
18296340480
18296602624
18296864768
18297126912
18297389056
18297651200
18297913344
18298175488
18298437632
18298699776
18298961920
18299224064
18299486208
18299748352
18300010496
18300272640
18300534784
18300796928
18301059072
18301321216
18301583360
18301845504
18302107648
18302369792
18302631936
18302894080
18303156224
18303418368
18303680512
18303942656
18304204800
18304466944
18304729088
18304991232
18305253376
18305515520
18305777664
18306039808
18306301952
18306564096
18306826240
18307088384
18307350528
18307612672
18307874816
18308136960
18308399104
18308661248
18308923392
18309185536
18309447680
18309709824
18309971968
18310234112
18310496256
18310758400
18311020544
18311282688
18311544832
18311806976
18312069120
18312331264
18312593408
18312855552
18313117696
18313379840
18313641984
18313904128
18314166272
18314428416
18314690560
18314952704
18315214848
18315476992
18315739136
18316001280
18316263424
18316525568
18316787712
18317049856
18317312000
18317574144
18317836288
18318098432
18318360576
18318622720
18318884864
18319147008
18319409152
18319671296
18319933440
18320195584
18320457728
18320719872
18320982016
18321244160
18321506304
18321768448
18322030592
18322292736
18322554880
18322817024
18323079168
18323341312
18323603456
18323865600
18324127744
18324389888
18324652032
18324914176
18325176320
18325438464
18325700608
18325962752
18326224896
18326487040
18326749184
18327011328
18327273472
18327535616
18327797760
18328059904
18328322048
18328584192
18328846336
18329108480
18329370624
18329632768
18329894912
18330157056
18330419200
18330681344
18330943488
18331205632
18331467776
18331729920
18331992064
18332254208
18332516352
18332778496
18333040640
18333302784
18333564928
18333827072
18334089216
18334351360
18334613504
18334875648
18335137792
18335399936
18335662080
18335924224
18336186368
18336448512
18336710656
18336972800
18337234944
18337497088
18337759232
18338021376
18338283520
18338545664
18338807808
18339069952
18339332096
18339594240
18339856384
18340118528
18340380672
18340642816
18340904960
18341167104
18341429248
18341691392
18341953536
18342215680
18342477824
18342739968
18343002112
18343264256
18343526400
18343788544
18344050688
18344312832
18344574976
18344837120
18345099264
18345361408
18345623552
18345885696
18346147840
18346409984
18346672128
18346934272
18347196416
18347458560
18347720704
18347982848
18348244992
18348507136
18348769280
18349031424
18349293568
18349555712
18349817856
18350080000
18350342144
18350604288
18350866432
18351128576
18351390720
18351652864
18351915008
18352177152
18352439296
18352701440
18352963584
18353225728
18353487872
18353750016
18354012160
18354274304
18354536448
18354798592
18355060736
18355322880
18355585024
18355847168
18356109312
18356371456
18356633600
18356895744
18357157888
18357420032
18357682176
18357944320
18358206464
18358468608
18358730752
18358992896
18359255040
18359517184
18359779328
18360041472
18360303616
18360565760
18360827904
18361090048
18361352192
18361614336
18361876480
18362138624
18362400768
18362662912
18362925056
18363187200
18363449344
18363711488
18363973632
18364235776
18364497920
18364760064
18365022208
18365284352
18365546496
18365808640
18366070784
18366332928
18366595072
18366857216
18367119360
18367381504
18367643648
18367905792
18368167936
18368430080
18368692224
18368954368
18369216512
18369478656
18369740800
18370002944
18370265088
18370527232
18370789376
18371051520
18371313664
18371575808
18371837952
18372100096
18372362240
18372624384
18372886528
18373148672
18373410816
18373672960
18373935104
18374197248
18374459392
18374721536
18374983680
18375245824
18375507968
18375770112
18376032256
18376294400
18376556544
18376818688
18377080832
18377342976
18377605120
18377867264
18378129408
18378391552
18378653696
18378915840
18379177984
18379440128
18379702272
18379964416
18380226560
18380488704
18380750848
18381012992
18381275136
18381537280
18381799424
18382061568
18382323712
18382585856
18382848000
18383110144
18383372288
18383634432
18383896576
18384158720
18384420864
18384683008
18384945152
18385207296
18385469440
18385731584
18385993728
18386255872
18386518016
18386780160
18387042304
18387304448
18387566592
18387828736
18388090880
18388353024
18388615168
18388877312
18389139456
18389401600
18389663744
18389925888
18390188032
18390450176
18390712320
18390974464
18391236608
18391498752
18391760896
18392023040
18392285184
18392547328
18392809472
18393071616
18393333760
18393595904
18393858048
18394120192
18394382336
18394644480
18394906624
18395168768
18395430912
18395693056
18395955200
18396217344
18396479488
18396741632
18397003776
18397265920
18397528064
18397790208
18398052352
18398314496
18398576640
18398838784
18399100928
18399363072
18399625216
18399887360
18400149504
18400411648
18400673792
18400935936
18401198080
18401460224
18401722368
18401984512
18402246656
18402508800
18402770944
18403033088
18403295232
18403557376
18403819520
18404081664
18404343808
18404605952
18404868096
18405130240
18405392384
18405654528
18405916672
18406178816
18406440960
18406703104
18406965248
18407227392
18407489536
18407751680
18408013824
18408275968
18408538112
18408800256
18409062400
18409324544
18409586688
18409848832
18410110976
18410373120
18410635264
18410897408
18411159552
18411421696
18411683840
18411945984
18412208128
18412470272
18412732416
18412994560
18413256704
18413518848
18413780992
18414043136
18414305280
18414567424
18414829568
18415091712
18415353856
18415616000
18415878144
18416140288
18416402432
18416664576
18416926720
18417188864
18417451008
18417713152
18417975296
18418237440
18418499584
18418761728
18419023872
18419286016
18419548160
18419810304
18420072448
18420334592
18420596736
18420858880
18421121024
18421383168
18421645312
18421907456
18422169600
18422431744
18422693888
18422956032
18423218176
18423480320
18423742464
18424004608
18424266752
18424528896
18424791040
18425053184
18425315328
18425577472
18425839616
18426101760
18426363904
18426626048
18426888192
18427150336
18427412480
18427674624
18427936768
18428198912
18428461056
18428723200
18428985344
18429247488
18429509632
18429771776
18430033920
18430296064
18430558208
18430820352
18431082496
18431344640
18431606784
18431868928
18432131072
18432393216
18432655360
18432917504
18433179648
18433441792
18433703936
18433966080
18434228224
18434490368
18434752512
18435014656
18435276800
18435538944
18435801088
18436063232
18436325376
18436587520
18436849664
18437111808
18437373952
18437636096
18437898240
18438160384
18438422528
18438684672
18438946816
18439208960
18439471104
18439733248
18439995392
18440257536
18440519680
18440781824
18441043968
18441306112
18441568256
18441830400
18442092544
18442354688
18442616832
18442878976
18443141120
18443403264
18443665408
18443927552
18444189696
18444451840
18444713984
18444976128
18445238272
18445500416
18445762560
18446024704
18446286848
18446548992
18446811136
18447073280
18447335424
18447597568
18447859712
18448121856
18448384000
18448646144
18448908288
18449170432
18449432576
18449694720
18449956864
18450219008
18450481152
18450743296
18451005440
18451267584
18451529728
18451791872
18452054016
18452316160
18452578304
18452840448
18453102592
18453364736
18453626880
18453889024
18454151168
18454413312
18454675456
18454937600
18455199744
18455461888
18455724032
18455986176
18456248320
18456510464
18456772608
18457034752
18457296896
18457559040
18457821184
18458083328
18458345472
18458607616
18458869760
18459131904
18459394048
18459656192
18459918336
18460180480
18460442624
18460704768
18460966912
18461229056
18461491200
18461753344
18462015488
18462277632
18462539776
18462801920
18463064064
18463326208
18463588352
18463850496
18464112640
18464374784
18464636928
18464899072
18465161216
18465423360
18465685504
18465947648
18466209792
18466471936
18466734080
18466996224
18467258368
18467520512
18467782656
18468044800
18468306944
18468569088
18468831232
18469093376
18469355520
18469617664
18469879808
18470141952
18470404096
18470666240
18470928384
18471190528
18471452672
18471714816
18471976960
18472239104
18472501248
18472763392
18473025536
18473287680
18473549824
18473811968
18474074112
18474336256
18474598400
18474860544
18475122688
18475384832
18475646976
18475909120
18476171264
18476433408
18476695552
18476957696
18477219840
18477481984
18477744128
18478006272
18478268416
18478530560
18478792704
18479054848
18479316992
18479579136
18479841280
18480103424
18480365568
18480627712
18480889856
18481152000
18481414144
18481676288
18481938432
18482200576
18482462720
18482724864
18482987008
18483249152
18483511296
18483773440
18484035584
18484297728
18484559872
18484822016
18485084160
18485346304
18485608448
18485870592
18486132736
18486394880
18486657024
18486919168
18487181312
18487443456
18487705600
18487967744
18488229888
18488492032
18488754176
18489016320
18489278464
18489540608
18489802752
18490064896
18490327040
18490589184
18490851328
18491113472
18491375616
18491637760
18491899904
18492162048
18492424192
18492686336
18492948480
18493210624
18493472768
18493734912
18493997056
18494259200
18494521344
18494783488
18495045632
18495307776
18495569920
18495832064
18496094208
18496356352
18496618496
18496880640
18497142784
18497404928
18497667072
18497929216
18498191360
18498453504
18498715648
18498977792
18499239936
18499502080
18499764224
18500026368
18500288512
18500550656
18500812800
18501074944
18501337088
18501599232
18501861376
18502123520
18502385664
18502647808
18502909952
18503172096
18503434240
18503696384
18503958528
18504220672
18504482816
18504744960
18505007104
18505269248
18505531392
18505793536
18506055680
18506317824
18506579968
18506842112
18507104256
18507366400
18507628544
18507890688
18508152832
18508414976
18508677120
18508939264
18509201408
18509463552
18509725696
18509987840
18510249984
18510512128
18510774272
18511036416
18511298560
18511560704
18511822848
18512084992
18512347136
18512609280
18512871424
18513133568
18513395712
18513657856
18513920000
18514182144
18514444288
18514706432
18514968576
18515230720
18515492864
18515755008
18516017152
18516279296
18516541440
18516803584
18517065728
18517327872
18517590016
18517852160
18518114304
18518376448
18518638592
18518900736
18519162880
18519425024
18519687168
18519949312
18520211456
18520473600
18520735744
18520997888
18521260032
18521522176
18521784320
18522046464
18522308608
18522570752
18522832896
18523095040
18523357184
18523619328
18523881472
18524143616
18524405760
18524667904
18524930048
18525192192
18525454336
18525716480
18525978624
18526240768
18526502912
18526765056
18527027200
18527289344
18527551488
18527813632
18528075776
18528337920
18528600064
18528862208
18529124352
18529386496
18529648640
18529910784
18530172928
18530435072
18530697216
18530959360
18531221504
18531483648
18531745792
18532007936
18532270080
18532532224
18532794368
18533056512
18533318656
18533580800
18533842944
18534105088
18534367232
18534629376
18534891520
18535153664
18535415808
18535677952
18535940096
18536202240
18536464384
18536726528
18536988672
18537250816
18537512960
18537775104
18538037248
18538299392
18538561536
18538823680
18539085824
18539347968
18539610112
18539872256
18540134400
18540396544
18540658688
18540920832
18541182976
18541445120
18541707264
18541969408
18542231552
18542493696
18542755840
18543017984
18543280128
18543542272
18543804416
18544066560
18544328704
18544590848
18544852992
18545115136
18545377280
18545639424
18545901568
18546163712
18546425856
18546688000
18546950144
18547212288
18547474432
18547736576
18547998720
18548260864
18548523008
18548785152
18549047296
18549309440
18549571584
18549833728
18550095872
18550358016
18550620160
18550882304
18551144448
18551406592
18551668736
18551930880
18552193024
18552455168
18552717312
18552979456
18553241600
18553503744
18553765888
18554028032
18554290176
18554552320
18554814464
18555076608
18555338752
18555600896
18555863040
18556125184
18556387328
18556649472
18556911616
18557173760
18557435904
18557698048
18557960192
18558222336
18558484480
18558746624
18559008768
18559270912
18559533056
18559795200
18560057344
18560319488
18560581632
18560843776
18561105920
18561368064
18561630208
18561892352
18562154496
18562416640
18562678784
18562940928
18563203072
18563465216
18563727360
18563989504
18564251648
18564513792
18564775936
18565038080
18565300224
18565562368
18565824512
18566086656
18566348800
18566610944
18566873088
18567135232
18567397376
18567659520
18567921664
18568183808
18568445952
18568708096
18568970240
18569232384
18569494528
18569756672
18570018816
18570280960
18570543104
18570805248
18571067392
18571329536
18571591680
18571853824
18572115968
18572378112
18572640256
18572902400
18573164544
18573426688
18573688832
18573950976
18574213120
18574475264
18574737408
18574999552
18575261696
18575523840
18575785984
18576048128
18576310272
18576572416
18576834560
18577096704
18577358848
18577620992
18577883136
18578145280
18578407424
18578669568
18578931712
18579193856
18579456000
18579718144
18579980288
18580242432
18580504576
18580766720
18581028864
18581291008
18581553152
18581815296
18582077440
18582339584
18582601728
18582863872
18583126016
18583388160
18583650304
18583912448
18584174592
18584436736
18584698880
18584961024
18585223168
18585485312
18585747456
18586009600
18586271744
18586533888
18586796032
18587058176
18587320320
18587582464
18587844608
18588106752
18588368896
18588631040
18588893184
18589155328
18589417472
18589679616
18589941760
18590203904
18590466048
18590728192
18590990336
18591252480
18591514624
18591776768
18592038912
18592301056
18592563200
18592825344
18593087488
18593349632
18593611776
18593873920
18594136064
18594398208
18594660352
18594922496
18595184640
18595446784
18595708928
18595971072
18596233216
18596495360
18596757504
18597019648
18597281792
18597543936
18597806080
18598068224
18598330368
18598592512
18598854656
18599116800
18599378944
18599641088
18599903232
18600165376
18600427520
18600689664
18600951808
18601213952
18601476096
18601738240
18602000384
18602262528
18602524672
18602786816
18603048960
18603311104
18603573248
18603835392
18604097536
18604359680
18604621824
18604883968
18605146112
18605408256
18605670400
18605932544
18606194688
18606456832
18606718976
18606981120
18607243264
18607505408
18607767552
18608029696
18608291840
18608553984
18608816128
18609078272
18609340416
18609602560
18609864704
18610126848
18610388992
18610651136
18610913280
18611175424
18611437568
18611699712
18611961856
18612224000
18612486144
18612748288
18613010432
18613272576
18613534720
18613796864
18614059008
18614321152
18614583296
18614845440
18615107584
18615369728
18615631872
18615894016
18616156160
18616418304
18616680448
18616942592
18617204736
18617466880
18617729024
18617991168
18618253312
18618515456
18618777600
18619039744
18619301888
18619564032
18619826176
18620088320
18620350464
18620612608
18620874752
18621136896
18621399040
18621661184
18621923328
18622185472
18622447616
18622709760
18622971904
18623234048
18623496192
18623758336
18624020480
18624282624
18624544768
18624806912
18625069056
18625331200
18625593344
18625855488
18626117632
18626379776
18626641920
18626904064
18627166208
18627428352
18627690496
18627952640
18628214784
18628476928
18628739072
18629001216
18629263360
18629525504
18629787648
18630049792
18630311936
18630574080
18630836224
18631098368
18631360512
18631622656
18631884800
18632146944
18632409088
18632671232
18632933376
18633195520
18633457664
18633719808
18633981952
18634244096
18634506240
18634768384
18635030528
18635292672
18635554816
18635816960
18636079104
18636341248
18636603392
18636865536
18637127680
18637389824
18637651968
18637914112
18638176256
18638438400
18638700544
18638962688
18639224832
18639486976
18639749120
18640011264
18640273408
18640535552
18640797696
18641059840
18641321984
18641584128
18641846272
18642108416
18642370560
18642632704
18642894848
18643156992
18643419136
18643681280
18643943424
18644205568
18644467712
18644729856
18644992000
18645254144
18645516288
18645778432
18646040576
18646302720
18646564864
18646827008
18647089152
18647351296
18647613440
18647875584
18648137728
18648399872
18648662016
18648924160
18649186304
18649448448
18649710592
18649972736
18650234880
18650497024
18650759168
18651021312
18651283456
18651545600
18651807744
18652069888
18652332032
18652594176
18652856320
18653118464
18653380608
18653642752
18653904896
18654167040
18654429184
18654691328
18654953472
18655215616
18655477760
18655739904
18656002048
18656264192
18656526336
18656788480
18657050624
18657312768
18657574912
18657837056
18658099200
18658361344
18658623488
18658885632
18659147776
18659409920
18659672064
18659934208
18660196352
18660458496
18660720640
18660982784
18661244928
18661507072
18661769216
18662031360
18662293504
18662555648
18662817792
18663079936
18663342080
18663604224
18663866368
18664128512
18664390656
18664652800
18664914944
18665177088
18665439232
18665701376
18665963520
18666225664
18666487808
18666749952
18667012096
18667274240
18667536384
18667798528
18668060672
18668322816
18668584960
18668847104
18669109248
18669371392
18669633536
18669895680
18670157824
18670419968
18670682112
18670944256
18671206400
18671468544
18671730688
18671992832
18672254976
18672517120
18672779264
18673041408
18673303552
18673565696
18673827840
18674089984
18674352128
18674614272
18674876416
18675138560
18675400704
18675662848
18675924992
18676187136
18676449280
18676711424
18676973568
18677235712
18677497856
18677760000
18678022144
18678284288
18678546432
18678808576
18679070720
18679332864
18679595008
18679857152
18680119296
18680381440
18680643584
18680905728
18681167872
18681430016
18681692160
18681954304
18682216448
18682478592
18682740736
18683002880
18683265024
18683527168
18683789312
18684051456
18684313600
18684575744
18684837888
18685100032
18685362176
18685624320
18685886464
18686148608
18686410752
18686672896
18686935040
18687197184
18687459328
18687721472
18687983616
18688245760
18688507904
18688770048
18689032192
18689294336
18689556480
18689818624
18690080768
18690342912
18690605056
18690867200
18691129344
18691391488
18691653632
18691915776
18692177920
18692440064
18692702208
18692964352
18693226496
18693488640
18693750784
18694012928
18694275072
18694537216
18694799360
18695061504
18695323648
18695585792
18695847936
18696110080
18696372224
18696634368
18696896512
18697158656
18697420800
18697682944
18697945088
18698207232
18698469376
18698731520
18698993664
18699255808
18699517952
18699780096
18700042240
18700304384
18700566528
18700828672
18701090816
18701352960
18701615104
18701877248
18702139392
18702401536
18702663680
18702925824
18703187968
18703450112
18703712256
18703974400
18704236544
18704498688
18704760832
18705022976
18705285120
18705547264
18705809408
18706071552
18706333696
18706595840
18706857984
18707120128
18707382272
18707644416
18707906560
18708168704
18708430848
18708692992
18708955136
18709217280
18709479424
18709741568
18710003712
18710265856
18710528000
18710790144
18711052288
18711314432
18711576576
18711838720
18712100864
18712363008
18712625152
18712887296
18713149440
18713411584
18713673728
18713935872
18714198016
18714460160
18714722304
18714984448
18715246592
18715508736
18715770880
18716033024
18716295168
18716557312
18716819456
18717081600
18717343744
18717605888
18717868032
18718130176
18718392320
18718654464
18718916608
18719178752
18719440896
18719703040
18719965184
18720227328
18720489472
18720751616
18721013760
18721275904
18721538048
18721800192
18722062336
18722324480
18722586624
18722848768
18723110912
18723373056
18723635200
18723897344
18724159488
18724421632
18724683776
18724945920
18725208064
18725470208
18725732352
18725994496
18726256640
18726518784
18726780928
18727043072
18727305216
18727567360
18727829504
18728091648
18728353792
18728615936
18728878080
18729140224
18729402368
18729664512
18729926656
18730188800
18730450944
18730713088
18730975232
18731237376
18731499520
18731761664
18732023808
18732285952
18732548096
18732810240
18733072384
18733334528
18733596672
18733858816
18734120960
18734383104
18734645248
18734907392
18735169536
18735431680
18735693824
18735955968
18736218112
18736480256
18736742400
18737004544
18737266688
18737528832
18737790976
18738053120
18738315264
18738577408
18738839552
18739101696
18739363840
18739625984
18739888128
18740150272
18740412416
18740674560
18740936704
18741198848
18741460992
18741723136
18741985280
18742247424
18742509568
18742771712
18743033856
18743296000
18743558144
18743820288
18744082432
18744344576
18744606720
18744868864
18745131008
18745393152
18745655296
18745917440
18746179584
18746441728
18746703872
18746966016
18747228160
18747490304
18747752448
18748014592
18748276736
18748538880
18748801024
18749063168
18749325312
18749587456
18749849600
18750111744
18750373888
18750636032
18750898176
18751160320
18751422464
18751684608
18751946752
18752208896
18752471040
18752733184
18752995328
18753257472
18753519616
18753781760
18754043904
18754306048
18754568192
18754830336
18755092480
18755354624
18755616768
18755878912
18756141056
18756403200
18756665344
18756927488
18757189632
18757451776
18757713920
18757976064
18758238208
18758500352
18758762496
18759024640
18759286784
18759548928
18759811072
18760073216
18760335360
18760597504
18760859648
18761121792
18761383936
18761646080
18761908224
18762170368
18762432512
18762694656
18762956800
18763218944
18763481088
18763743232
18764005376
18764267520
18764529664
18764791808
18765053952
18765316096
18765578240
18765840384
18766102528
18766364672
18766626816
18766888960
18767151104
18767413248
18767675392
18767937536
18768199680
18768461824
18768723968
18768986112
18769248256
18769510400
18769772544
18770034688
18770296832
18770558976
18770821120
18771083264
18771345408
18771607552
18771869696
18772131840
18772393984
18772656128
18772918272
18773180416
18773442560
18773704704
18773966848
18774228992
18774491136
18774753280
18775015424
18775277568
18775539712
18775801856
18776064000
18776326144
18776588288
18776850432
18777112576
18777374720
18777636864
18777899008
18778161152
18778423296
18778685440
18778947584
18779209728
18779471872
18779734016
18779996160
18780258304
18780520448
18780782592
18781044736
18781306880
18781569024
18781831168
18782093312
18782355456
18782617600
18782879744
18783141888
18783404032
18783666176
18783928320
18784190464
18784452608
18784714752
18784976896
18785239040
18785501184
18785763328
18786025472
18786287616
18786549760
18786811904
18787074048
18787336192
18787598336
18787860480
18788122624
18788384768
18788646912
18788909056
18789171200
18789433344
18789695488
18789957632
18790219776
18790481920
18790744064
18791006208
18791268352
18791530496
18791792640
18792054784
18792316928
18792579072
18792841216
18793103360
18793365504
18793627648
18793889792
18794151936
18794414080
18794676224
18794938368
18795200512
18795462656
18795724800
18795986944
18796249088
18796511232
18796773376
18797035520
18797297664
18797559808
18797821952
18798084096
18798346240
18798608384
18798870528
18799132672
18799394816
18799656960
18799919104
18800181248
18800443392
18800705536
18800967680
18801229824
18801491968
18801754112
18802016256
18802278400
18802540544
18802802688
18803064832
18803326976
18803589120
18803851264
18804113408
18804375552
18804637696
18804899840
18805161984
18805424128
18805686272
18805948416
18806210560
18806472704
18806734848
18806996992
18807259136
18807521280
18807783424
18808045568
18808307712
18808569856
18808832000
18809094144
18809356288
18809618432
18809880576
18810142720
18810404864
18810667008
18810929152
18811191296
18811453440
18811715584
18811977728
18812239872
18812502016
18812764160
18813026304
18813288448
18813550592
18813812736
18814074880
18814337024
18814599168
18814861312
18815123456
18815385600
18815647744
18815909888
18816172032
18816434176
18816696320
18816958464
18817220608
18817482752
18817744896
18818007040
18818269184
18818531328
18818793472
18819055616
18819317760
18819579904
18819842048
18820104192
18820366336
18820628480
18820890624
18821152768
18821414912
18821677056
18821939200
18822201344
18822463488
18822725632
18822987776
18823249920
18823512064
18823774208
18824036352
18824298496
18824560640
18824822784
18825084928
18825347072
18825609216
18825871360
18826133504
18826395648
18826657792
18826919936
18827182080
18827444224
18827706368
18827968512
18828230656
18828492800
18828754944
18829017088
18829279232
18829541376
18829803520
18830065664
18830327808
18830589952
18830852096
18831114240
18831376384
18831638528
18831900672
18832162816
18832424960
18832687104
18832949248
18833211392
18833473536
18833735680
18833997824
18834259968
18834522112
18834784256
18835046400
18835308544
18835570688
18835832832
18836094976
18836357120
18836619264
18836881408
18837143552
18837405696
18837667840
18837929984
18838192128
18838454272
18838716416
18838978560
18839240704
18839502848
18839764992
18840027136
18840289280
18840551424
18840813568
18841075712
18841337856
18841600000
18841862144
18842124288
18842386432
18842648576
18842910720
18843172864
18843435008
18843697152
18843959296
18844221440
18844483584
18844745728
18845007872
18845270016
18845532160
18845794304
18846056448
18846318592
18846580736
18846842880
18847105024
18847367168
18847629312
18847891456
18848153600
18848415744
18848677888
18848940032
18849202176
18849464320
18849726464
18849988608
18850250752
18850512896
18850775040
18851037184
18851299328
18851561472
18851823616
18852085760
18852347904
18852610048
18852872192
18853134336
18853396480
18853658624
18853920768
18854182912
18854445056
18854707200
18854969344
18855231488
18855493632
18855755776
18856017920
18856280064
18856542208
18856804352
18857066496
18857328640
18857590784
18857852928
18858115072
18858377216
18858639360
18858901504
18859163648
18859425792
18859687936
18859950080
18860212224
18860474368
18860736512
18860998656
18861260800
18861522944
18861785088
18862047232
18862309376
18862571520
18862833664
18863095808
18863357952
18863620096
18863882240
18864144384
18864406528
18864668672
18864930816
18865192960
18865455104
18865717248
18865979392
18866241536
18866503680
18866765824
18867027968
18867290112
18867552256
18867814400
18868076544
18868338688
18868600832
18868862976
18869125120
18869387264
18869649408
18869911552
18870173696
18870435840
18870697984
18870960128
18871222272
18871484416
18871746560
18872008704
18872270848
18872532992
18872795136
18873057280
18873319424
18873581568
18873843712
18874105856
18874368000
18874630144
18874892288
18875154432
18875416576
18875678720
18875940864
18876203008
18876465152
18876727296
18876989440
18877251584
18877513728
18877775872
18878038016
18878300160
18878562304
18878824448
18879086592
18879348736
18879610880
18879873024
18880135168
18880397312
18880659456
18880921600
18881183744
18881445888
18881708032
18881970176
18882232320
18882494464
18882756608
18883018752
18883280896
18883543040
18883805184
18884067328
18884329472
18884591616
18884853760
18885115904
18885378048
18885640192
18885902336
18886164480
18886426624
18886688768
18886950912
18887213056
18887475200
18887737344
18887999488
18888261632
18888523776
18888785920
18889048064
18889310208
18889572352
18889834496
18890096640
18890358784
18890620928
18890883072
18891145216
18891407360
18891669504
18891931648
18892193792
18892455936
18892718080
18892980224
18893242368
18893504512
18893766656
18894028800
18894290944
18894553088
18894815232
18895077376
18895339520
18895601664
18895863808
18896125952
18896388096
18896650240
18896912384
18897174528
18897436672
18897698816
18897960960
18898223104
18898485248
18898747392
18899009536
18899271680
18899533824
18899795968
18900058112
18900320256
18900582400
18900844544
18901106688
18901368832
18901630976
18901893120
18902155264
18902417408
18902679552
18902941696
18903203840
18903465984
18903728128
18903990272
18904252416
18904514560
18904776704
18905038848
18905300992
18905563136
18905825280
18906087424
18906349568
18906611712
18906873856
18907136000
18907398144
18907660288
18907922432
18908184576
18908446720
18908708864
18908971008
18909233152
18909495296
18909757440
18910019584
18910281728
18910543872
18910806016
18911068160
18911330304
18911592448
18911854592
18912116736
18912378880
18912641024
18912903168
18913165312
18913427456
18913689600
18913951744
18914213888
18914476032
18914738176
18915000320
18915262464
18915524608
18915786752
18916048896
18916311040
18916573184
18916835328
18917097472
18917359616
18917621760
18917883904
18918146048
18918408192
18918670336
18918932480
18919194624
18919456768
18919718912
18919981056
18920243200
18920505344
18920767488
18921029632
18921291776
18921553920
18921816064
18922078208
18922340352
18922602496
18922864640
18923126784
18923388928
18923651072
18923913216
18924175360
18924437504
18924699648
18924961792
18925223936
18925486080
18925748224
18926010368
18926272512
18926534656
18926796800
18927058944
18927321088
18927583232
18927845376
18928107520
18928369664
18928631808
18928893952
18929156096
18929418240
18929680384
18929942528
18930204672
18930466816
18930728960
18930991104
18931253248
18931515392
18931777536
18932039680
18932301824
18932563968
18932826112
18933088256
18933350400
18933612544
18933874688
18934136832
18934398976
18934661120
18934923264
18935185408
18935447552
18935709696
18935971840
18936233984
18936496128
18936758272
18937020416
18937282560
18937544704
18937806848
18938068992
18938331136
18938593280
18938855424
18939117568
18939379712
18939641856
18939904000
18940166144
18940428288
18940690432
18940952576
18941214720
18941476864
18941739008
18942001152
18942263296
18942525440
18942787584
18943049728
18943311872
18943574016
18943836160
18944098304
18944360448
18944622592
18944884736
18945146880
18945409024
18945671168
18945933312
18946195456
18946457600
18946719744
18946981888
18947244032
18947506176
18947768320
18948030464
18948292608
18948554752
18948816896
18949079040
18949341184
18949603328
18949865472
18950127616
18950389760
18950651904
18950914048
18951176192
18951438336
18951700480
18951962624
18952224768
18952486912
18952749056
18953011200
18953273344
18953535488
18953797632
18954059776
18954321920
18954584064
18954846208
18955108352
18955370496
18955632640
18955894784
18956156928
18956419072
18956681216
18956943360
18957205504
18957467648
18957729792
18957991936
18958254080
18958516224
18958778368
18959040512
18959302656
18959564800
18959826944
18960089088
18960351232
18960613376
18960875520
18961137664
18961399808
18961661952
18961924096
18962186240
18962448384
18962710528
18962972672
18963234816
18963496960
18963759104
18964021248
18964283392
18964545536
18964807680
18965069824
18965331968
18965594112
18965856256
18966118400
18966380544
18966642688
18966904832
18967166976
18967429120
18967691264
18967953408
18968215552
18968477696
18968739840
18969001984
18969264128
18969526272
18969788416
18970050560
18970312704
18970574848
18970836992
18971099136
18971361280
18971623424
18971885568
18972147712
18972409856
18972672000
18972934144
18973196288
18973458432
18973720576
18973982720
18974244864
18974507008
18974769152
18975031296
18975293440
18975555584
18975817728
18976079872
18976342016
18976604160
18976866304
18977128448
18977390592
18977652736
18977914880
18978177024
18978439168
18978701312
18978963456
18979225600
18979487744
18979749888
18980012032
18980274176
18980536320
18980798464
18981060608
18981322752
18981584896
18981847040
18982109184
18982371328
18982633472
18982895616
18983157760
18983419904
18983682048
18983944192
18984206336
18984468480
18984730624
18984992768
18985254912
18985517056
18985779200
18986041344
18986303488
18986565632
18986827776
18987089920
18987352064
18987614208
18987876352
18988138496
18988400640
18988662784
18988924928
18989187072
18989449216
18989711360
18989973504
18990235648
18990497792
18990759936
18991022080
18991284224
18991546368
18991808512
18992070656
18992332800
18992594944
18992857088
18993119232
18993381376
18993643520
18993905664
18994167808
18994429952
18994692096
18994954240
18995216384
18995478528
18995740672
18996002816
18996264960
18996527104
18996789248
18997051392
18997313536
18997575680
18997837824
18998099968
18998362112
18998624256
18998886400
18999148544
18999410688
18999672832
18999934976
19000197120
19000459264
19000721408
19000983552
19001245696
19001507840
19001769984
19002032128
19002294272
19002556416
19002818560
19003080704
19003342848
19003604992
19003867136
19004129280
19004391424
19004653568
19004915712
19005177856
19005440000
19005702144
19005964288
19006226432
19006488576
19006750720
19007012864
19007275008
19007537152
19007799296
19008061440
19008323584
19008585728
19008847872
19009110016
19009372160
19009634304
19009896448
19010158592
19010420736
19010682880
19010945024
19011207168
19011469312
19011731456
19011993600
19012255744
19012517888
19012780032
19013042176
19013304320
19013566464
19013828608
19014090752
19014352896
19014615040
19014877184
19015139328
19015401472
19015663616
19015925760
19016187904
19016450048
19016712192
19016974336
19017236480
19017498624
19017760768
19018022912
19018285056
19018547200
19018809344
19019071488
19019333632
19019595776
19019857920
19020120064
19020382208
19020644352
19020906496
19021168640
19021430784
19021692928
19021955072
19022217216
19022479360
19022741504
19023003648
19023265792
19023527936
19023790080
19024052224
19024314368
19024576512
19024838656
19025100800
19025362944
19025625088
19025887232
19026149376
19026411520
19026673664
19026935808
19027197952
19027460096
19027722240
19027984384
19028246528
19028508672
19028770816
19029032960
19029295104
19029557248
19029819392
19030081536
19030343680
19030605824
19030867968
19031130112
19031392256
19031654400
19031916544
19032178688
19032440832
19032702976
19032965120
19033227264
19033489408
19033751552
19034013696
19034275840
19034537984
19034800128
19035062272
19035324416
19035586560
19035848704
19036110848
19036372992
19036635136
19036897280
19037159424
19037421568
19037683712
19037945856
19038208000
19038470144
19038732288
19038994432
19039256576
19039518720
19039780864
19040043008
19040305152
19040567296
19040829440
19041091584
19041353728
19041615872
19041878016
19042140160
19042402304
19042664448
19042926592
19043188736
19043450880
19043713024
19043975168
19044237312
19044499456
19044761600
19045023744
19045285888
19045548032
19045810176
19046072320
19046334464
19046596608
19046858752
19047120896
19047383040
19047645184
19047907328
19048169472
19048431616
19048693760
19048955904
19049218048
19049480192
19049742336
19050004480
19050266624
19050528768
19050790912
19051053056
19051315200
19051577344
19051839488
19052101632
19052363776
19052625920
19052888064
19053150208
19053412352
19053674496
19053936640
19054198784
19054460928
19054723072
19054985216
19055247360
19055509504
19055771648
19056033792
19056295936
19056558080
19056820224
19057082368
19057344512
19057606656
19057868800
19058130944
19058393088
19058655232
19058917376
19059179520
19059441664
19059703808
19059965952
19060228096
19060490240
19060752384
19061014528
19061276672
19061538816
19061800960
19062063104
19062325248
19062587392
19062849536
19063111680
19063373824
19063635968
19063898112
19064160256
19064422400
19064684544
19064946688
19065208832
19065470976
19065733120
19065995264
19066257408
19066519552
19066781696
19067043840
19067305984
19067568128
19067830272
19068092416
19068354560
19068616704
19068878848
19069140992
19069403136
19069665280
19069927424
19070189568
19070451712
19070713856
19070976000
19071238144
19071500288
19071762432
19072024576
19072286720
19072548864
19072811008
19073073152
19073335296
19073597440
19073859584
19074121728
19074383872
19074646016
19074908160
19075170304
19075432448
19075694592
19075956736
19076218880
19076481024
19076743168
19077005312
19077267456
19077529600
19077791744
19078053888
19078316032
19078578176
19078840320
19079102464
19079364608
19079626752
19079888896
19080151040
19080413184
19080675328
19080937472
19081199616
19081461760
19081723904
19081986048
19082248192
19082510336
19082772480
19083034624
19083296768
19083558912
19083821056
19084083200
19084345344
19084607488
19084869632
19085131776
19085393920
19085656064
19085918208
19086180352
19086442496
19086704640
19086966784
19087228928
19087491072
19087753216
19088015360
19088277504
19088539648
19088801792
19089063936
19089326080
19089588224
19089850368
19090112512
19090374656
19090636800
19090898944
19091161088
19091423232
19091685376
19091947520
19092209664
19092471808
19092733952
19092996096
19093258240
19093520384
19093782528
19094044672
19094306816
19094568960
19094831104
19095093248
19095355392
19095617536
19095879680
19096141824
19096403968
19096666112
19096928256
19097190400
19097452544
19097714688
19097976832
19098238976
19098501120
19098763264
19099025408
19099287552
19099549696
19099811840
19100073984
19100336128
19100598272
19100860416
19101122560
19101384704
19101646848
19101908992
19102171136
19102433280
19102695424
19102957568
19103219712
19103481856
19103744000
19104006144
19104268288
19104530432
19104792576
19105054720
19105316864
19105579008
19105841152
19106103296
19106365440
19106627584
19106889728
19107151872
19107414016
19107676160
19107938304
19108200448
19108462592
19108724736
19108986880
19109249024
19109511168
19109773312
19110035456
19110297600
19110559744
19110821888
19111084032
19111346176
19111608320
19111870464
19112132608
19112394752
19112656896
19112919040
19113181184
19113443328
19113705472
19113967616
19114229760
19114491904
19114754048
19115016192
19115278336
19115540480
19115802624
19116064768
19116326912
19116589056
19116851200
19117113344
19117375488
19117637632
19117899776
19118161920
19118424064
19118686208
19118948352
19119210496
19119472640
19119734784
19119996928
19120259072
19120521216
19120783360
19121045504
19121307648
19121569792
19121831936
19122094080
19122356224
19122618368
19122880512
19123142656
19123404800
19123666944
19123929088
19124191232
19124453376
19124715520
19124977664
19125239808
19125501952
19125764096
19126026240
19126288384
19126550528
19126812672
19127074816
19127336960
19127599104
19127861248
19128123392
19128385536
19128647680
19128909824
19129171968
19129434112
19129696256
19129958400
19130220544
19130482688
19130744832
19131006976
19131269120
19131531264
19131793408
19132055552
19132317696
19132579840
19132841984
19133104128
19133366272
19133628416
19133890560
19134152704
19134414848
19134676992
19134939136
19135201280
19135463424
19135725568
19135987712
19136249856
19136512000
19136774144
19137036288
19137298432
19137560576
19137822720
19138084864
19138347008
19138609152
19138871296
19139133440
19139395584
19139657728
19139919872
19140182016
19140444160
19140706304
19140968448
19141230592
19141492736
19141754880
19142017024
19142279168
19142541312
19142803456
19143065600
19143327744
19143589888
19143852032
19144114176
19144376320
19144638464
19144900608
19145162752
19145424896
19145687040
19145949184
19146211328
19146473472
19146735616
19146997760
19147259904
19147522048
19147784192
19148046336
19148308480
19148570624
19148832768
19149094912
19149357056
19149619200
19149881344
19150143488
19150405632
19150667776
19150929920
19151192064
19151454208
19151716352
19151978496
19152240640
19152502784
19152764928
19153027072
19153289216
19153551360
19153813504
19154075648
19154337792
19154599936
19154862080
19155124224
19155386368
19155648512
19155910656
19156172800
19156434944
19156697088
19156959232
19157221376
19157483520
19157745664
19158007808
19158269952
19158532096
19158794240
19159056384
19159318528
19159580672
19159842816
19160104960
19160367104
19160629248
19160891392
19161153536
19161415680
19161677824
19161939968
19162202112
19162464256
19162726400
19162988544
19163250688
19163512832
19163774976
19164037120
19164299264
19164561408
19164823552
19165085696
19165347840
19165609984
19165872128
19166134272
19166396416
19166658560
19166920704
19167182848
19167444992
19167707136
19167969280
19168231424
19168493568
19168755712
19169017856
19169280000
19169542144
19169804288
19170066432
19170328576
19170590720
19170852864
19171115008
19171377152
19171639296
19171901440
19172163584
19172425728
19172687872
19172950016
19173212160
19173474304
19173736448
19173998592
19174260736
19174522880
19174785024
19175047168
19175309312
19175571456
19175833600
19176095744
19176357888
19176620032
19176882176
19177144320
19177406464
19177668608
19177930752
19178192896
19178455040
19178717184
19178979328
19179241472
19179503616
19179765760
19180027904
19180290048
19180552192
19180814336
19181076480
19181338624
19181600768
19181862912
19182125056
19182387200
19182649344
19182911488
19183173632
19183435776
19183697920
19183960064
19184222208
19184484352
19184746496
19185008640
19185270784
19185532928
19185795072
19186057216
19186319360
19186581504
19186843648
19187105792
19187367936
19187630080
19187892224
19188154368
19188416512
19188678656
19188940800
19189202944
19189465088
19189727232
19189989376
19190251520
19190513664
19190775808
19191037952
19191300096
19191562240
19191824384
19192086528
19192348672
19192610816
19192872960
19193135104
19193397248
19193659392
19193921536
19194183680
19194445824
19194707968
19194970112
19195232256
19195494400
19195756544
19196018688
19196280832
19196542976
19196805120
19197067264
19197329408
19197591552
19197853696
19198115840
19198377984
19198640128
19198902272
19199164416
19199426560
19199688704
19199950848
19200212992
19200475136
19200737280
19200999424
19201261568
19201523712
19201785856
19202048000
19202310144
19202572288
19202834432
19203096576
19203358720
19203620864
19203883008
19204145152
19204407296
19204669440
19204931584
19205193728
19205455872
19205718016
19205980160
19206242304
19206504448
19206766592
19207028736
19207290880
19207553024
19207815168
19208077312
19208339456
19208601600
19208863744
19209125888
19209388032
19209650176
19209912320
19210174464
19210436608
19210698752
19210960896
19211223040
19211485184
19211747328
19212009472
19212271616
19212533760
19212795904
19213058048
19213320192
19213582336
19213844480
19214106624
19214368768
19214630912
19214893056
19215155200
19215417344
19215679488
19215941632
19216203776
19216465920
19216728064
19216990208
19217252352
19217514496
19217776640
19218038784
19218300928
19218563072
19218825216
19219087360
19219349504
19219611648
19219873792
19220135936
19220398080
19220660224
19220922368
19221184512
19221446656
19221708800
19221970944
19222233088
19222495232
19222757376
19223019520
19223281664
19223543808
19223805952
19224068096
19224330240
19224592384
19224854528
19225116672
19225378816
19225640960
19225903104
19226165248
19226427392
19226689536
19226951680
19227213824
19227475968
19227738112
19228000256
19228262400
19228524544
19228786688
19229048832
19229310976
19229573120
19229835264
19230097408
19230359552
19230621696
19230883840
19231145984
19231408128
19231670272
19231932416
19232194560
19232456704
19232718848
19232980992
19233243136
19233505280
19233767424
19234029568
19234291712
19234553856
19234816000
19235078144
19235340288
19235602432
19235864576
19236126720
19236388864
19236651008
19236913152
19237175296
19237437440
19237699584
19237961728
19238223872
19238486016
19238748160
19239010304
19239272448
19239534592
19239796736
19240058880
19240321024
19240583168
19240845312
19241107456
19241369600
19241631744
19241893888
19242156032
19242418176
19242680320
19242942464
19243204608
19243466752
19243728896
19243991040
19244253184
19244515328
19244777472
19245039616
19245301760
19245563904
19245826048
19246088192
19246350336
19246612480
19246874624
19247136768
19247398912
19247661056
19247923200
19248185344
19248447488
19248709632
19248971776
19249233920
19249496064
19249758208
19250020352
19250282496
19250544640
19250806784
19251068928
19251331072
19251593216
19251855360
19252117504
19252379648
19252641792
19252903936
19253166080
19253428224
19253690368
19253952512
19254214656
19254476800
19254738944
19255001088
19255263232
19255525376
19255787520
19256049664
19256311808
19256573952
19256836096
19257098240
19257360384
19257622528
19257884672
19258146816
19258408960
19258671104
19258933248
19259195392
19259457536
19259719680
19259981824
19260243968
19260506112
19260768256
19261030400
19261292544
19261554688
19261816832
19262078976
19262341120
19262603264
19262865408
19263127552
19263389696
19263651840
19263913984
19264176128
19264438272
19264700416
19264962560
19265224704
19265486848
19265748992
19266011136
19266273280
19266535424
19266797568
19267059712
19267321856
19267584000
19267846144
19268108288
19268370432
19268632576
19268894720
19269156864
19269419008
19269681152
19269943296
19270205440
19270467584
19270729728
19270991872
19271254016
19271516160
19271778304
19272040448
19272302592
19272564736
19272826880
19273089024
19273351168
19273613312
19273875456
19274137600
19274399744
19274661888
19274924032
19275186176
19275448320
19275710464
19275972608
19276234752
19276496896
19276759040
19277021184
19277283328
19277545472
19277807616
19278069760
19278331904
19278594048
19278856192
19279118336
19279380480
19279642624
19279904768
19280166912
19280429056
19280691200
19280953344
19281215488
19281477632
19281739776
19282001920
19282264064
19282526208
19282788352
19283050496
19283312640
19283574784
19283836928
19284099072
19284361216
19284623360
19284885504
19285147648
19285409792
19285671936
19285934080
19286196224
19286458368
19286720512
19286982656
19287244800
19287506944
19287769088
19288031232
19288293376
19288555520
19288817664
19289079808
19289341952
19289604096
19289866240
19290128384
19290390528
19290652672
19290914816
19291176960
19291439104
19291701248
19291963392
19292225536
19292487680
19292749824
19293011968
19293274112
19293536256
19293798400
19294060544
19294322688
19294584832
19294846976
19295109120
19295371264
19295633408
19295895552
19296157696
19296419840
19296681984
19296944128
19297206272
19297468416
19297730560
19297992704
19298254848
19298516992
19298779136
19299041280
19299303424
19299565568
19299827712
19300089856
19300352000
19300614144
19300876288
19301138432
19301400576
19301662720
19301924864
19302187008
19302449152
19302711296
19302973440
19303235584
19303497728
19303759872
19304022016
19304284160
19304546304
19304808448
19305070592
19305332736
19305594880
19305857024
19306119168
19306381312
19306643456
19306905600
19307167744
19307429888
19307692032
19307954176
19308216320
19308478464
19308740608
19309002752
19309264896
19309527040
19309789184
19310051328
19310313472
19310575616
19310837760
19311099904
19311362048
19311624192
19311886336
19312148480
19312410624
19312672768
19312934912
19313197056
19313459200
19313721344
19313983488
19314245632
19314507776
19314769920
19315032064
19315294208
19315556352
19315818496
19316080640
19316342784
19316604928
19316867072
19317129216
19317391360
19317653504
19317915648
19318177792
19318439936
19318702080
19318964224
19319226368
19319488512
19319750656
19320012800
19320274944
19320537088
19320799232
19321061376
19321323520
19321585664
19321847808
19322109952
19322372096
19322634240
19322896384
19323158528
19323420672
19323682816
19323944960
19324207104
19324469248
19324731392
19324993536
19325255680
19325517824
19325779968
19326042112
19326304256
19326566400
19326828544
19327090688
19327352832
19327614976
19327877120
19328139264
19328401408
19328663552
19328925696
19329187840
19329449984
19329712128
19329974272
19330236416
19330498560
19330760704
19331022848
19331284992
19331547136
19331809280
19332071424
19332333568
19332595712
19332857856
19333120000
19333382144
19333644288
19333906432
19334168576
19334430720
19334692864
19334955008
19335217152
19335479296
19335741440
19336003584
19336265728
19336527872
19336790016
19337052160
19337314304
19337576448
19337838592
19338100736
19338362880
19338625024
19338887168
19339149312
19339411456
19339673600
19339935744
19340197888
19340460032
19340722176
19340984320
19341246464
19341508608
19341770752
19342032896
19342295040
19342557184
19342819328
19343081472
19343343616
19343605760
19343867904
19344130048
19344392192
19344654336
19344916480
19345178624
19345440768
19345702912
19345965056
19346227200
19346489344
19346751488
19347013632
19347275776
19347537920
19347800064
19348062208
19348324352
19348586496
19348848640
19349110784
19349372928
19349635072
19349897216
19350159360
19350421504
19350683648
19350945792
19351207936
19351470080
19351732224
19351994368
19352256512
19352518656
19352780800
19353042944
19353305088
19353567232
19353829376
19354091520
19354353664
19354615808
19354877952
19355140096
19355402240
19355664384
19355926528
19356188672
19356450816
19356712960
19356975104
19357237248
19357499392
19357761536
19358023680
19358285824
19358547968
19358810112
19359072256
19359334400
19359596544
19359858688
19360120832
19360382976
19360645120
19360907264
19361169408
19361431552
19361693696
19361955840
19362217984
19362480128
19362742272
19363004416
19363266560
19363528704
19363790848
19364052992
19364315136
19364577280
19364839424
19365101568
19365363712
19365625856
19365888000
19366150144
19366412288
19366674432
19366936576
19367198720
19367460864
19367723008
19367985152
19368247296
19368509440
19368771584
19369033728
19369295872
19369558016
19369820160
19370082304
19370344448
19370606592
19370868736
19371130880
19371393024
19371655168
19371917312
19372179456
19372441600
19372703744
19372965888
19373228032
19373490176
19373752320
19374014464
19374276608
19374538752
19374800896
19375063040
19375325184
19375587328
19375849472
19376111616
19376373760
19376635904
19376898048
19377160192
19377422336
19377684480
19377946624
19378208768
19378470912
19378733056
19378995200
19379257344
19379519488
19379781632
19380043776
19380305920
19380568064
19380830208
19381092352
19381354496
19381616640
19381878784
19382140928
19382403072
19382665216
19382927360
19383189504
19383451648
19383713792
19383975936
19384238080
19384500224
19384762368
19385024512
19385286656
19385548800
19385810944
19386073088
19386335232
19386597376
19386859520
19387121664
19387383808
19387645952
19387908096
19388170240
19388432384
19388694528
19388956672
19389218816
19389480960
19389743104
19390005248
19390267392
19390529536
19390791680
19391053824
19391315968
19391578112
19391840256
19392102400
19392364544
19392626688
19392888832
19393150976
19393413120
19393675264
19393937408
19394199552
19394461696
19394723840
19394985984
19395248128
19395510272
19395772416
19396034560
19396296704
19396558848
19396820992
19397083136
19397345280
19397607424
19397869568
19398131712
19398393856
19398656000
19398918144
19399180288
19399442432
19399704576
19399966720
19400228864
19400491008
19400753152
19401015296
19401277440
19401539584
19401801728
19402063872
19402326016
19402588160
19402850304
19403112448
19403374592
19403636736
19403898880
19404161024
19404423168
19404685312
19404947456
19405209600
19405471744
19405733888
19405996032
19406258176
19406520320
19406782464
19407044608
19407306752
19407568896
19407831040
19408093184
19408355328
19408617472
19408879616
19409141760
19409403904
19409666048
19409928192
19410190336
19410452480
19410714624
19410976768
19411238912
19411501056
19411763200
19412025344
19412287488
19412549632
19412811776
19413073920
19413336064
19413598208
19413860352
19414122496
19414384640
19414646784
19414908928
19415171072
19415433216
19415695360
19415957504
19416219648
19416481792
19416743936
19417006080
19417268224
19417530368
19417792512
19418054656
19418316800
19418578944
19418841088
19419103232
19419365376
19419627520
19419889664
19420151808
19420413952
19420676096
19420938240
19421200384
19421462528
19421724672
19421986816
19422248960
19422511104
19422773248
19423035392
19423297536
19423559680
19423821824
19424083968
19424346112
19424608256
19424870400
19425132544
19425394688
19425656832
19425918976
19426181120
19426443264
19426705408
19426967552
19427229696
19427491840
19427753984
19428016128
19428278272
19428540416
19428802560
19429064704
19429326848
19429588992
19429851136
19430113280
19430375424
19430637568
19430899712
19431161856
19431424000
19431686144
19431948288
19432210432
19432472576
19432734720
19432996864
19433259008
19433521152
19433783296
19434045440
19434307584
19434569728
19434831872
19435094016
19435356160
19435618304
19435880448
19436142592
19436404736
19436666880
19436929024
19437191168
19437453312
19437715456
19437977600
19438239744
19438501888
19438764032
19439026176
19439288320
19439550464
19439812608
19440074752
19440336896
19440599040
19440861184
19441123328
19441385472
19441647616
19441909760
19442171904
19442434048
19442696192
19442958336
19443220480
19443482624
19443744768
19444006912
19444269056
19444531200
19444793344
19445055488
19445317632
19445579776
19445841920
19446104064
19446366208
19446628352
19446890496
19447152640
19447414784
19447676928
19447939072
19448201216
19448463360
19448725504
19448987648
19449249792
19449511936
19449774080
19450036224
19450298368
19450560512
19450822656
19451084800
19451346944
19451609088
19451871232
19452133376
19452395520
19452657664
19452919808
19453181952
19453444096
19453706240
19453968384
19454230528
19454492672
19454754816
19455016960
19455279104
19455541248
19455803392
19456065536
19456327680
19456589824
19456851968
19457114112
19457376256
19457638400
19457900544
19458162688
19458424832
19458686976
19458949120
19459211264
19459473408
19459735552
19459997696
19460259840
19460521984
19460784128
19461046272
19461308416
19461570560
19461832704
19462094848
19462356992
19462619136
19462881280
19463143424
19463405568
19463667712
19463929856
19464192000
19464454144
19464716288
19464978432
19465240576
19465502720
19465764864
19466027008
19466289152
19466551296
19466813440
19467075584
19467337728
19467599872
19467862016
19468124160
19468386304
19468648448
19468910592
19469172736
19469434880
19469697024
19469959168
19470221312
19470483456
19470745600
19471007744
19471269888
19471532032
19471794176
19472056320
19472318464
19472580608
19472842752
19473104896
19473367040
19473629184
19473891328
19474153472
19474415616
19474677760
19474939904
19475202048
19475464192
19475726336
19475988480
19476250624
19476512768
19476774912
19477037056
19477299200
19477561344
19477823488
19478085632
19478347776
19478609920
19478872064
19479134208
19479396352
19479658496
19479920640
19480182784
19480444928
19480707072
19480969216
19481231360
19481493504
19481755648
19482017792
19482279936
19482542080
19482804224
19483066368
19483328512
19483590656
19483852800
19484114944
19484377088
19484639232
19484901376
19485163520
19485425664
19485687808
19485949952
19486212096
19486474240
19486736384
19486998528
19487260672
19487522816
19487784960
19488047104
19488309248
19488571392
19488833536
19489095680
19489357824
19489619968
19489882112
19490144256
19490406400
19490668544
19490930688
19491192832
19491454976
19491717120
19491979264
19492241408
19492503552
19492765696
19493027840
19493289984
19493552128
19493814272
19494076416
19494338560
19494600704
19494862848
19495124992
19495387136
19495649280
19495911424
19496173568
19496435712
19496697856
19496960000
19497222144
19497484288
19497746432
19498008576
19498270720
19498532864
19498795008
19499057152
19499319296
19499581440
19499843584
19500105728
19500367872
19500630016
19500892160
19501154304
19501416448
19501678592
19501940736
19502202880
19502465024
19502727168
19502989312
19503251456
19503513600
19503775744
19504037888
19504300032
19504562176
19504824320
19505086464
19505348608
19505610752
19505872896
19506135040
19506397184
19506659328
19506921472
19507183616
19507445760
19507707904
19507970048
19508232192
19508494336
19508756480
19509018624
19509280768
19509542912
19509805056
19510067200
19510329344
19510591488
19510853632
19511115776
19511377920
19511640064
19511902208
19512164352
19512426496
19512688640
19512950784
19513212928
19513475072
19513737216
19513999360
19514261504
19514523648
19514785792
19515047936
19515310080
19515572224
19515834368
19516096512
19516358656
19516620800
19516882944
19517145088
19517407232
19517669376
19517931520
19518193664
19518455808
19518717952
19518980096
19519242240
19519504384
19519766528
19520028672
19520290816
19520552960
19520815104
19521077248
19521339392
19521601536
19521863680
19522125824
19522387968
19522650112
19522912256
19523174400
19523436544
19523698688
19523960832
19524222976
19524485120
19524747264
19525009408
19525271552
19525533696
19525795840
19526057984
19526320128
19526582272
19526844416
19527106560
19527368704
19527630848
19527892992
19528155136
19528417280
19528679424
19528941568
19529203712
19529465856
19529728000
19529990144
19530252288
19530514432
19530776576
19531038720
19531300864
19531563008
19531825152
19532087296
19532349440
19532611584
19532873728
19533135872
19533398016
19533660160
19533922304
19534184448
19534446592
19534708736
19534970880
19535233024
19535495168
19535757312
19536019456
19536281600
19536543744
19536805888
19537068032
19537330176
19537592320
19537854464
19538116608
19538378752
19538640896
19538903040
19539165184
19539427328
19539689472
19539951616
19540213760
19540475904
19540738048
19541000192
19541262336
19541524480
19541786624
19542048768
19542310912
19542573056
19542835200
19543097344
19543359488
19543621632
19543883776
19544145920
19544408064
19544670208
19544932352
19545194496
19545456640
19545718784
19545980928
19546243072
19546505216
19546767360
19547029504
19547291648
19547553792
19547815936
19548078080
19548340224
19548602368
19548864512
19549126656
19549388800
19549650944
19549913088
19550175232
19550437376
19550699520
19550961664
19551223808
19551485952
19551748096
19552010240
19552272384
19552534528
19552796672
19553058816
19553320960
19553583104
19553845248
19554107392
19554369536
19554631680
19554893824
19555155968
19555418112
19555680256
19555942400
19556204544
19556466688
19556728832
19556990976
19557253120
19557515264
19557777408
19558039552
19558301696
19558563840
19558825984
19559088128
19559350272
19559612416
19559874560
19560136704
19560398848
19560660992
19560923136
19561185280
19561447424
19561709568
19561971712
19562233856
19562496000
19562758144
19563020288
19563282432
19563544576
19563806720
19564068864
19564331008
19564593152
19564855296
19565117440
19565379584
19565641728
19565903872
19566166016
19566428160
19566690304
19566952448
19567214592
19567476736
19567738880
19568001024
19568263168
19568525312
19568787456
19569049600
19569311744
19569573888
19569836032
19570098176
19570360320
19570622464
19570884608
19571146752
19571408896
19571671040
19571933184
19572195328
19572457472
19572719616
19572981760
19573243904
19573506048
19573768192
19574030336
19574292480
19574554624
19574816768
19575078912
19575341056
19575603200
19575865344
19576127488
19576389632
19576651776
19576913920
19577176064
19577438208
19577700352
19577962496
19578224640
19578486784
19578748928
19579011072
19579273216
19579535360
19579797504
19580059648
19580321792
19580583936
19580846080
19581108224
19581370368
19581632512
19581894656
19582156800
19582418944
19582681088
19582943232
19583205376
19583467520
19583729664
19583991808
19584253952
19584516096
19584778240
19585040384
19585302528
19585564672
19585826816
19586088960
19586351104
19586613248
19586875392
19587137536
19587399680
19587661824
19587923968
19588186112
19588448256
19588710400
19588972544
19589234688
19589496832
19589758976
19590021120
19590283264
19590545408
19590807552
19591069696
19591331840
19591593984
19591856128
19592118272
19592380416
19592642560
19592904704
19593166848
19593428992
19593691136
19593953280
19594215424
19594477568
19594739712
19595001856
19595264000
19595526144
19595788288
19596050432
19596312576
19596574720
19596836864
19597099008
19597361152
19597623296
19597885440
19598147584
19598409728
19598671872
19598934016
19599196160
19599458304
19599720448
19599982592
19600244736
19600506880
19600769024
19601031168
19601293312
19601555456
19601817600
19602079744
19602341888
19602604032
19602866176
19603128320
19603390464
19603652608
19603914752
19604176896
19604439040
19604701184
19604963328
19605225472
19605487616
19605749760
19606011904
19606274048
19606536192
19606798336
19607060480
19607322624
19607584768
19607846912
19608109056
19608371200
19608633344
19608895488
19609157632
19609419776
19609681920
19609944064
19610206208
19610468352
19610730496
19610992640
19611254784
19611516928
19611779072
19612041216
19612303360
19612565504
19612827648
19613089792
19613351936
19613614080
19613876224
19614138368
19614400512
19614662656
19614924800
19615186944
19615449088
19615711232
19615973376
19616235520
19616497664
19616759808
19617021952
19617284096
19617546240
19617808384
19618070528
19618332672
19618594816
19618856960
19619119104
19619381248
19619643392
19619905536
19620167680
19620429824
19620691968
19620954112
19621216256
19621478400
19621740544
19622002688
19622264832
19622526976
19622789120
19623051264
19623313408
19623575552
19623837696
19624099840
19624361984
19624624128
19624886272
19625148416
19625410560
19625672704
19625934848
19626196992
19626459136
19626721280
19626983424
19627245568
19627507712
19627769856
19628032000
19628294144
19628556288
19628818432
19629080576
19629342720
19629604864
19629867008
19630129152
19630391296
19630653440
19630915584
19631177728
19631439872
19631702016
19631964160
19632226304
19632488448
19632750592
19633012736
19633274880
19633537024
19633799168
19634061312
19634323456
19634585600
19634847744
19635109888
19635372032
19635634176
19635896320
19636158464
19636420608
19636682752
19636944896
19637207040
19637469184
19637731328
19637993472
19638255616
19638517760
19638779904
19639042048
19639304192
19639566336
19639828480
19640090624
19640352768
19640614912
19640877056
19641139200
19641401344
19641663488
19641925632
19642187776
19642449920
19642712064
19642974208
19643236352
19643498496
19643760640
19644022784
19644284928
19644547072
19644809216
19645071360
19645333504
19645595648
19645857792
19646119936
19646382080
19646644224
19646906368
19647168512
19647430656
19647692800
19647954944
19648217088
19648479232
19648741376
19649003520
19649265664
19649527808
19649789952
19650052096
19650314240
19650576384
19650838528
19651100672
19651362816
19651624960
19651887104
19652149248
19652411392
19652673536
19652935680
19653197824
19653459968
19653722112
19653984256
19654246400
19654508544
19654770688
19655032832
19655294976
19655557120
19655819264
19656081408
19656343552
19656605696
19656867840
19657129984
19657392128
19657654272
19657916416
19658178560
19658440704
19658702848
19658964992
19659227136
19659489280
19659751424
19660013568
19660275712
19660537856
19660800000
19661062144
19661324288
19661586432
19661848576
19662110720
19662372864
19662635008
19662897152
19663159296
19663421440
19663683584
19663945728
19664207872
19664470016
19664732160
19664994304
19665256448
19665518592
19665780736
19666042880
19666305024
19666567168
19666829312
19667091456
19667353600
19667615744
19667877888
19668140032
19668402176
19668664320
19668926464
19669188608
19669450752
19669712896
19669975040
19670237184
19670499328
19670761472
19671023616
19671285760
19671547904
19671810048
19672072192
19672334336
19672596480
19672858624
19673120768
19673382912
19673645056
19673907200
19674169344
19674431488
19674693632
19674955776
19675217920
19675480064
19675742208
19676004352
19676266496
19676528640
19676790784
19677052928
19677315072
19677577216
19677839360
19678101504
19678363648
19678625792
19678887936
19679150080
19679412224
19679674368
19679936512
19680198656
19680460800
19680722944
19680985088
19681247232
19681509376
19681771520
19682033664
19682295808
19682557952
19682820096
19683082240
19683344384
19683606528
19683868672
19684130816
19684392960
19684655104
19684917248
19685179392
19685441536
19685703680
19685965824
19686227968
19686490112
19686752256
19687014400
19687276544
19687538688
19687800832
19688062976
19688325120
19688587264
19688849408
19689111552
19689373696
19689635840
19689897984
19690160128
19690422272
19690684416
19690946560
19691208704
19691470848
19691732992
19691995136
19692257280
19692519424
19692781568
19693043712
19693305856
19693568000
19693830144
19694092288
19694354432
19694616576
19694878720
19695140864
19695403008
19695665152
19695927296
19696189440
19696451584
19696713728
19696975872
19697238016
19697500160
19697762304
19698024448
19698286592
19698548736
19698810880
19699073024
19699335168
19699597312
19699859456
19700121600
19700383744
19700645888
19700908032
19701170176
19701432320
19701694464
19701956608
19702218752
19702480896
19702743040
19703005184
19703267328
19703529472
19703791616
19704053760
19704315904
19704578048
19704840192
19705102336
19705364480
19705626624
19705888768
19706150912
19706413056
19706675200
19706937344
19707199488
19707461632
19707723776
19707985920
19708248064
19708510208
19708772352
19709034496
19709296640
19709558784
19709820928
19710083072
19710345216
19710607360
19710869504
19711131648
19711393792
19711655936
19711918080
19712180224
19712442368
19712704512
19712966656
19713228800
19713490944
19713753088
19714015232
19714277376
19714539520
19714801664
19715063808
19715325952
19715588096
19715850240
19716112384
19716374528
19716636672
19716898816
19717160960
19717423104
19717685248
19717947392
19718209536
19718471680
19718733824
19718995968
19719258112
19719520256
19719782400
19720044544
19720306688
19720568832
19720830976
19721093120
19721355264
19721617408
19721879552
19722141696
19722403840
19722665984
19722928128
19723190272
19723452416
19723714560
19723976704
19724238848
19724500992
19724763136
19725025280
19725287424
19725549568
19725811712
19726073856
19726336000
19726598144
19726860288
19727122432
19727384576
19727646720
19727908864
19728171008
19728433152
19728695296
19728957440
19729219584
19729481728
19729743872
19730006016
19730268160
19730530304
19730792448
19731054592
19731316736
19731578880
19731841024
19732103168
19732365312
19732627456
19732889600
19733151744
19733413888
19733676032
19733938176
19734200320
19734462464
19734724608
19734986752
19735248896
19735511040
19735773184
19736035328
19736297472
19736559616
19736821760
19737083904
19737346048
19737608192
19737870336
19738132480
19738394624
19738656768
19738918912
19739181056
19739443200
19739705344
19739967488
19740229632
19740491776
19740753920
19741016064
19741278208
19741540352
19741802496
19742064640
19742326784
19742588928
19742851072
19743113216
19743375360
19743637504
19743899648
19744161792
19744423936
19744686080
19744948224
19745210368
19745472512
19745734656
19745996800
19746258944
19746521088
19746783232
19747045376
19747307520
19747569664
19747831808
19748093952
19748356096
19748618240
19748880384
19749142528
19749404672
19749666816
19749928960
19750191104
19750453248
19750715392
19750977536
19751239680
19751501824
19751763968
19752026112
19752288256
19752550400
19752812544
19753074688
19753336832
19753598976
19753861120
19754123264
19754385408
19754647552
19754909696
19755171840
19755433984
19755696128
19755958272
19756220416
19756482560
19756744704
19757006848
19757268992
19757531136
19757793280
19758055424
19758317568
19758579712
19758841856
19759104000
19759366144
19759628288
19759890432
19760152576
19760414720
19760676864
19760939008
19761201152
19761463296
19761725440
19761987584
19762249728
19762511872
19762774016
19763036160
19763298304
19763560448
19763822592
19764084736
19764346880
19764609024
19764871168
19765133312
19765395456
19765657600
19765919744
19766181888
19766444032
19766706176
19766968320
19767230464
19767492608
19767754752
19768016896
19768279040
19768541184
19768803328
19769065472
19769327616
19769589760
19769851904
19770114048
19770376192
19770638336
19770900480
19771162624
19771424768
19771686912
19771949056
19772211200
19772473344
19772735488
19772997632
19773259776
19773521920
19773784064
19774046208
19774308352
19774570496
19774832640
19775094784
19775356928
19775619072
19775881216
19776143360
19776405504
19776667648
19776929792
19777191936
19777454080
19777716224
19777978368
19778240512
19778502656
19778764800
19779026944
19779289088
19779551232
19779813376
19780075520
19780337664
19780599808
19780861952
19781124096
19781386240
19781648384
19781910528
19782172672
19782434816
19782696960
19782959104
19783221248
19783483392
19783745536
19784007680
19784269824
19784531968
19784794112
19785056256
19785318400
19785580544
19785842688
19786104832
19786366976
19786629120
19786891264
19787153408
19787415552
19787677696
19787939840
19788201984
19788464128
19788726272
19788988416
19789250560
19789512704
19789774848
19790036992
19790299136
19790561280
19790823424
19791085568
19791347712
19791609856
19791872000
19792134144
19792396288
19792658432
19792920576
19793182720
19793444864
19793707008
19793969152
19794231296
19794493440
19794755584
19795017728
19795279872
19795542016
19795804160
19796066304
19796328448
19796590592
19796852736
19797114880
19797377024
19797639168
19797901312
19798163456
19798425600
19798687744
19798949888
19799212032
19799474176
19799736320
19799998464
19800260608
19800522752
19800784896
19801047040
19801309184
19801571328
19801833472
19802095616
19802357760
19802619904
19802882048
19803144192
19803406336
19803668480
19803930624
19804192768
19804454912
19804717056
19804979200
19805241344
19805503488
19805765632
19806027776
19806289920
19806552064
19806814208
19807076352
19807338496
19807600640
19807862784
19808124928
19808387072
19808649216
19808911360
19809173504
19809435648
19809697792
19809959936
19810222080
19810484224
19810746368
19811008512
19811270656
19811532800
19811794944
19812057088
19812319232
19812581376
19812843520
19813105664
19813367808
19813629952
19813892096
19814154240
19814416384
19814678528
19814940672
19815202816
19815464960
19815727104
19815989248
19816251392
19816513536
19816775680
19817037824
19817299968
19817562112
19817824256
19818086400
19818348544
19818610688
19818872832
19819134976
19819397120
19819659264
19819921408
19820183552
19820445696
19820707840
19820969984
19821232128
19821494272
19821756416
19822018560
19822280704
19822542848
19822804992
19823067136
19823329280
19823591424
19823853568
19824115712
19824377856
19824640000
19824902144
19825164288
19825426432
19825688576
19825950720
19826212864
19826475008
19826737152
19826999296
19827261440
19827523584
19827785728
19828047872
19828310016
19828572160
19828834304
19829096448
19829358592
19829620736
19829882880
19830145024
19830407168
19830669312
19830931456
19831193600
19831455744
19831717888
19831980032
19832242176
19832504320
19832766464
19833028608
19833290752
19833552896
19833815040
19834077184
19834339328
19834601472
19834863616
19835125760
19835387904
19835650048
19835912192
19836174336
19836436480
19836698624
19836960768
19837222912
19837485056
19837747200
19838009344
19838271488
19838533632
19838795776
19839057920
19839320064
19839582208
19839844352
19840106496
19840368640
19840630784
19840892928
19841155072
19841417216
19841679360
19841941504
19842203648
19842465792
19842727936
19842990080
19843252224
19843514368
19843776512
19844038656
19844300800
19844562944
19844825088
19845087232
19845349376
19845611520
19845873664
19846135808
19846397952
19846660096
19846922240
19847184384
19847446528
19847708672
19847970816
19848232960
19848495104
19848757248
19849019392
19849281536
19849543680
19849805824
19850067968
19850330112
19850592256
19850854400
19851116544
19851378688
19851640832
19851902976
19852165120
19852427264
19852689408
19852951552
19853213696
19853475840
19853737984
19854000128
19854262272
19854524416
19854786560
19855048704
19855310848
19855572992
19855835136
19856097280
19856359424
19856621568
19856883712
19857145856
19857408000
19857670144
19857932288
19858194432
19858456576
19858718720
19858980864
19859243008
19859505152
19859767296
19860029440
19860291584
19860553728
19860815872
19861078016
19861340160
19861602304
19861864448
19862126592
19862388736
19862650880
19862913024
19863175168
19863437312
19863699456
19863961600
19864223744
19864485888
19864748032
19865010176
19865272320
19865534464
19865796608
19866058752
19866320896
19866583040
19866845184
19867107328
19867369472
19867631616
19867893760
19868155904
19868418048
19868680192
19868942336
19869204480
19869466624
19869728768
19869990912
19870253056
19870515200
19870777344
19871039488
19871301632
19871563776
19871825920
19872088064
19872350208
19872612352
19872874496
19873136640
19873398784
19873660928
19873923072
19874185216
19874447360
19874709504
19874971648
19875233792
19875495936
19875758080
19876020224
19876282368
19876544512
19876806656
19877068800
19877330944
19877593088
19877855232
19878117376
19878379520
19878641664
19878903808
19879165952
19879428096
19879690240
19879952384
19880214528
19880476672
19880738816
19881000960
19881263104
19881525248
19881787392
19882049536
19882311680
19882573824
19882835968
19883098112
19883360256
19883622400
19883884544
19884146688
19884408832
19884670976
19884933120
19885195264
19885457408
19885719552
19885981696
19886243840
19886505984
19886768128
19887030272
19887292416
19887554560
19887816704
19888078848
19888340992
19888603136
19888865280
19889127424
19889389568
19889651712
19889913856
19890176000
19890438144
19890700288
19890962432
19891224576
19891486720
19891748864
19892011008
19892273152
19892535296
19892797440
19893059584
19893321728
19893583872
19893846016
19894108160
19894370304
19894632448
19894894592
19895156736
19895418880
19895681024
19895943168
19896205312
19896467456
19896729600
19896991744
19897253888
19897516032
19897778176
19898040320
19898302464
19898564608
19898826752
19899088896
19899351040
19899613184
19899875328
19900137472
19900399616
19900661760
19900923904
19901186048
19901448192
19901710336
19901972480
19902234624
19902496768
19902758912
19903021056
19903283200
19903545344
19903807488
19904069632
19904331776
19904593920
19904856064
19905118208
19905380352
19905642496
19905904640
19906166784
19906428928
19906691072
19906953216
19907215360
19907477504
19907739648
19908001792
19908263936
19908526080
19908788224
19909050368
19909312512
19909574656
19909836800
19910098944
19910361088
19910623232
19910885376
19911147520
19911409664
19911671808
19911933952
19912196096
19912458240
19912720384
19912982528
19913244672
19913506816
19913768960
19914031104
19914293248
19914555392
19914817536
19915079680
19915341824
19915603968
19915866112
19916128256
19916390400
19916652544
19916914688
19917176832
19917438976
19917701120
19917963264
19918225408
19918487552
19918749696
19919011840
19919273984
19919536128
19919798272
19920060416
19920322560
19920584704
19920846848
19921108992
19921371136
19921633280
19921895424
19922157568
19922419712
19922681856
19922944000
19923206144
19923468288
19923730432
19923992576
19924254720
19924516864
19924779008
19925041152
19925303296
19925565440
19925827584
19926089728
19926351872
19926614016
19926876160
19927138304
19927400448
19927662592
19927924736
19928186880
19928449024
19928711168
19928973312
19929235456
19929497600
19929759744
19930021888
19930284032
19930546176
19930808320
19931070464
19931332608
19931594752
19931856896
19932119040
19932381184
19932643328
19932905472
19933167616
19933429760
19933691904
19933954048
19934216192
19934478336
19934740480
19935002624
19935264768
19935526912
19935789056
19936051200
19936313344
19936575488
19936837632
19937099776
19937361920
19937624064
19937886208
19938148352
19938410496
19938672640
19938934784
19939196928
19939459072
19939721216
19939983360
19940245504
19940507648
19940769792
19941031936
19941294080
19941556224
19941818368
19942080512
19942342656
19942604800
19942866944
19943129088
19943391232
19943653376
19943915520
19944177664
19944439808
19944701952
19944964096
19945226240
19945488384
19945750528
19946012672
19946274816
19946536960
19946799104
19947061248
19947323392
19947585536
19947847680
19948109824
19948371968
19948634112
19948896256
19949158400
19949420544
19949682688
19949944832
19950206976
19950469120
19950731264
19950993408
19951255552
19951517696
19951779840
19952041984
19952304128
19952566272
19952828416
19953090560
19953352704
19953614848
19953876992
19954139136
19954401280
19954663424
19954925568
19955187712
19955449856
19955712000
19955974144
19956236288
19956498432
19956760576
19957022720
19957284864
19957547008
19957809152
19958071296
19958333440
19958595584
19958857728
19959119872
19959382016
19959644160
19959906304
19960168448
19960430592
19960692736
19960954880
19961217024
19961479168
19961741312
19962003456
19962265600
19962527744
19962789888
19963052032
19963314176
19963576320
19963838464
19964100608
19964362752
19964624896
19964887040
19965149184
19965411328
19965673472
19965935616
19966197760
19966459904
19966722048
19966984192
19967246336
19967508480
19967770624
19968032768
19968294912
19968557056
19968819200
19969081344
19969343488
19969605632
19969867776
19970129920
19970392064
19970654208
19970916352
19971178496
19971440640
19971702784
19971964928
19972227072
19972489216
19972751360
19973013504
19973275648
19973537792
19973799936
19974062080
19974324224
19974586368
19974848512
19975110656
19975372800
19975634944
19975897088
19976159232
19976421376
19976683520
19976945664
19977207808
19977469952
19977732096
19977994240
19978256384
19978518528
19978780672
19979042816
19979304960
19979567104
19979829248
19980091392
19980353536
19980615680
19980877824
19981139968
19981402112
19981664256
19981926400
19982188544
19982450688
19982712832
19982974976
19983237120
19983499264
19983761408
19984023552
19984285696
19984547840
19984809984
19985072128
19985334272
19985596416
19985858560
19986120704
19986382848
19986644992
19986907136
19987169280
19987431424
19987693568
19987955712
19988217856
19988480000
19988742144
19989004288
19989266432
19989528576
19989790720
19990052864
19990315008
19990577152
19990839296
19991101440
19991363584
19991625728
19991887872
19992150016
19992412160
19992674304
19992936448
19993198592
19993460736
19993722880
19993985024
19994247168
19994509312
19994771456
19995033600
19995295744
19995557888
19995820032
19996082176
19996344320
19996606464
19996868608
19997130752
19997392896
19997655040
19997917184
19998179328
19998441472
19998703616
19998965760
19999227904
19999490048
19999752192
20000014336
20000276480
20000538624
20000800768
20001062912
20001325056
20001587200
20001849344
20002111488
20002373632
20002635776
20002897920
20003160064
20003422208
20003684352
20003946496
20004208640
20004470784
20004732928
20004995072
20005257216
20005519360
20005781504
20006043648
20006305792
20006567936
20006830080
20007092224
20007354368
20007616512
20007878656
20008140800
20008402944
20008665088
20008927232
20009189376
20009451520
20009713664
20009975808
20010237952
20010500096
20010762240
20011024384
20011286528
20011548672
20011810816
20012072960
20012335104
20012597248
20012859392
20013121536
20013383680
20013645824
20013907968
20014170112
20014432256
20014694400
20014956544
20015218688
20015480832
20015742976
20016005120
20016267264
20016529408
20016791552
20017053696
20017315840
20017577984
20017840128
20018102272
20018364416
20018626560
20018888704
20019150848
20019412992
20019675136
20019937280
20020199424
20020461568
20020723712
20020985856
20021248000
20021510144
20021772288
20022034432
20022296576
20022558720
20022820864
20023083008
20023345152
20023607296
20023869440
20024131584
20024393728
20024655872
20024918016
20025180160
20025442304
20025704448
20025966592
20026228736
20026490880
20026753024
20027015168
20027277312
20027539456
20027801600
20028063744
20028325888
20028588032
20028850176
20029112320
20029374464
20029636608
20029898752
20030160896
20030423040
20030685184
20030947328
20031209472
20031471616
20031733760
20031995904
20032258048
20032520192
20032782336
20033044480
20033306624
20033568768
20033830912
20034093056
20034355200
20034617344
20034879488
20035141632
20035403776
20035665920
20035928064
20036190208
20036452352
20036714496
20036976640
20037238784
20037500928
20037763072
20038025216
20038287360
20038549504
20038811648
20039073792
20039335936
20039598080
20039860224
20040122368
20040384512
20040646656
20040908800
20041170944
20041433088
20041695232
20041957376
20042219520
20042481664
20042743808
20043005952
20043268096
20043530240
20043792384
20044054528
20044316672
20044578816
20044840960
20045103104
20045365248
20045627392
20045889536
20046151680
20046413824
20046675968
20046938112
20047200256
20047462400
20047724544
20047986688
20048248832
20048510976
20048773120
20049035264
20049297408
20049559552
20049821696
20050083840
20050345984
20050608128
20050870272
20051132416
20051394560
20051656704
20051918848
20052180992
20052443136
20052705280
20052967424
20053229568
20053491712
20053753856
20054016000
20054278144
20054540288
20054802432
20055064576
20055326720
20055588864
20055851008
20056113152
20056375296
20056637440
20056899584
20057161728
20057423872
20057686016
20057948160
20058210304
20058472448
20058734592
20058996736
20059258880
20059521024
20059783168
20060045312
20060307456
20060569600
20060831744
20061093888
20061356032
20061618176
20061880320
20062142464
20062404608
20062666752
20062928896
20063191040
20063453184
20063715328
20063977472
20064239616
20064501760
20064763904
20065026048
20065288192
20065550336
20065812480
20066074624
20066336768
20066598912
20066861056
20067123200
20067385344
20067647488
20067909632
20068171776
20068433920
20068696064
20068958208
20069220352
20069482496
20069744640
20070006784
20070268928
20070531072
20070793216
20071055360
20071317504
20071579648
20071841792
20072103936
20072366080
20072628224
20072890368
20073152512
20073414656
20073676800
20073938944
20074201088
20074463232
20074725376
20074987520
20075249664
20075511808
20075773952
20076036096
20076298240
20076560384
20076822528
20077084672
20077346816
20077608960
20077871104
20078133248
20078395392
20078657536
20078919680
20079181824
20079443968
20079706112
20079968256
20080230400
20080492544
20080754688
20081016832
20081278976
20081541120
20081803264
20082065408
20082327552
20082589696
20082851840
20083113984
20083376128
20083638272
20083900416
20084162560
20084424704
20084686848
20084948992
20085211136
20085473280
20085735424
20085997568
20086259712
20086521856
20086784000
20087046144
20087308288
20087570432
20087832576
20088094720
20088356864
20088619008
20088881152
20089143296
20089405440
20089667584
20089929728
20090191872
20090454016
20090716160
20090978304
20091240448
20091502592
20091764736
20092026880
20092289024
20092551168
20092813312
20093075456
20093337600
20093599744
20093861888
20094124032
20094386176
20094648320
20094910464
20095172608
20095434752
20095696896
20095959040
20096221184
20096483328
20096745472
20097007616
20097269760
20097531904
20097794048
20098056192
20098318336
20098580480
20098842624
20099104768
20099366912
20099629056
20099891200
20100153344
20100415488
20100677632
20100939776
20101201920
20101464064
20101726208
20101988352
20102250496
20102512640
20102774784
20103036928
20103299072
20103561216
20103823360
20104085504
20104347648
20104609792
20104871936
20105134080
20105396224
20105658368
20105920512
20106182656
20106444800
20106706944
20106969088
20107231232
20107493376
20107755520
20108017664
20108279808
20108541952
20108804096
20109066240
20109328384
20109590528
20109852672
20110114816
20110376960
20110639104
20110901248
20111163392
20111425536
20111687680
20111949824
20112211968
20112474112
20112736256
20112998400
20113260544
20113522688
20113784832
20114046976
20114309120
20114571264
20114833408
20115095552
20115357696
20115619840
20115881984
20116144128
20116406272
20116668416
20116930560
20117192704
20117454848
20117716992
20117979136
20118241280
20118503424
20118765568
20119027712
20119289856
20119552000
20119814144
20120076288
20120338432
20120600576
20120862720
20121124864
20121387008
20121649152
20121911296
20122173440
20122435584
20122697728
20122959872
20123222016
20123484160
20123746304
20124008448
20124270592
20124532736
20124794880
20125057024
20125319168
